Age,BusinessTravel_Travel_Rarely,BusinessTravel_Travel_Frequently,BusinessTravel_Non-Travel,DailyRate,Department_Sales,Department_Research & Development,Department_Human Resources,DistanceFromHome,Education,EducationField_Marketing,EducationField_Medical,EducationField_Life Sciences,EducationField_Human Resources,EducationField_Technical Degree,EducationField_Other,EmployeeCount,EmployeeNumber,EnvironmentSatisfaction,Gender,HourlyRate,JobInvolvement,JobLevel,JobRole_Manager,JobRole_Laboratory Technician,JobRole_Sales Executive,JobRole_Manufacturing Director,JobRole_Research Director,JobRole_Research Scientist,JobRole_Human Resources,JobRole_Healthcare Representative,JobRole_Sales Representative,JobSatisfaction,MaritalStatus_Single,MaritalStatus_Married,MaritalStatus_Divorced,MonthlyIncome,MonthlyRate,NumCompaniesWorked,Over18_Y,OverTime,PercentSalaryHike,PerformanceRating,RelationshipSatisfaction,StandardHours,StockOptionLevel,TotalWorkingYears,TrainingTimesLastYear,WorkLifeBalance,YearsAtCompany,YearsInCurrentRole,YearsSinceLastPromotion,YearsWithCurrManager,Attrition
46.0,1.0,0.0,0.0,705.0,1.0,0.0,0.0,2.0,4.0,1.0,0.0,0.0,0.0,0.0,0.0,1.0,38.0,2.0,0.0,83.0,3.0,5.0,1.0,0.0,0.0,0.0,0.0,0.0,0.0,0.0,0.0,1.0,1.0,0.0,0.0,18947.0,22822.0,3.0,1.0,0.0,12.0,3.0,4.0,80.0,0.0,22.0,2.0,2.0,2.0,2.0,2.0,1.0,0
51.0,0.0,1.0,0.0,968.0,0.0,1.0,0.0,6.0,2.0,0.0,1.0,0.0,0.0,0.0,0.0,1.0,1297.0,2.0,0.0,40.0,2.0,1.0,0.0,1.0,0.0,0.0,0.0,0.0,0.0,0.0,0.0,3.0,1.0,0.0,0.0,2838.0,4257.0,0.0,1.0,0.0,14.0,3.0,2.0,80.0,0.0,8.0,6.0,2.0,7.0,0.0,7.0,7.0,0
43.0,1.0,0.0,0.0,1179.0,1.0,0.0,0.0,2.0,3.0,0.0,1.0,0.0,0.0,0.0,0.0,1.0,1706.0,4.0,1.0,73.0,3.0,2.0,0.0,0.0,1.0,0.0,0.0,0.0,0.0,0.0,0.0,4.0,0.0,1.0,0.0,7847.0,6069.0,1.0,1.0,1.0,17.0,3.0,1.0,80.0,1.0,10.0,3.0,3.0,10.0,9.0,8.0,8.0,0
39.0,0.0,0.0,1.0,105.0,0.0,1.0,0.0,9.0,3.0,0.0,0.0,1.0,0.0,0.0,0.0,1.0,2022.0,4.0,1.0,87.0,3.0,5.0,1.0,0.0,0.0,0.0,0.0,0.0,0.0,0.0,0.0,4.0,1.0,0.0,0.0,19431.0,15302.0,2.0,1.0,0.0,13.0,3.0,3.0,80.0,0.0,21.0,3.0,2.0,6.0,0.0,1.0,3.0,0
36.0,1.0,0.0,0.0,1174.0,1.0,0.0,0.0,3.0,4.0,1.0,0.0,0.0,0.0,0.0,0.0,1.0,1425.0,1.0,0.0,99.0,3.0,2.0,0.0,0.0,1.0,0.0,0.0,0.0,0.0,0.0,0.0,2.0,1.0,0.0,0.0,9278.0,20763.0,3.0,1.0,1.0,16.0,3.0,4.0,80.0,0.0,15.0,3.0,3.0,5.0,4.0,0.0,1.0,0
42.0,0.0,0.0,1.0,926.0,0.0,1.0,0.0,21.0,2.0,0.0,1.0,0.0,0.0,0.0,0.0,1.0,270.0,3.0,0.0,36.0,3.0,2.0,0.0,0.0,0.0,1.0,0.0,0.0,0.0,0.0,0.0,3.0,0.0,0.0,1.0,5265.0,16439.0,2.0,1.0,0.0,16.0,3.0,2.0,80.0,1.0,11.0,5.0,3.0,5.0,3.0,0.0,2.0,0
31.0,1.0,0.0,0.0,182.0,0.0,1.0,0.0,8.0,5.0,0.0,0.0,1.0,0.0,0.0,0.0,1.0,1430.0,1.0,0.0,93.0,3.0,4.0,0.0,0.0,0.0,0.0,1.0,0.0,0.0,0.0,0.0,2.0,1.0,0.0,0.0,16422.0,8847.0,3.0,1.0,0.0,11.0,3.0,3.0,80.0,0.0,9.0,3.0,4.0,3.0,2.0,1.0,0.0,0
42.0,1.0,0.0,0.0,1265.0,0.0,1.0,0.0,3.0,3.0,0.0,0.0,1.0,0.0,0.0,0.0,1.0,894.0,3.0,0.0,95.0,4.0,2.0,0.0,1.0,0.0,0.0,0.0,0.0,0.0,0.0,0.0,4.0,0.0,1.0,0.0,5231.0,23726.0,2.0,1.0,1.0,13.0,3.0,2.0,80.0,1.0,17.0,1.0,2.0,5.0,3.0,1.0,3.0,0
34.0,1.0,0.0,0.0,511.0,1.0,0.0,0.0,3.0,2.0,0.0,0.0,1.0,0.0,0.0,0.0,1.0,1779.0,4.0,0.0,32.0,1.0,2.0,0.0,0.0,1.0,0.0,0.0,0.0,0.0,0.0,0.0,4.0,1.0,0.0,0.0,6029.0,25353.0,5.0,1.0,0.0,12.0,3.0,1.0,80.0,0.0,6.0,3.0,3.0,2.0,2.0,2.0,2.0,0
31.0,1.0,0.0,0.0,330.0,0.0,1.0,0.0,22.0,4.0,0.0,1.0,0.0,0.0,0.0,0.0,1.0,1389.0,4.0,1.0,98.0,3.0,2.0,0.0,0.0,0.0,1.0,0.0,0.0,0.0,0.0,0.0,3.0,0.0,1.0,0.0,6179.0,21057.0,1.0,1.0,1.0,15.0,3.0,4.0,80.0,2.0,10.0,3.0,2.0,10.0,2.0,6.0,7.0,1
32.0,0.0,1.0,0.0,238.0,0.0,1.0,0.0,5.0,2.0,0.0,0.0,1.0,0.0,0.0,0.0,1.0,1939.0,1.0,0.0,47.0,4.0,1.0,0.0,0.0,0.0,0.0,0.0,1.0,0.0,0.0,0.0,3.0,1.0,0.0,0.0,2432.0,15318.0,3.0,1.0,1.0,14.0,3.0,1.0,80.0,0.0,8.0,2.0,3.0,4.0,1.0,0.0,3.0,1
40.0,0.0,0.0,1.0,218.0,0.0,1.0,0.0,8.0,1.0,0.0,1.0,0.0,0.0,0.0,0.0,1.0,1468.0,4.0,1.0,55.0,2.0,3.0,0.0,0.0,0.0,0.0,1.0,0.0,0.0,0.0,0.0,2.0,0.0,0.0,1.0,13757.0,25178.0,2.0,1.0,0.0,11.0,3.0,3.0,80.0,1.0,16.0,5.0,3.0,9.0,8.0,4.0,8.0,0
33.0,1.0,0.0,0.0,147.0,0.0,0.0,1.0,2.0,3.0,0.0,0.0,0.0,1.0,0.0,0.0,1.0,1207.0,2.0,1.0,99.0,3.0,1.0,0.0,0.0,0.0,0.0,0.0,0.0,1.0,0.0,0.0,3.0,0.0,1.0,0.0,3600.0,8429.0,1.0,1.0,0.0,13.0,3.0,4.0,80.0,1.0,5.0,2.0,3.0,5.0,4.0,1.0,4.0,0
41.0,1.0,0.0,0.0,645.0,1.0,0.0,0.0,1.0,3.0,1.0,0.0,0.0,0.0,0.0,0.0,1.0,534.0,2.0,1.0,49.0,4.0,3.0,0.0,0.0,1.0,0.0,0.0,0.0,0.0,0.0,0.0,1.0,0.0,1.0,0.0,8392.0,19566.0,1.0,1.0,0.0,16.0,3.0,3.0,80.0,1.0,10.0,2.0,3.0,10.0,7.0,0.0,7.0,0
46.0,0.0,1.0,0.0,638.0,0.0,1.0,0.0,1.0,3.0,0.0,1.0,0.0,0.0,0.0,0.0,1.0,124.0,3.0,1.0,40.0,2.0,3.0,0.0,0.0,0.0,0.0,0.0,0.0,0.0,1.0,0.0,1.0,0.0,1.0,0.0,10673.0,3142.0,2.0,1.0,1.0,13.0,3.0,3.0,80.0,1.0,21.0,5.0,2.0,10.0,9.0,9.0,5.0,0
36.0,1.0,0.0,0.0,429.0,0.0,1.0,0.0,2.0,4.0,0.0,0.0,1.0,0.0,0.0,0.0,1.0,1294.0,3.0,0.0,53.0,3.0,2.0,0.0,0.0,0.0,1.0,0.0,0.0,0.0,0.0,0.0,2.0,1.0,0.0,0.0,5410.0,2323.0,9.0,1.0,1.0,11.0,3.0,4.0,80.0,0.0,18.0,2.0,3.0,16.0,14.0,5.0,12.0,0
20.0,1.0,0.0,0.0,1097.0,0.0,1.0,0.0,11.0,3.0,0.0,1.0,0.0,0.0,0.0,0.0,1.0,1016.0,4.0,0.0,98.0,2.0,1.0,0.0,0.0,0.0,0.0,0.0,1.0,0.0,0.0,0.0,1.0,1.0,0.0,0.0,2600.0,18275.0,1.0,1.0,1.0,15.0,3.0,1.0,80.0,0.0,1.0,2.0,3.0,1.0,0.0,0.0,0.0,1
29.0,1.0,0.0,0.0,1401.0,0.0,1.0,0.0,6.0,1.0,0.0,1.0,0.0,0.0,0.0,0.0,1.0,1192.0,2.0,0.0,54.0,3.0,1.0,0.0,1.0,0.0,0.0,0.0,0.0,0.0,0.0,0.0,4.0,0.0,1.0,0.0,3131.0,26342.0,1.0,1.0,0.0,13.0,3.0,1.0,80.0,1.0,10.0,5.0,3.0,10.0,8.0,0.0,8.0,0
47.0,1.0,0.0,0.0,983.0,0.0,1.0,0.0,2.0,2.0,0.0,1.0,0.0,0.0,0.0,0.0,1.0,574.0,1.0,0.0,65.0,3.0,2.0,0.0,0.0,0.0,1.0,0.0,0.0,0.0,0.0,0.0,4.0,0.0,0.0,1.0,5070.0,7389.0,5.0,1.0,0.0,13.0,3.0,3.0,80.0,3.0,20.0,2.0,3.0,5.0,0.0,0.0,4.0,0
23.0,1.0,0.0,0.0,1243.0,0.0,1.0,0.0,6.0,3.0,0.0,0.0,1.0,0.0,0.0,0.0,1.0,811.0,3.0,1.0,63.0,4.0,1.0,0.0,1.0,0.0,0.0,0.0,0.0,0.0,0.0,0.0,1.0,0.0,1.0,0.0,1601.0,3445.0,1.0,1.0,1.0,21.0,4.0,3.0,80.0,2.0,1.0,2.0,3.0,0.0,0.0,0.0,0.0,1
55.0,1.0,0.0,0.0,111.0,1.0,0.0,0.0,1.0,2.0,0.0,0.0,1.0,0.0,0.0,0.0,1.0,106.0,1.0,1.0,70.0,3.0,3.0,0.0,0.0,1.0,0.0,0.0,0.0,0.0,0.0,0.0,4.0,0.0,1.0,0.0,10239.0,18092.0,3.0,1.0,0.0,14.0,3.0,4.0,80.0,1.0,24.0,4.0,3.0,1.0,0.0,1.0,0.0,0
34.0,1.0,0.0,0.0,704.0,1.0,0.0,0.0,28.0,3.0,1.0,0.0,0.0,0.0,0.0,0.0,1.0,2035.0,4.0,0.0,95.0,2.0,2.0,0.0,0.0,1.0,0.0,0.0,0.0,0.0,0.0,0.0,3.0,0.0,1.0,0.0,6712.0,8978.0,1.0,1.0,0.0,21.0,4.0,4.0,80.0,2.0,8.0,2.0,3.0,8.0,7.0,1.0,7.0,0
38.0,1.0,0.0,0.0,130.0,1.0,0.0,0.0,2.0,2.0,1.0,0.0,0.0,0.0,0.0,0.0,1.0,1125.0,4.0,1.0,32.0,3.0,3.0,0.0,0.0,1.0,0.0,0.0,0.0,0.0,0.0,0.0,2.0,1.0,0.0,0.0,7351.0,20619.0,7.0,1.0,0.0,16.0,3.0,3.0,80.0,0.0,10.0,2.0,3.0,1.0,0.0,0.0,0.0,0
54.0,1.0,0.0,0.0,1217.0,0.0,1.0,0.0,2.0,4.0,0.0,0.0,0.0,0.0,1.0,0.0,1.0,126.0,1.0,0.0,60.0,3.0,3.0,0.0,0.0,0.0,0.0,1.0,0.0,0.0,0.0,0.0,3.0,0.0,1.0,0.0,13549.0,24001.0,9.0,1.0,0.0,12.0,3.0,1.0,80.0,1.0,16.0,5.0,1.0,4.0,3.0,0.0,3.0,0
43.0,1.0,0.0,0.0,920.0,0.0,1.0,0.0,3.0,3.0,0.0,0.0,1.0,0.0,0.0,0.0,1.0,1255.0,3.0,1.0,96.0,1.0,5.0,0.0,0.0,0.0,0.0,1.0,0.0,0.0,0.0,0.0,4.0,0.0,1.0,0.0,19740.0,18625.0,3.0,1.0,0.0,14.0,3.0,2.0,80.0,1.0,25.0,2.0,3.0,8.0,7.0,0.0,7.0,0
35.0,1.0,0.0,0.0,982.0,0.0,1.0,0.0,1.0,4.0,0.0,1.0,0.0,0.0,0.0,0.0,1.0,1172.0,4.0,1.0,58.0,2.0,1.0,0.0,1.0,0.0,0.0,0.0,0.0,0.0,0.0,0.0,3.0,0.0,1.0,0.0,2258.0,16340.0,6.0,1.0,0.0,12.0,3.0,2.0,80.0,1.0,10.0,2.0,3.0,8.0,0.0,1.0,7.0,0
50.0,1.0,0.0,0.0,1322.0,0.0,1.0,0.0,28.0,3.0,0.0,0.0,1.0,0.0,0.0,0.0,1.0,1317.0,4.0,0.0,43.0,3.0,4.0,0.0,0.0,0.0,0.0,1.0,0.0,0.0,0.0,0.0,1.0,0.0,1.0,0.0,16880.0,22422.0,4.0,1.0,1.0,11.0,3.0,2.0,80.0,0.0,25.0,2.0,3.0,3.0,2.0,1.0,2.0,0
31.0,0.0,1.0,0.0,163.0,0.0,1.0,0.0,24.0,1.0,0.0,0.0,0.0,0.0,1.0,0.0,1.0,1736.0,4.0,0.0,30.0,3.0,2.0,0.0,0.0,0.0,1.0,0.0,0.0,0.0,0.0,0.0,4.0,1.0,0.0,0.0,5238.0,6670.0,2.0,1.0,0.0,20.0,4.0,4.0,80.0,0.0,9.0,3.0,2.0,5.0,4.0,1.0,4.0,0
55.0,1.0,0.0,0.0,685.0,1.0,0.0,0.0,26.0,5.0,1.0,0.0,0.0,0.0,0.0,0.0,1.0,1578.0,3.0,1.0,60.0,2.0,5.0,1.0,0.0,0.0,0.0,0.0,0.0,0.0,0.0,0.0,4.0,0.0,1.0,0.0,19586.0,23037.0,1.0,1.0,0.0,21.0,4.0,3.0,80.0,1.0,36.0,3.0,3.0,36.0,6.0,2.0,13.0,0
38.0,1.0,0.0,0.0,168.0,0.0,1.0,0.0,1.0,3.0,0.0,0.0,1.0,0.0,0.0,0.0,1.0,743.0,3.0,0.0,81.0,3.0,3.0,0.0,0.0,0.0,1.0,0.0,0.0,0.0,0.0,0.0,3.0,1.0,0.0,0.0,7861.0,15397.0,4.0,1.0,1.0,14.0,3.0,4.0,80.0,0.0,10.0,4.0,4.0,1.0,0.0,0.0,0.0,0
56.0,0.0,1.0,0.0,1240.0,0.0,1.0,0.0,9.0,3.0,0.0,1.0,0.0,0.0,0.0,0.0,1.0,1071.0,1.0,0.0,63.0,3.0,1.0,0.0,0.0,0.0,0.0,0.0,1.0,0.0,0.0,0.0,3.0,0.0,1.0,0.0,2942.0,12154.0,2.0,1.0,0.0,19.0,3.0,2.0,80.0,1.0,18.0,4.0,3.0,5.0,4.0,0.0,3.0,0
34.0,1.0,0.0,0.0,1351.0,0.0,1.0,0.0,1.0,4.0,0.0,0.0,1.0,0.0,0.0,0.0,1.0,1580.0,2.0,1.0,45.0,3.0,2.0,0.0,0.0,0.0,0.0,0.0,1.0,0.0,0.0,0.0,4.0,0.0,1.0,0.0,5484.0,13008.0,9.0,1.0,0.0,17.0,3.0,2.0,80.0,1.0,9.0,3.0,2.0,2.0,2.0,2.0,1.0,0
39.0,1.0,0.0,0.0,613.0,0.0,1.0,0.0,6.0,1.0,0.0,1.0,0.0,0.0,0.0,0.0,1.0,2062.0,4.0,1.0,42.0,2.0,3.0,0.0,0.0,0.0,0.0,0.0,0.0,0.0,1.0,0.0,1.0,0.0,1.0,0.0,9991.0,21457.0,4.0,1.0,0.0,15.0,3.0,1.0,80.0,1.0,9.0,5.0,3.0,7.0,7.0,1.0,7.0,0
40.0,1.0,0.0,0.0,630.0,1.0,0.0,0.0,4.0,4.0,1.0,0.0,0.0,0.0,0.0,0.0,1.0,215.0,3.0,1.0,67.0,2.0,3.0,0.0,0.0,1.0,0.0,0.0,0.0,0.0,0.0,0.0,4.0,0.0,1.0,0.0,10855.0,8552.0,7.0,1.0,0.0,11.0,3.0,1.0,80.0,1.0,15.0,2.0,2.0,12.0,11.0,2.0,11.0,0
34.0,0.0,0.0,1.0,999.0,0.0,1.0,0.0,26.0,1.0,0.0,0.0,0.0,0.0,1.0,0.0,1.0,1374.0,1.0,0.0,92.0,2.0,1.0,0.0,0.0,0.0,0.0,0.0,1.0,0.0,0.0,0.0,3.0,0.0,0.0,1.0,2029.0,15891.0,1.0,1.0,0.0,20.0,4.0,3.0,80.0,3.0,5.0,2.0,3.0,5.0,4.0,0.0,0.0,0
35.0,1.0,0.0,0.0,556.0,0.0,1.0,0.0,23.0,2.0,0.0,0.0,1.0,0.0,0.0,0.0,1.0,261.0,2.0,1.0,50.0,2.0,2.0,0.0,0.0,0.0,1.0,0.0,0.0,0.0,0.0,0.0,3.0,0.0,1.0,0.0,5916.0,15497.0,3.0,1.0,1.0,13.0,3.0,1.0,80.0,0.0,8.0,1.0,3.0,1.0,0.0,0.0,1.0,1
50.0,1.0,0.0,0.0,804.0,0.0,1.0,0.0,9.0,3.0,0.0,0.0,1.0,0.0,0.0,0.0,1.0,1030.0,1.0,1.0,64.0,3.0,1.0,0.0,1.0,0.0,0.0,0.0,0.0,0.0,0.0,0.0,4.0,0.0,1.0,0.0,2380.0,20165.0,4.0,1.0,0.0,18.0,3.0,2.0,80.0,0.0,8.0,5.0,3.0,1.0,0.0,0.0,0.0,0
55.0,1.0,0.0,0.0,1117.0,1.0,0.0,0.0,18.0,5.0,0.0,0.0,1.0,0.0,0.0,0.0,1.0,597.0,1.0,0.0,83.0,3.0,4.0,1.0,0.0,0.0,0.0,0.0,0.0,0.0,0.0,0.0,2.0,1.0,0.0,0.0,16835.0,9873.0,3.0,1.0,0.0,23.0,4.0,4.0,80.0,0.0,37.0,2.0,3.0,10.0,9.0,7.0,7.0,0
60.0,1.0,0.0,0.0,370.0,0.0,1.0,0.0,1.0,4.0,0.0,1.0,0.0,0.0,0.0,0.0,1.0,1697.0,3.0,1.0,92.0,1.0,3.0,0.0,0.0,0.0,0.0,0.0,0.0,0.0,1.0,0.0,4.0,0.0,0.0,1.0,10883.0,20467.0,3.0,1.0,0.0,20.0,4.0,3.0,80.0,1.0,19.0,2.0,4.0,1.0,0.0,0.0,0.0,0
50.0,0.0,1.0,0.0,878.0,1.0,0.0,0.0,1.0,4.0,0.0,0.0,1.0,0.0,0.0,0.0,1.0,2044.0,2.0,1.0,94.0,3.0,2.0,0.0,0.0,1.0,0.0,0.0,0.0,0.0,0.0,0.0,3.0,0.0,0.0,1.0,6728.0,14255.0,7.0,1.0,0.0,12.0,3.0,4.0,80.0,2.0,12.0,3.0,3.0,6.0,3.0,0.0,1.0,1
33.0,1.0,0.0,0.0,147.0,0.0,1.0,0.0,4.0,4.0,0.0,1.0,0.0,0.0,0.0,0.0,1.0,305.0,3.0,0.0,47.0,2.0,1.0,0.0,0.0,0.0,0.0,0.0,1.0,0.0,0.0,0.0,2.0,0.0,1.0,0.0,2622.0,13248.0,6.0,1.0,0.0,21.0,4.0,4.0,80.0,0.0,7.0,3.0,3.0,3.0,2.0,1.0,1.0,0
50.0,1.0,0.0,0.0,410.0,1.0,0.0,0.0,28.0,3.0,1.0,0.0,0.0,0.0,0.0,0.0,1.0,2055.0,4.0,1.0,39.0,2.0,3.0,0.0,0.0,1.0,0.0,0.0,0.0,0.0,0.0,0.0,1.0,0.0,0.0,1.0,10854.0,16586.0,4.0,1.0,1.0,13.0,3.0,2.0,80.0,1.0,20.0,3.0,3.0,3.0,2.0,2.0,0.0,1
33.0,1.0,0.0,0.0,586.0,1.0,0.0,0.0,1.0,3.0,0.0,1.0,0.0,0.0,0.0,0.0,1.0,855.0,1.0,1.0,48.0,4.0,2.0,0.0,0.0,1.0,0.0,0.0,0.0,0.0,0.0,0.0,1.0,0.0,0.0,1.0,4037.0,21816.0,1.0,1.0,0.0,22.0,4.0,1.0,80.0,1.0,9.0,5.0,3.0,9.0,8.0,0.0,8.0,0
41.0,1.0,0.0,0.0,1276.0,1.0,0.0,0.0,2.0,5.0,0.0,0.0,1.0,0.0,0.0,0.0,1.0,625.0,2.0,0.0,91.0,3.0,4.0,1.0,0.0,0.0,0.0,0.0,0.0,0.0,0.0,0.0,1.0,0.0,1.0,0.0,16595.0,5626.0,7.0,1.0,0.0,16.0,3.0,2.0,80.0,1.0,22.0,2.0,3.0,18.0,16.0,11.0,8.0,0
40.0,0.0,1.0,0.0,1395.0,0.0,1.0,0.0,26.0,3.0,0.0,1.0,0.0,0.0,0.0,0.0,1.0,202.0,2.0,0.0,54.0,3.0,2.0,0.0,0.0,0.0,0.0,0.0,1.0,0.0,0.0,0.0,2.0,0.0,0.0,1.0,5605.0,8504.0,1.0,1.0,0.0,11.0,3.0,1.0,80.0,1.0,20.0,2.0,3.0,20.0,7.0,2.0,13.0,0
37.0,1.0,0.0,0.0,1319.0,0.0,1.0,0.0,6.0,3.0,0.0,1.0,0.0,0.0,0.0,0.0,1.0,474.0,3.0,1.0,51.0,4.0,2.0,0.0,0.0,0.0,0.0,0.0,1.0,0.0,0.0,0.0,1.0,0.0,0.0,1.0,5974.0,17001.0,4.0,1.0,1.0,13.0,3.0,1.0,80.0,2.0,13.0,2.0,3.0,7.0,7.0,6.0,7.0,0
45.0,1.0,0.0,0.0,1448.0,0.0,1.0,0.0,29.0,3.0,0.0,0.0,0.0,0.0,1.0,0.0,1.0,1465.0,2.0,1.0,55.0,3.0,3.0,0.0,0.0,0.0,1.0,0.0,0.0,0.0,0.0,0.0,4.0,0.0,1.0,0.0,9380.0,14720.0,4.0,1.0,1.0,18.0,3.0,4.0,80.0,2.0,10.0,4.0,4.0,3.0,1.0,1.0,2.0,0
34.0,1.0,0.0,0.0,1303.0,0.0,1.0,0.0,2.0,4.0,0.0,0.0,1.0,0.0,0.0,0.0,1.0,579.0,4.0,1.0,62.0,2.0,1.0,0.0,0.0,0.0,0.0,0.0,1.0,0.0,0.0,0.0,3.0,0.0,0.0,1.0,2768.0,8416.0,3.0,1.0,0.0,12.0,3.0,3.0,80.0,1.0,14.0,3.0,3.0,7.0,3.0,5.0,7.0,0
42.0,1.0,0.0,0.0,557.0,0.0,1.0,0.0,18.0,4.0,0.0,0.0,1.0,0.0,0.0,0.0,1.0,1998.0,4.0,1.0,35.0,3.0,2.0,0.0,0.0,0.0,0.0,0.0,1.0,0.0,0.0,0.0,1.0,0.0,0.0,1.0,5410.0,11189.0,6.0,1.0,1.0,17.0,3.0,3.0,80.0,1.0,9.0,3.0,2.0,4.0,3.0,1.0,2.0,0
47.0,1.0,0.0,0.0,1001.0,0.0,1.0,0.0,4.0,3.0,0.0,0.0,1.0,0.0,0.0,0.0,1.0,1827.0,3.0,0.0,92.0,2.0,3.0,0.0,0.0,0.0,1.0,0.0,0.0,0.0,0.0,0.0,2.0,0.0,0.0,1.0,10333.0,19271.0,8.0,1.0,1.0,12.0,3.0,3.0,80.0,1.0,28.0,4.0,3.0,22.0,11.0,14.0,10.0,0
42.0,0.0,0.0,1.0,495.0,0.0,1.0,0.0,2.0,1.0,0.0,0.0,1.0,0.0,0.0,0.0,1.0,1334.0,3.0,1.0,37.0,3.0,4.0,1.0,0.0,0.0,0.0,0.0,0.0,0.0,0.0,0.0,3.0,0.0,1.0,0.0,17861.0,26582.0,0.0,1.0,1.0,13.0,3.0,4.0,80.0,0.0,21.0,3.0,2.0,20.0,8.0,2.0,10.0,0
49.0,0.0,1.0,0.0,636.0,0.0,1.0,0.0,10.0,4.0,0.0,0.0,1.0,0.0,0.0,0.0,1.0,396.0,3.0,0.0,35.0,3.0,5.0,0.0,0.0,0.0,0.0,1.0,0.0,0.0,0.0,0.0,1.0,1.0,0.0,0.0,18665.0,25594.0,9.0,1.0,1.0,11.0,3.0,4.0,80.0,0.0,22.0,4.0,3.0,3.0,2.0,1.0,2.0,0
36.0,1.0,0.0,0.0,660.0,0.0,1.0,0.0,15.0,3.0,0.0,0.0,0.0,0.0,0.0,1.0,1.0,1052.0,1.0,1.0,81.0,3.0,2.0,0.0,1.0,0.0,0.0,0.0,0.0,0.0,0.0,0.0,3.0,0.0,0.0,1.0,4834.0,7858.0,7.0,1.0,0.0,14.0,3.0,2.0,80.0,1.0,9.0,3.0,2.0,1.0,0.0,0.0,0.0,1
43.0,1.0,0.0,0.0,574.0,0.0,1.0,0.0,11.0,3.0,0.0,0.0,1.0,0.0,0.0,0.0,1.0,1971.0,1.0,1.0,30.0,3.0,3.0,0.0,0.0,0.0,0.0,0.0,0.0,0.0,1.0,0.0,3.0,0.0,1.0,0.0,7510.0,16873.0,1.0,1.0,0.0,17.0,3.0,2.0,80.0,1.0,10.0,1.0,3.0,10.0,9.0,0.0,9.0,0
38.0,1.0,0.0,0.0,903.0,0.0,1.0,0.0,2.0,3.0,0.0,1.0,0.0,0.0,0.0,0.0,1.0,1573.0,3.0,1.0,81.0,3.0,2.0,0.0,0.0,0.0,1.0,0.0,0.0,0.0,0.0,0.0,2.0,0.0,1.0,0.0,4855.0,7653.0,4.0,1.0,0.0,11.0,3.0,1.0,80.0,2.0,7.0,2.0,3.0,5.0,2.0,1.0,4.0,1
19.0,1.0,0.0,0.0,419.0,1.0,0.0,0.0,21.0,3.0,0.0,0.0,0.0,0.0,0.0,1.0,1.0,959.0,4.0,1.0,37.0,2.0,1.0,0.0,0.0,0.0,0.0,0.0,0.0,0.0,0.0,1.0,2.0,1.0,0.0,0.0,2121.0,9947.0,1.0,1.0,1.0,13.0,3.0,2.0,80.0,0.0,1.0,3.0,4.0,1.0,0.0,0.0,0.0,1
38.0,0.0,1.0,0.0,240.0,0.0,1.0,0.0,2.0,4.0,0.0,0.0,1.0,0.0,0.0,0.0,1.0,803.0,1.0,0.0,75.0,4.0,2.0,0.0,0.0,0.0,1.0,0.0,0.0,0.0,0.0,0.0,1.0,1.0,0.0,0.0,5980.0,26085.0,6.0,1.0,1.0,12.0,3.0,4.0,80.0,0.0,17.0,2.0,3.0,15.0,7.0,4.0,12.0,0
39.0,1.0,0.0,0.0,408.0,0.0,1.0,0.0,2.0,4.0,0.0,0.0,0.0,0.0,1.0,0.0,1.0,721.0,4.0,0.0,80.0,2.0,2.0,0.0,0.0,0.0,0.0,0.0,0.0,0.0,1.0,0.0,3.0,1.0,0.0,0.0,4553.0,20978.0,1.0,1.0,0.0,11.0,3.0,1.0,80.0,0.0,20.0,4.0,3.0,20.0,7.0,11.0,10.0,0
32.0,0.0,1.0,0.0,1311.0,0.0,1.0,0.0,7.0,3.0,0.0,0.0,1.0,0.0,0.0,0.0,1.0,359.0,2.0,1.0,100.0,4.0,1.0,0.0,1.0,0.0,0.0,0.0,0.0,0.0,0.0,0.0,2.0,0.0,1.0,0.0,2794.0,26062.0,1.0,1.0,0.0,20.0,4.0,3.0,80.0,0.0,5.0,3.0,1.0,5.0,1.0,0.0,3.0,0
19.0,1.0,0.0,0.0,303.0,0.0,1.0,0.0,2.0,3.0,0.0,0.0,1.0,0.0,0.0,0.0,1.0,243.0,2.0,1.0,47.0,2.0,1.0,0.0,1.0,0.0,0.0,0.0,0.0,0.0,0.0,0.0,4.0,1.0,0.0,0.0,1102.0,9241.0,1.0,1.0,0.0,22.0,4.0,3.0,80.0,0.0,1.0,3.0,2.0,1.0,0.0,1.0,0.0,1
29.0,1.0,0.0,0.0,896.0,0.0,1.0,0.0,18.0,1.0,0.0,1.0,0.0,0.0,0.0,0.0,1.0,315.0,3.0,1.0,86.0,2.0,1.0,0.0,0.0,0.0,0.0,0.0,1.0,0.0,0.0,0.0,4.0,1.0,0.0,0.0,2389.0,14961.0,1.0,1.0,1.0,13.0,3.0,3.0,80.0,0.0,4.0,3.0,2.0,4.0,3.0,0.0,1.0,1
38.0,1.0,0.0,0.0,1084.0,0.0,1.0,0.0,29.0,3.0,0.0,0.0,0.0,0.0,1.0,0.0,1.0,273.0,4.0,1.0,54.0,3.0,2.0,0.0,0.0,0.0,1.0,0.0,0.0,0.0,0.0,0.0,4.0,0.0,1.0,0.0,6261.0,4185.0,3.0,1.0,0.0,18.0,3.0,1.0,80.0,1.0,9.0,3.0,1.0,7.0,7.0,1.0,7.0,0
36.0,0.0,0.0,1.0,1105.0,0.0,1.0,0.0,24.0,4.0,0.0,0.0,1.0,0.0,0.0,0.0,1.0,419.0,2.0,0.0,47.0,3.0,2.0,0.0,1.0,0.0,0.0,0.0,0.0,0.0,0.0,0.0,2.0,0.0,1.0,0.0,5674.0,6927.0,7.0,1.0,0.0,15.0,3.0,3.0,80.0,1.0,11.0,3.0,3.0,9.0,8.0,0.0,8.0,0
26.0,0.0,1.0,0.0,921.0,0.0,1.0,0.0,1.0,1.0,0.0,1.0,0.0,0.0,0.0,0.0,1.0,1068.0,1.0,0.0,66.0,2.0,1.0,0.0,0.0,0.0,0.0,0.0,1.0,0.0,0.0,0.0,3.0,0.0,0.0,1.0,2007.0,25265.0,1.0,1.0,0.0,13.0,3.0,3.0,80.0,2.0,5.0,5.0,3.0,5.0,3.0,1.0,3.0,0
30.0,1.0,0.0,0.0,945.0,1.0,0.0,0.0,9.0,3.0,0.0,1.0,0.0,0.0,0.0,0.0,1.0,1876.0,2.0,1.0,89.0,3.0,1.0,0.0,0.0,0.0,0.0,0.0,0.0,0.0,0.0,1.0,4.0,1.0,0.0,0.0,1081.0,16019.0,1.0,1.0,0.0,13.0,3.0,3.0,80.0,0.0,1.0,3.0,2.0,1.0,0.0,0.0,0.0,1
33.0,0.0,1.0,0.0,1141.0,1.0,0.0,0.0,1.0,3.0,0.0,0.0,1.0,0.0,0.0,0.0,1.0,52.0,3.0,0.0,42.0,4.0,2.0,0.0,0.0,1.0,0.0,0.0,0.0,0.0,0.0,0.0,1.0,0.0,1.0,0.0,5376.0,3193.0,2.0,1.0,0.0,19.0,3.0,1.0,80.0,2.0,10.0,3.0,3.0,5.0,3.0,1.0,3.0,0
20.0,0.0,1.0,0.0,769.0,1.0,0.0,0.0,9.0,3.0,1.0,0.0,0.0,0.0,0.0,0.0,1.0,1077.0,4.0,0.0,54.0,3.0,1.0,0.0,0.0,0.0,0.0,0.0,0.0,0.0,0.0,1.0,4.0,1.0,0.0,0.0,2323.0,17205.0,1.0,1.0,1.0,14.0,3.0,2.0,80.0,0.0,2.0,3.0,3.0,2.0,2.0,0.0,2.0,1
35.0,0.0,1.0,0.0,944.0,1.0,0.0,0.0,1.0,3.0,1.0,0.0,0.0,0.0,0.0,0.0,1.0,314.0,3.0,0.0,92.0,3.0,3.0,0.0,0.0,1.0,0.0,0.0,0.0,0.0,0.0,0.0,3.0,1.0,0.0,0.0,8789.0,9096.0,1.0,1.0,0.0,14.0,3.0,1.0,80.0,0.0,10.0,3.0,4.0,10.0,7.0,0.0,8.0,0
42.0,0.0,0.0,1.0,179.0,0.0,0.0,1.0,2.0,5.0,0.0,1.0,0.0,0.0,0.0,0.0,1.0,1231.0,4.0,1.0,79.0,4.0,2.0,0.0,0.0,0.0,0.0,0.0,0.0,1.0,0.0,0.0,1.0,0.0,1.0,0.0,6272.0,12858.0,7.0,1.0,0.0,16.0,3.0,1.0,80.0,1.0,10.0,3.0,4.0,4.0,3.0,0.0,3.0,0
46.0,1.0,0.0,0.0,991.0,0.0,0.0,1.0,1.0,2.0,0.0,0.0,1.0,0.0,0.0,0.0,1.0,1314.0,4.0,0.0,44.0,3.0,1.0,0.0,0.0,0.0,0.0,0.0,0.0,1.0,0.0,0.0,1.0,1.0,0.0,0.0,3423.0,22957.0,6.0,1.0,0.0,12.0,3.0,3.0,80.0,0.0,10.0,3.0,4.0,7.0,6.0,5.0,7.0,0
27.0,1.0,0.0,0.0,1115.0,0.0,1.0,0.0,3.0,4.0,0.0,1.0,0.0,0.0,0.0,0.0,1.0,700.0,1.0,1.0,54.0,2.0,1.0,0.0,0.0,0.0,0.0,0.0,1.0,0.0,0.0,0.0,4.0,1.0,0.0,0.0,2045.0,15174.0,0.0,1.0,0.0,13.0,3.0,4.0,80.0,0.0,5.0,0.0,3.0,4.0,2.0,1.0,1.0,0
26.0,0.0,1.0,0.0,1096.0,0.0,1.0,0.0,6.0,3.0,0.0,0.0,0.0,0.0,0.0,1.0,1.0,1918.0,3.0,1.0,61.0,4.0,1.0,0.0,1.0,0.0,0.0,0.0,0.0,0.0,0.0,0.0,4.0,0.0,1.0,0.0,2544.0,7102.0,0.0,1.0,0.0,18.0,3.0,1.0,80.0,1.0,8.0,3.0,3.0,7.0,7.0,7.0,7.0,0
31.0,1.0,0.0,0.0,1112.0,1.0,0.0,0.0,5.0,4.0,0.0,0.0,1.0,0.0,0.0,0.0,1.0,1673.0,1.0,0.0,67.0,3.0,2.0,0.0,0.0,1.0,0.0,0.0,0.0,0.0,0.0,0.0,4.0,0.0,1.0,0.0,5476.0,22589.0,1.0,1.0,0.0,11.0,3.0,1.0,80.0,2.0,10.0,2.0,3.0,10.0,0.0,0.0,2.0,0
28.0,1.0,0.0,0.0,1434.0,0.0,1.0,0.0,5.0,4.0,0.0,0.0,0.0,0.0,1.0,0.0,1.0,65.0,3.0,1.0,50.0,3.0,1.0,0.0,1.0,0.0,0.0,0.0,0.0,0.0,0.0,0.0,3.0,1.0,0.0,0.0,3441.0,11179.0,1.0,1.0,1.0,13.0,3.0,3.0,80.0,0.0,2.0,3.0,2.0,2.0,2.0,2.0,2.0,1
47.0,1.0,0.0,0.0,1482.0,0.0,1.0,0.0,5.0,5.0,0.0,0.0,1.0,0.0,0.0,0.0,1.0,447.0,4.0,1.0,42.0,3.0,5.0,0.0,0.0,0.0,0.0,1.0,0.0,0.0,0.0,0.0,3.0,0.0,1.0,0.0,18300.0,16375.0,4.0,1.0,0.0,11.0,3.0,2.0,80.0,1.0,21.0,2.0,3.0,3.0,2.0,1.0,1.0,0
36.0,0.0,0.0,1.0,217.0,0.0,1.0,0.0,18.0,4.0,0.0,0.0,1.0,0.0,0.0,0.0,1.0,1133.0,1.0,1.0,78.0,3.0,2.0,0.0,0.0,0.0,1.0,0.0,0.0,0.0,0.0,0.0,4.0,1.0,0.0,0.0,7779.0,23238.0,2.0,1.0,0.0,20.0,4.0,1.0,80.0,0.0,18.0,0.0,3.0,11.0,9.0,0.0,9.0,0
32.0,1.0,0.0,0.0,604.0,1.0,0.0,0.0,8.0,3.0,0.0,1.0,0.0,0.0,0.0,0.0,1.0,1304.0,3.0,1.0,56.0,4.0,2.0,0.0,0.0,1.0,0.0,0.0,0.0,0.0,0.0,0.0,4.0,0.0,1.0,0.0,6209.0,11693.0,1.0,1.0,0.0,15.0,3.0,3.0,80.0,2.0,10.0,4.0,4.0,10.0,7.0,0.0,8.0,0
34.0,0.0,1.0,0.0,1003.0,0.0,1.0,0.0,2.0,2.0,0.0,0.0,1.0,0.0,0.0,0.0,1.0,1140.0,4.0,1.0,95.0,3.0,2.0,0.0,0.0,0.0,1.0,0.0,0.0,0.0,0.0,0.0,3.0,1.0,0.0,0.0,4033.0,15834.0,2.0,1.0,0.0,11.0,3.0,4.0,80.0,0.0,5.0,3.0,2.0,3.0,2.0,0.0,2.0,0
35.0,1.0,0.0,0.0,819.0,0.0,1.0,0.0,18.0,5.0,0.0,0.0,1.0,0.0,0.0,0.0,1.0,1621.0,2.0,1.0,48.0,4.0,2.0,0.0,0.0,0.0,0.0,0.0,1.0,0.0,0.0,0.0,1.0,0.0,1.0,0.0,5208.0,26312.0,1.0,1.0,0.0,11.0,3.0,4.0,80.0,0.0,16.0,2.0,3.0,16.0,15.0,1.0,10.0,0
36.0,0.0,1.0,0.0,541.0,1.0,0.0,0.0,3.0,4.0,0.0,1.0,0.0,0.0,0.0,0.0,1.0,481.0,1.0,1.0,48.0,2.0,3.0,0.0,0.0,1.0,0.0,0.0,0.0,0.0,0.0,0.0,4.0,0.0,1.0,0.0,9699.0,7246.0,4.0,1.0,0.0,11.0,3.0,1.0,80.0,1.0,16.0,2.0,3.0,13.0,9.0,1.0,12.0,0
36.0,1.0,0.0,0.0,796.0,0.0,1.0,0.0,12.0,5.0,0.0,1.0,0.0,0.0,0.0,0.0,1.0,1073.0,4.0,0.0,51.0,2.0,3.0,0.0,0.0,0.0,1.0,0.0,0.0,0.0,0.0,0.0,4.0,1.0,0.0,0.0,8858.0,15669.0,0.0,1.0,0.0,11.0,3.0,2.0,80.0,0.0,15.0,2.0,2.0,14.0,8.0,7.0,8.0,0
29.0,1.0,0.0,0.0,1328.0,0.0,1.0,0.0,2.0,3.0,0.0,0.0,1.0,0.0,0.0,0.0,1.0,94.0,3.0,1.0,76.0,3.0,1.0,0.0,0.0,0.0,0.0,0.0,1.0,0.0,0.0,0.0,2.0,0.0,1.0,0.0,2703.0,4956.0,0.0,1.0,0.0,23.0,4.0,4.0,80.0,1.0,6.0,3.0,3.0,5.0,4.0,0.0,4.0,0
37.0,0.0,0.0,1.0,728.0,0.0,1.0,0.0,1.0,4.0,0.0,1.0,0.0,0.0,0.0,0.0,1.0,380.0,1.0,0.0,80.0,3.0,3.0,0.0,0.0,0.0,0.0,1.0,0.0,0.0,0.0,0.0,4.0,0.0,0.0,1.0,13603.0,11677.0,2.0,1.0,1.0,18.0,3.0,1.0,80.0,2.0,15.0,2.0,3.0,5.0,2.0,0.0,2.0,0
55.0,1.0,0.0,0.0,725.0,0.0,1.0,0.0,2.0,3.0,0.0,1.0,0.0,0.0,0.0,0.0,1.0,787.0,4.0,1.0,78.0,3.0,5.0,1.0,0.0,0.0,0.0,0.0,0.0,0.0,0.0,0.0,1.0,0.0,1.0,0.0,19859.0,21199.0,5.0,1.0,1.0,13.0,3.0,4.0,80.0,1.0,24.0,2.0,3.0,5.0,2.0,1.0,4.0,1
37.0,1.0,0.0,0.0,1107.0,0.0,1.0,0.0,14.0,3.0,0.0,0.0,1.0,0.0,0.0,0.0,1.0,515.0,4.0,0.0,95.0,3.0,1.0,0.0,1.0,0.0,0.0,0.0,0.0,0.0,0.0,0.0,1.0,0.0,0.0,1.0,3034.0,26914.0,1.0,1.0,0.0,12.0,3.0,3.0,80.0,1.0,18.0,2.0,2.0,18.0,7.0,12.0,17.0,0
52.0,0.0,0.0,1.0,715.0,0.0,1.0,0.0,19.0,4.0,0.0,1.0,0.0,0.0,0.0,0.0,1.0,791.0,4.0,1.0,41.0,3.0,1.0,0.0,0.0,0.0,0.0,0.0,1.0,0.0,0.0,0.0,4.0,0.0,1.0,0.0,4258.0,26589.0,0.0,1.0,0.0,18.0,3.0,1.0,80.0,1.0,5.0,3.0,3.0,4.0,3.0,1.0,2.0,0
29.0,0.0,1.0,0.0,337.0,0.0,1.0,0.0,14.0,1.0,0.0,0.0,0.0,0.0,0.0,1.0,1.0,1421.0,3.0,0.0,84.0,3.0,3.0,0.0,0.0,0.0,0.0,0.0,0.0,0.0,1.0,0.0,4.0,1.0,0.0,0.0,7553.0,22930.0,0.0,1.0,1.0,12.0,3.0,1.0,80.0,0.0,9.0,1.0,3.0,8.0,7.0,7.0,7.0,1
33.0,0.0,1.0,0.0,1111.0,1.0,0.0,0.0,5.0,1.0,0.0,0.0,1.0,0.0,0.0,0.0,1.0,1395.0,2.0,1.0,61.0,3.0,2.0,0.0,0.0,1.0,0.0,0.0,0.0,0.0,0.0,0.0,4.0,0.0,1.0,0.0,9998.0,19293.0,6.0,1.0,0.0,13.0,3.0,1.0,80.0,0.0,8.0,2.0,4.0,5.0,4.0,1.0,2.0,0
24.0,1.0,0.0,0.0,1127.0,0.0,1.0,0.0,18.0,1.0,0.0,0.0,1.0,0.0,0.0,0.0,1.0,150.0,2.0,1.0,52.0,3.0,1.0,0.0,1.0,0.0,0.0,0.0,0.0,0.0,0.0,0.0,3.0,0.0,1.0,0.0,2774.0,13257.0,0.0,1.0,0.0,12.0,3.0,3.0,80.0,1.0,6.0,2.0,3.0,5.0,3.0,1.0,2.0,0
51.0,1.0,0.0,0.0,1469.0,0.0,1.0,0.0,8.0,4.0,0.0,0.0,1.0,0.0,0.0,0.0,1.0,296.0,2.0,1.0,81.0,2.0,3.0,0.0,0.0,0.0,0.0,1.0,0.0,0.0,0.0,0.0,2.0,0.0,1.0,0.0,12490.0,15736.0,5.0,1.0,0.0,16.0,3.0,4.0,80.0,2.0,16.0,5.0,1.0,10.0,9.0,4.0,7.0,0
43.0,0.0,1.0,0.0,1422.0,1.0,0.0,0.0,2.0,4.0,0.0,0.0,1.0,0.0,0.0,0.0,1.0,1849.0,1.0,1.0,92.0,3.0,2.0,0.0,0.0,1.0,0.0,0.0,0.0,0.0,0.0,0.0,4.0,0.0,1.0,0.0,5675.0,19246.0,1.0,1.0,0.0,20.0,4.0,3.0,80.0,1.0,7.0,5.0,3.0,7.0,7.0,7.0,7.0,0
48.0,1.0,0.0,0.0,530.0,1.0,0.0,0.0,29.0,1.0,0.0,1.0,0.0,0.0,0.0,0.0,1.0,473.0,1.0,0.0,91.0,3.0,3.0,1.0,0.0,0.0,0.0,0.0,0.0,0.0,0.0,0.0,3.0,0.0,1.0,0.0,12504.0,23978.0,3.0,1.0,0.0,21.0,4.0,2.0,80.0,1.0,15.0,3.0,1.0,0.0,0.0,0.0,0.0,0
26.0,1.0,0.0,0.0,471.0,0.0,1.0,0.0,24.0,3.0,0.0,0.0,0.0,0.0,1.0,0.0,1.0,622.0,3.0,1.0,66.0,1.0,1.0,0.0,1.0,0.0,0.0,0.0,0.0,0.0,0.0,0.0,4.0,1.0,0.0,0.0,2340.0,23213.0,1.0,1.0,1.0,18.0,3.0,2.0,80.0,0.0,1.0,3.0,1.0,1.0,0.0,0.0,0.0,1
25.0,1.0,0.0,0.0,882.0,0.0,1.0,0.0,19.0,1.0,0.0,1.0,0.0,0.0,0.0,0.0,1.0,1358.0,4.0,1.0,67.0,3.0,1.0,0.0,1.0,0.0,0.0,0.0,0.0,0.0,0.0,0.0,4.0,0.0,1.0,0.0,3669.0,9075.0,3.0,1.0,0.0,11.0,3.0,3.0,80.0,3.0,7.0,6.0,2.0,3.0,2.0,1.0,2.0,0
42.0,1.0,0.0,0.0,1128.0,0.0,1.0,0.0,13.0,3.0,0.0,1.0,0.0,0.0,0.0,0.0,1.0,1803.0,2.0,1.0,95.0,4.0,2.0,0.0,0.0,0.0,0.0,0.0,0.0,0.0,1.0,0.0,1.0,0.0,1.0,0.0,5538.0,5696.0,5.0,1.0,0.0,18.0,3.0,3.0,80.0,2.0,10.0,2.0,2.0,0.0,0.0,0.0,0.0,0
28.0,0.0,0.0,1.0,1476.0,0.0,1.0,0.0,1.0,3.0,0.0,0.0,1.0,0.0,0.0,0.0,1.0,1315.0,3.0,0.0,55.0,1.0,2.0,0.0,1.0,0.0,0.0,0.0,0.0,0.0,0.0,0.0,4.0,0.0,1.0,0.0,6674.0,16392.0,0.0,1.0,0.0,11.0,3.0,1.0,80.0,3.0,10.0,6.0,3.0,9.0,8.0,7.0,5.0,0
28.0,1.0,0.0,0.0,1300.0,0.0,1.0,0.0,17.0,2.0,0.0,1.0,0.0,0.0,0.0,0.0,1.0,536.0,3.0,1.0,79.0,3.0,2.0,0.0,1.0,0.0,0.0,0.0,0.0,0.0,0.0,0.0,1.0,0.0,0.0,1.0,4558.0,13535.0,1.0,1.0,0.0,12.0,3.0,4.0,80.0,1.0,10.0,2.0,3.0,10.0,0.0,1.0,8.0,0
36.0,1.0,0.0,0.0,329.0,1.0,0.0,0.0,16.0,4.0,1.0,0.0,0.0,0.0,0.0,0.0,1.0,1436.0,3.0,0.0,98.0,2.0,2.0,0.0,0.0,1.0,0.0,0.0,0.0,0.0,0.0,0.0,1.0,0.0,1.0,0.0,5647.0,13494.0,4.0,1.0,0.0,13.0,3.0,1.0,80.0,2.0,11.0,3.0,2.0,3.0,2.0,0.0,2.0,0
29.0,1.0,0.0,0.0,441.0,0.0,1.0,0.0,8.0,1.0,0.0,0.0,0.0,0.0,0.0,1.0,1.0,1544.0,3.0,0.0,39.0,1.0,2.0,0.0,0.0,0.0,0.0,0.0,0.0,0.0,1.0,0.0,1.0,0.0,1.0,0.0,9715.0,7288.0,3.0,1.0,0.0,13.0,3.0,3.0,80.0,1.0,9.0,3.0,3.0,7.0,7.0,0.0,7.0,0
52.0,1.0,0.0,0.0,994.0,0.0,1.0,0.0,7.0,4.0,0.0,0.0,1.0,0.0,0.0,0.0,1.0,1118.0,2.0,1.0,87.0,3.0,3.0,0.0,0.0,0.0,0.0,0.0,0.0,0.0,1.0,0.0,2.0,1.0,0.0,0.0,10445.0,15322.0,7.0,1.0,0.0,19.0,3.0,4.0,80.0,0.0,18.0,4.0,3.0,8.0,6.0,4.0,0.0,0
29.0,1.0,0.0,0.0,153.0,0.0,1.0,0.0,15.0,2.0,0.0,0.0,1.0,0.0,0.0,0.0,1.0,15.0,4.0,0.0,49.0,2.0,2.0,0.0,1.0,0.0,0.0,0.0,0.0,0.0,0.0,0.0,3.0,1.0,0.0,0.0,4193.0,12682.0,0.0,1.0,1.0,12.0,3.0,4.0,80.0,0.0,10.0,3.0,3.0,9.0,5.0,0.0,8.0,0
32.0,0.0,1.0,0.0,379.0,1.0,0.0,0.0,5.0,2.0,0.0,0.0,1.0,0.0,0.0,0.0,1.0,889.0,2.0,1.0,48.0,3.0,2.0,0.0,0.0,1.0,0.0,0.0,0.0,0.0,0.0,0.0,2.0,0.0,1.0,0.0,6524.0,8891.0,1.0,1.0,0.0,14.0,3.0,4.0,80.0,1.0,10.0,3.0,3.0,10.0,8.0,5.0,3.0,0
37.0,1.0,0.0,0.0,1462.0,0.0,1.0,0.0,11.0,3.0,0.0,1.0,0.0,0.0,0.0,0.0,1.0,1411.0,1.0,0.0,94.0,3.0,1.0,0.0,1.0,0.0,0.0,0.0,0.0,0.0,0.0,0.0,3.0,1.0,0.0,0.0,3629.0,19106.0,4.0,1.0,0.0,18.0,3.0,1.0,80.0,0.0,8.0,6.0,3.0,3.0,2.0,0.0,2.0,0
32.0,0.0,1.0,0.0,585.0,0.0,1.0,0.0,10.0,3.0,0.0,0.0,1.0,0.0,0.0,0.0,1.0,1720.0,1.0,1.0,56.0,3.0,1.0,0.0,0.0,0.0,0.0,0.0,1.0,0.0,0.0,0.0,3.0,0.0,1.0,0.0,3433.0,17360.0,6.0,1.0,0.0,13.0,3.0,1.0,80.0,1.0,10.0,3.0,2.0,5.0,2.0,1.0,3.0,0
31.0,1.0,0.0,0.0,691.0,1.0,0.0,0.0,7.0,3.0,1.0,0.0,0.0,0.0,0.0,0.0,1.0,438.0,4.0,1.0,73.0,3.0,2.0,0.0,0.0,1.0,0.0,0.0,0.0,0.0,0.0,0.0,4.0,0.0,0.0,1.0,7547.0,7143.0,4.0,1.0,0.0,12.0,3.0,4.0,80.0,3.0,13.0,3.0,3.0,7.0,7.0,1.0,7.0,0
22.0,1.0,0.0,0.0,253.0,0.0,1.0,0.0,11.0,3.0,0.0,1.0,0.0,0.0,0.0,0.0,1.0,511.0,1.0,0.0,43.0,3.0,1.0,0.0,0.0,0.0,0.0,0.0,1.0,0.0,0.0,0.0,2.0,0.0,1.0,0.0,2244.0,24440.0,1.0,1.0,0.0,13.0,3.0,4.0,80.0,1.0,2.0,1.0,3.0,2.0,1.0,1.0,2.0,0
37.0,1.0,0.0,0.0,1017.0,0.0,1.0,0.0,1.0,2.0,0.0,1.0,0.0,0.0,0.0,0.0,1.0,340.0,3.0,0.0,83.0,2.0,1.0,0.0,0.0,0.0,0.0,0.0,1.0,0.0,0.0,0.0,1.0,0.0,1.0,0.0,3920.0,18697.0,2.0,1.0,0.0,14.0,3.0,1.0,80.0,1.0,17.0,2.0,2.0,3.0,1.0,0.0,2.0,0
40.0,1.0,0.0,0.0,616.0,0.0,1.0,0.0,2.0,2.0,0.0,0.0,1.0,0.0,0.0,0.0,1.0,1802.0,3.0,0.0,99.0,3.0,1.0,0.0,1.0,0.0,0.0,0.0,0.0,0.0,0.0,0.0,1.0,0.0,1.0,0.0,3377.0,25605.0,4.0,1.0,0.0,17.0,3.0,4.0,80.0,1.0,7.0,5.0,2.0,4.0,3.0,0.0,2.0,0
22.0,1.0,0.0,0.0,594.0,0.0,1.0,0.0,2.0,1.0,0.0,0.0,0.0,0.0,1.0,0.0,1.0,169.0,3.0,1.0,100.0,3.0,1.0,0.0,1.0,0.0,0.0,0.0,0.0,0.0,0.0,0.0,4.0,0.0,1.0,0.0,2523.0,19299.0,0.0,1.0,0.0,14.0,3.0,3.0,80.0,1.0,3.0,2.0,3.0,2.0,1.0,2.0,1.0,0
33.0,0.0,1.0,0.0,508.0,1.0,0.0,0.0,10.0,3.0,1.0,0.0,0.0,0.0,0.0,0.0,1.0,446.0,2.0,1.0,46.0,2.0,2.0,0.0,0.0,1.0,0.0,0.0,0.0,0.0,0.0,0.0,4.0,1.0,0.0,0.0,4682.0,4317.0,3.0,1.0,0.0,14.0,3.0,3.0,80.0,0.0,9.0,6.0,2.0,7.0,7.0,0.0,1.0,0
58.0,1.0,0.0,0.0,1055.0,0.0,1.0,0.0,1.0,3.0,0.0,1.0,0.0,0.0,0.0,0.0,1.0,1423.0,4.0,0.0,76.0,3.0,5.0,0.0,0.0,0.0,0.0,1.0,0.0,0.0,0.0,0.0,1.0,0.0,1.0,0.0,19701.0,22456.0,3.0,1.0,1.0,21.0,4.0,3.0,80.0,1.0,32.0,3.0,3.0,9.0,8.0,1.0,5.0,0
30.0,1.0,0.0,0.0,1275.0,0.0,1.0,0.0,28.0,2.0,0.0,1.0,0.0,0.0,0.0,0.0,1.0,441.0,4.0,0.0,64.0,3.0,2.0,0.0,0.0,0.0,0.0,0.0,1.0,0.0,0.0,0.0,4.0,0.0,1.0,0.0,5775.0,11934.0,1.0,1.0,0.0,13.0,3.0,4.0,80.0,2.0,11.0,2.0,3.0,10.0,8.0,1.0,9.0,0
35.0,1.0,0.0,0.0,1204.0,1.0,0.0,0.0,4.0,3.0,0.0,0.0,0.0,0.0,1.0,0.0,1.0,1100.0,4.0,1.0,86.0,3.0,3.0,0.0,0.0,1.0,0.0,0.0,0.0,0.0,0.0,0.0,1.0,1.0,0.0,0.0,9582.0,10333.0,0.0,1.0,1.0,22.0,4.0,1.0,80.0,0.0,9.0,2.0,3.0,8.0,7.0,4.0,7.0,1
30.0,1.0,0.0,0.0,852.0,0.0,1.0,0.0,1.0,1.0,0.0,0.0,1.0,0.0,0.0,0.0,1.0,104.0,4.0,1.0,55.0,2.0,2.0,0.0,1.0,0.0,0.0,0.0,0.0,0.0,0.0,0.0,4.0,0.0,1.0,0.0,5126.0,15998.0,1.0,1.0,1.0,12.0,3.0,3.0,80.0,2.0,10.0,1.0,2.0,10.0,8.0,3.0,0.0,0
45.0,1.0,0.0,0.0,1329.0,0.0,1.0,0.0,2.0,2.0,0.0,0.0,0.0,0.0,0.0,1.0,1.0,1635.0,4.0,0.0,59.0,2.0,2.0,0.0,0.0,0.0,1.0,0.0,0.0,0.0,0.0,0.0,4.0,0.0,0.0,1.0,5770.0,5388.0,1.0,1.0,0.0,19.0,3.0,1.0,80.0,2.0,10.0,3.0,3.0,10.0,7.0,3.0,9.0,0
41.0,0.0,0.0,1.0,906.0,0.0,1.0,0.0,5.0,2.0,0.0,0.0,1.0,0.0,0.0,0.0,1.0,1210.0,1.0,1.0,95.0,2.0,1.0,0.0,0.0,0.0,0.0,0.0,1.0,0.0,0.0,0.0,1.0,0.0,0.0,1.0,2107.0,20293.0,6.0,1.0,0.0,17.0,3.0,1.0,80.0,1.0,5.0,2.0,1.0,1.0,0.0,0.0,0.0,1
33.0,1.0,0.0,0.0,1069.0,0.0,1.0,0.0,1.0,3.0,0.0,0.0,1.0,0.0,0.0,0.0,1.0,969.0,2.0,0.0,42.0,2.0,2.0,0.0,0.0,0.0,0.0,0.0,0.0,0.0,1.0,0.0,4.0,1.0,0.0,0.0,6949.0,12291.0,0.0,1.0,0.0,14.0,3.0,1.0,80.0,0.0,6.0,3.0,3.0,5.0,0.0,1.0,4.0,0
55.0,1.0,0.0,0.0,147.0,0.0,1.0,0.0,20.0,2.0,0.0,0.0,0.0,0.0,1.0,0.0,1.0,389.0,2.0,1.0,37.0,3.0,2.0,0.0,1.0,0.0,0.0,0.0,0.0,0.0,0.0,0.0,4.0,0.0,1.0,0.0,5415.0,15972.0,3.0,1.0,1.0,19.0,3.0,4.0,80.0,1.0,12.0,4.0,3.0,10.0,7.0,0.0,8.0,0
44.0,1.0,0.0,0.0,170.0,0.0,1.0,0.0,1.0,4.0,0.0,0.0,1.0,0.0,0.0,0.0,1.0,1903.0,2.0,1.0,78.0,4.0,2.0,0.0,0.0,0.0,0.0,0.0,0.0,0.0,1.0,0.0,1.0,0.0,1.0,0.0,5033.0,9364.0,2.0,1.0,0.0,15.0,3.0,4.0,80.0,1.0,10.0,5.0,3.0,2.0,0.0,2.0,2.0,0
44.0,0.0,0.0,1.0,489.0,0.0,1.0,0.0,23.0,3.0,0.0,1.0,0.0,0.0,0.0,0.0,1.0,132.0,2.0,1.0,67.0,3.0,2.0,0.0,1.0,0.0,0.0,0.0,0.0,0.0,0.0,0.0,2.0,0.0,1.0,0.0,2042.0,25043.0,4.0,1.0,0.0,12.0,3.0,3.0,80.0,1.0,17.0,3.0,4.0,3.0,2.0,1.0,2.0,0
32.0,1.0,0.0,0.0,267.0,0.0,1.0,0.0,29.0,4.0,0.0,0.0,1.0,0.0,0.0,0.0,1.0,2010.0,3.0,0.0,49.0,2.0,1.0,0.0,1.0,0.0,0.0,0.0,0.0,0.0,0.0,0.0,2.0,1.0,0.0,0.0,2837.0,15919.0,1.0,1.0,0.0,13.0,3.0,3.0,80.0,0.0,6.0,3.0,3.0,6.0,2.0,4.0,1.0,0
48.0,0.0,1.0,0.0,365.0,0.0,1.0,0.0,4.0,5.0,0.0,1.0,0.0,0.0,0.0,0.0,1.0,1644.0,3.0,1.0,89.0,2.0,4.0,1.0,0.0,0.0,0.0,0.0,0.0,0.0,0.0,0.0,4.0,0.0,1.0,0.0,15202.0,5602.0,2.0,1.0,0.0,25.0,4.0,2.0,80.0,1.0,23.0,3.0,3.0,2.0,2.0,2.0,2.0,0
34.0,0.0,1.0,0.0,296.0,1.0,0.0,0.0,6.0,2.0,1.0,0.0,0.0,0.0,0.0,0.0,1.0,555.0,4.0,0.0,33.0,1.0,1.0,0.0,0.0,0.0,0.0,0.0,0.0,0.0,0.0,1.0,3.0,0.0,0.0,1.0,2351.0,12253.0,0.0,1.0,0.0,16.0,3.0,4.0,80.0,1.0,3.0,3.0,2.0,2.0,2.0,1.0,0.0,1
30.0,0.0,0.0,1.0,829.0,0.0,1.0,0.0,1.0,1.0,0.0,0.0,1.0,0.0,0.0,0.0,1.0,292.0,3.0,1.0,88.0,2.0,3.0,0.0,0.0,0.0,1.0,0.0,0.0,0.0,0.0,0.0,3.0,1.0,0.0,0.0,8474.0,20925.0,1.0,1.0,0.0,22.0,4.0,3.0,80.0,0.0,12.0,2.0,3.0,11.0,8.0,5.0,8.0,0
46.0,1.0,0.0,0.0,945.0,0.0,0.0,1.0,5.0,2.0,0.0,1.0,0.0,0.0,0.0,0.0,1.0,103.0,2.0,1.0,80.0,3.0,2.0,0.0,0.0,0.0,0.0,0.0,0.0,1.0,0.0,0.0,2.0,0.0,0.0,1.0,5021.0,10425.0,8.0,1.0,1.0,22.0,4.0,4.0,80.0,1.0,16.0,2.0,3.0,4.0,2.0,0.0,2.0,0
44.0,1.0,0.0,0.0,1448.0,1.0,0.0,0.0,28.0,3.0,0.0,1.0,0.0,0.0,0.0,0.0,1.0,1039.0,4.0,0.0,53.0,4.0,4.0,0.0,0.0,1.0,0.0,0.0,0.0,0.0,0.0,0.0,4.0,0.0,1.0,0.0,13320.0,11737.0,3.0,1.0,1.0,18.0,3.0,3.0,80.0,1.0,23.0,2.0,3.0,12.0,11.0,11.0,11.0,0
28.0,1.0,0.0,0.0,1169.0,0.0,0.0,1.0,8.0,2.0,0.0,1.0,0.0,0.0,0.0,0.0,1.0,869.0,2.0,1.0,63.0,2.0,1.0,0.0,0.0,0.0,0.0,0.0,0.0,1.0,0.0,0.0,4.0,0.0,0.0,1.0,4936.0,23965.0,1.0,1.0,0.0,13.0,3.0,4.0,80.0,1.0,6.0,6.0,3.0,5.0,1.0,0.0,4.0,0
45.0,1.0,0.0,0.0,193.0,0.0,1.0,0.0,6.0,4.0,0.0,0.0,0.0,0.0,0.0,1.0,1.0,101.0,4.0,1.0,52.0,3.0,3.0,0.0,0.0,0.0,0.0,1.0,0.0,0.0,0.0,0.0,1.0,0.0,1.0,0.0,13245.0,15067.0,4.0,1.0,1.0,14.0,3.0,2.0,80.0,0.0,17.0,3.0,4.0,0.0,0.0,0.0,0.0,0
35.0,1.0,0.0,0.0,384.0,1.0,0.0,0.0,8.0,4.0,0.0,0.0,1.0,0.0,0.0,0.0,1.0,805.0,1.0,0.0,72.0,3.0,1.0,0.0,0.0,0.0,0.0,0.0,0.0,0.0,0.0,1.0,4.0,0.0,1.0,0.0,2572.0,20317.0,1.0,1.0,0.0,16.0,3.0,2.0,80.0,1.0,3.0,1.0,2.0,3.0,2.0,0.0,2.0,0
46.0,1.0,0.0,0.0,228.0,1.0,0.0,0.0,3.0,3.0,0.0,0.0,1.0,0.0,0.0,0.0,1.0,1527.0,3.0,0.0,51.0,3.0,4.0,1.0,0.0,0.0,0.0,0.0,0.0,0.0,0.0,0.0,2.0,0.0,1.0,0.0,16606.0,11380.0,8.0,1.0,0.0,12.0,3.0,4.0,80.0,1.0,23.0,2.0,4.0,13.0,12.0,5.0,1.0,0
45.0,0.0,0.0,1.0,1195.0,0.0,1.0,0.0,2.0,2.0,0.0,1.0,0.0,0.0,0.0,0.0,1.0,264.0,1.0,1.0,65.0,2.0,4.0,1.0,0.0,0.0,0.0,0.0,0.0,0.0,0.0,0.0,4.0,0.0,1.0,0.0,16792.0,20462.0,9.0,1.0,0.0,23.0,4.0,4.0,80.0,1.0,22.0,1.0,3.0,20.0,8.0,11.0,8.0,0
54.0,0.0,0.0,1.0,142.0,0.0,0.0,1.0,26.0,3.0,0.0,0.0,0.0,1.0,0.0,0.0,1.0,148.0,4.0,0.0,30.0,4.0,4.0,1.0,0.0,0.0,0.0,0.0,0.0,0.0,0.0,0.0,4.0,1.0,0.0,0.0,17328.0,13871.0,2.0,1.0,1.0,12.0,3.0,3.0,80.0,0.0,23.0,3.0,3.0,5.0,3.0,4.0,4.0,0
58.0,1.0,0.0,0.0,289.0,0.0,1.0,0.0,2.0,3.0,0.0,0.0,0.0,0.0,1.0,0.0,1.0,977.0,4.0,1.0,51.0,3.0,1.0,0.0,0.0,0.0,0.0,0.0,1.0,0.0,0.0,0.0,3.0,1.0,0.0,0.0,2479.0,26227.0,4.0,1.0,0.0,24.0,4.0,1.0,80.0,0.0,7.0,4.0,3.0,1.0,0.0,0.0,0.0,1
41.0,1.0,0.0,0.0,796.0,1.0,0.0,0.0,4.0,1.0,1.0,0.0,0.0,0.0,0.0,0.0,1.0,1815.0,3.0,0.0,81.0,3.0,3.0,0.0,0.0,1.0,0.0,0.0,0.0,0.0,0.0,0.0,3.0,0.0,0.0,1.0,10447.0,26458.0,0.0,1.0,1.0,13.0,3.0,4.0,80.0,1.0,23.0,3.0,4.0,22.0,14.0,13.0,5.0,0
45.0,0.0,1.0,0.0,1249.0,0.0,1.0,0.0,7.0,3.0,0.0,0.0,1.0,0.0,0.0,0.0,1.0,425.0,1.0,1.0,97.0,3.0,3.0,0.0,1.0,0.0,0.0,0.0,0.0,0.0,0.0,0.0,1.0,0.0,0.0,1.0,5210.0,20308.0,1.0,1.0,0.0,18.0,3.0,1.0,80.0,1.0,24.0,2.0,3.0,24.0,9.0,9.0,11.0,0
31.0,0.0,1.0,0.0,1125.0,0.0,1.0,0.0,1.0,3.0,0.0,0.0,1.0,0.0,0.0,0.0,1.0,1956.0,4.0,1.0,48.0,1.0,2.0,0.0,0.0,0.0,0.0,0.0,1.0,0.0,0.0,0.0,1.0,0.0,1.0,0.0,5003.0,5771.0,1.0,1.0,0.0,21.0,4.0,2.0,80.0,0.0,10.0,6.0,3.0,10.0,8.0,8.0,7.0,0
27.0,1.0,0.0,0.0,1055.0,0.0,1.0,0.0,2.0,4.0,0.0,0.0,1.0,0.0,0.0,0.0,1.0,1027.0,1.0,0.0,47.0,3.0,2.0,0.0,0.0,0.0,1.0,0.0,0.0,0.0,0.0,0.0,4.0,0.0,1.0,0.0,4227.0,4658.0,0.0,1.0,0.0,18.0,3.0,2.0,80.0,1.0,4.0,2.0,3.0,3.0,2.0,2.0,2.0,0
36.0,1.0,0.0,0.0,557.0,1.0,0.0,0.0,3.0,3.0,0.0,1.0,0.0,0.0,0.0,0.0,1.0,2024.0,1.0,0.0,94.0,2.0,3.0,0.0,0.0,1.0,0.0,0.0,0.0,0.0,0.0,0.0,4.0,0.0,1.0,0.0,7644.0,12695.0,0.0,1.0,0.0,19.0,3.0,3.0,80.0,2.0,10.0,2.0,3.0,9.0,7.0,3.0,4.0,0
27.0,0.0,0.0,1.0,210.0,1.0,0.0,0.0,1.0,1.0,1.0,0.0,0.0,0.0,0.0,0.0,1.0,449.0,3.0,1.0,73.0,3.0,2.0,0.0,0.0,1.0,0.0,0.0,0.0,0.0,0.0,0.0,2.0,0.0,1.0,0.0,6349.0,22107.0,0.0,1.0,1.0,13.0,3.0,4.0,80.0,1.0,6.0,0.0,3.0,5.0,4.0,1.0,4.0,0
22.0,0.0,1.0,0.0,1256.0,0.0,1.0,0.0,3.0,4.0,0.0,0.0,1.0,0.0,0.0,0.0,1.0,1203.0,3.0,1.0,48.0,2.0,1.0,0.0,0.0,0.0,0.0,0.0,1.0,0.0,0.0,0.0,4.0,0.0,1.0,0.0,2853.0,4223.0,0.0,1.0,1.0,11.0,3.0,2.0,80.0,1.0,1.0,5.0,3.0,0.0,0.0,0.0,0.0,1
37.0,1.0,0.0,0.0,1373.0,0.0,1.0,0.0,2.0,2.0,0.0,0.0,0.0,0.0,0.0,1.0,1.0,4.0,4.0,1.0,92.0,2.0,1.0,0.0,1.0,0.0,0.0,0.0,0.0,0.0,0.0,0.0,3.0,1.0,0.0,0.0,2090.0,2396.0,6.0,1.0,1.0,15.0,3.0,2.0,80.0,0.0,7.0,3.0,3.0,0.0,0.0,0.0,0.0,1
35.0,0.0,0.0,1.0,1225.0,0.0,1.0,0.0,2.0,4.0,0.0,0.0,1.0,0.0,0.0,0.0,1.0,771.0,4.0,0.0,61.0,3.0,2.0,0.0,0.0,0.0,0.0,0.0,0.0,0.0,1.0,0.0,1.0,0.0,0.0,1.0,5093.0,4761.0,2.0,1.0,0.0,11.0,3.0,1.0,80.0,1.0,16.0,2.0,4.0,1.0,0.0,0.0,0.0,0
53.0,1.0,0.0,0.0,1168.0,1.0,0.0,0.0,24.0,4.0,0.0,0.0,1.0,0.0,0.0,0.0,1.0,1968.0,1.0,1.0,66.0,3.0,3.0,0.0,0.0,1.0,0.0,0.0,0.0,0.0,0.0,0.0,1.0,1.0,0.0,0.0,10448.0,5843.0,6.0,1.0,1.0,13.0,3.0,2.0,80.0,0.0,15.0,2.0,2.0,2.0,2.0,2.0,2.0,1
31.0,1.0,0.0,0.0,1398.0,0.0,0.0,1.0,8.0,2.0,0.0,1.0,0.0,0.0,0.0,0.0,1.0,1461.0,4.0,0.0,96.0,4.0,1.0,0.0,0.0,0.0,0.0,0.0,0.0,1.0,0.0,0.0,2.0,1.0,0.0,0.0,2109.0,24609.0,9.0,1.0,0.0,18.0,3.0,4.0,80.0,0.0,8.0,3.0,3.0,3.0,2.0,0.0,2.0,0
24.0,0.0,1.0,0.0,567.0,0.0,1.0,0.0,2.0,1.0,0.0,0.0,0.0,0.0,1.0,0.0,1.0,1646.0,1.0,0.0,32.0,3.0,1.0,0.0,0.0,0.0,0.0,0.0,1.0,0.0,0.0,0.0,4.0,1.0,0.0,0.0,3760.0,17218.0,1.0,1.0,1.0,13.0,3.0,3.0,80.0,0.0,6.0,2.0,3.0,6.0,3.0,1.0,3.0,0
30.0,1.0,0.0,0.0,241.0,0.0,1.0,0.0,7.0,3.0,0.0,1.0,0.0,0.0,0.0,0.0,1.0,1609.0,2.0,1.0,48.0,2.0,1.0,0.0,0.0,0.0,0.0,0.0,1.0,0.0,0.0,0.0,2.0,0.0,1.0,0.0,2141.0,5348.0,1.0,1.0,0.0,12.0,3.0,2.0,80.0,1.0,6.0,3.0,2.0,6.0,4.0,1.0,1.0,0
45.0,1.0,0.0,0.0,374.0,1.0,0.0,0.0,20.0,3.0,0.0,0.0,1.0,0.0,0.0,0.0,1.0,2046.0,4.0,0.0,50.0,3.0,2.0,0.0,0.0,1.0,0.0,0.0,0.0,0.0,0.0,0.0,3.0,1.0,0.0,0.0,4850.0,23333.0,8.0,1.0,0.0,15.0,3.0,3.0,80.0,0.0,8.0,3.0,3.0,5.0,3.0,0.0,1.0,0
28.0,0.0,1.0,0.0,1009.0,0.0,1.0,0.0,1.0,3.0,0.0,1.0,0.0,0.0,0.0,0.0,1.0,1111.0,1.0,1.0,45.0,2.0,1.0,0.0,1.0,0.0,0.0,0.0,0.0,0.0,0.0,0.0,2.0,0.0,0.0,1.0,2596.0,7160.0,1.0,1.0,0.0,15.0,3.0,1.0,80.0,2.0,1.0,2.0,3.0,1.0,0.0,0.0,0.0,1
27.0,1.0,0.0,0.0,511.0,1.0,0.0,0.0,2.0,2.0,0.0,1.0,0.0,0.0,0.0,0.0,1.0,1898.0,1.0,0.0,89.0,4.0,2.0,0.0,0.0,1.0,0.0,0.0,0.0,0.0,0.0,0.0,3.0,1.0,0.0,0.0,6500.0,26997.0,0.0,1.0,0.0,14.0,3.0,2.0,80.0,0.0,9.0,5.0,2.0,8.0,7.0,0.0,7.0,0
38.0,1.0,0.0,0.0,343.0,0.0,1.0,0.0,15.0,2.0,0.0,0.0,1.0,0.0,0.0,0.0,1.0,461.0,3.0,1.0,92.0,2.0,3.0,0.0,0.0,0.0,0.0,1.0,0.0,0.0,0.0,0.0,4.0,0.0,0.0,1.0,11510.0,15682.0,0.0,1.0,1.0,14.0,3.0,2.0,80.0,1.0,12.0,3.0,3.0,11.0,10.0,2.0,9.0,0
30.0,0.0,1.0,0.0,448.0,1.0,0.0,0.0,12.0,4.0,0.0,0.0,1.0,0.0,0.0,0.0,1.0,648.0,2.0,1.0,74.0,2.0,1.0,0.0,0.0,0.0,0.0,0.0,0.0,0.0,0.0,1.0,1.0,0.0,1.0,0.0,2033.0,14470.0,1.0,1.0,0.0,18.0,3.0,3.0,80.0,1.0,1.0,2.0,4.0,1.0,0.0,0.0,0.0,1
42.0,0.0,0.0,1.0,335.0,0.0,1.0,0.0,23.0,2.0,0.0,0.0,1.0,0.0,0.0,0.0,1.0,1976.0,4.0,1.0,37.0,2.0,2.0,0.0,0.0,0.0,0.0,0.0,1.0,0.0,0.0,0.0,3.0,1.0,0.0,0.0,4332.0,14811.0,1.0,1.0,0.0,12.0,3.0,4.0,80.0,0.0,20.0,2.0,3.0,20.0,9.0,3.0,7.0,0
18.0,0.0,0.0,1.0,1124.0,0.0,1.0,0.0,1.0,3.0,0.0,0.0,1.0,0.0,0.0,0.0,1.0,1368.0,4.0,0.0,97.0,3.0,1.0,0.0,1.0,0.0,0.0,0.0,0.0,0.0,0.0,0.0,4.0,1.0,0.0,0.0,1611.0,19305.0,1.0,1.0,0.0,15.0,3.0,3.0,80.0,0.0,0.0,5.0,4.0,0.0,0.0,0.0,0.0,0
29.0,1.0,0.0,0.0,598.0,0.0,1.0,0.0,9.0,3.0,0.0,0.0,1.0,0.0,0.0,0.0,1.0,1558.0,3.0,1.0,91.0,4.0,1.0,0.0,0.0,0.0,0.0,0.0,1.0,0.0,0.0,0.0,3.0,0.0,1.0,0.0,2451.0,22376.0,6.0,1.0,0.0,18.0,3.0,1.0,80.0,2.0,5.0,2.0,2.0,1.0,0.0,0.0,0.0,0
51.0,1.0,0.0,0.0,632.0,1.0,0.0,0.0,21.0,4.0,1.0,0.0,0.0,0.0,0.0,0.0,1.0,120.0,3.0,1.0,71.0,3.0,2.0,0.0,0.0,1.0,0.0,0.0,0.0,0.0,0.0,0.0,4.0,1.0,0.0,0.0,5441.0,8423.0,0.0,1.0,1.0,22.0,4.0,4.0,80.0,0.0,11.0,2.0,1.0,10.0,7.0,1.0,0.0,0
46.0,1.0,0.0,0.0,526.0,1.0,0.0,0.0,1.0,2.0,1.0,0.0,0.0,0.0,0.0,0.0,1.0,244.0,2.0,0.0,92.0,3.0,3.0,0.0,0.0,1.0,0.0,0.0,0.0,0.0,0.0,0.0,1.0,0.0,0.0,1.0,10453.0,2137.0,1.0,1.0,0.0,25.0,4.0,3.0,80.0,3.0,24.0,2.0,3.0,24.0,13.0,15.0,7.0,0
40.0,1.0,0.0,0.0,329.0,0.0,1.0,0.0,1.0,4.0,0.0,0.0,1.0,0.0,0.0,0.0,1.0,1361.0,2.0,1.0,88.0,3.0,1.0,0.0,1.0,0.0,0.0,0.0,0.0,0.0,0.0,0.0,2.0,0.0,1.0,0.0,2387.0,6762.0,3.0,1.0,0.0,22.0,4.0,3.0,80.0,1.0,7.0,3.0,3.0,4.0,2.0,0.0,3.0,0
51.0,1.0,0.0,0.0,770.0,0.0,0.0,1.0,5.0,3.0,0.0,0.0,1.0,0.0,0.0,0.0,1.0,1352.0,3.0,1.0,84.0,3.0,4.0,1.0,0.0,0.0,0.0,0.0,0.0,0.0,0.0,0.0,2.0,0.0,0.0,1.0,14026.0,17588.0,1.0,1.0,1.0,11.0,3.0,2.0,80.0,1.0,33.0,2.0,3.0,33.0,9.0,0.0,10.0,0
30.0,0.0,1.0,0.0,109.0,0.0,1.0,0.0,5.0,3.0,0.0,1.0,0.0,0.0,0.0,0.0,1.0,1017.0,2.0,0.0,60.0,3.0,1.0,0.0,1.0,0.0,0.0,0.0,0.0,0.0,0.0,0.0,2.0,1.0,0.0,0.0,2422.0,25725.0,0.0,1.0,0.0,17.0,3.0,1.0,80.0,0.0,4.0,3.0,3.0,3.0,2.0,1.0,2.0,1
50.0,1.0,0.0,0.0,691.0,0.0,1.0,0.0,2.0,3.0,0.0,1.0,0.0,0.0,0.0,0.0,1.0,815.0,3.0,1.0,64.0,3.0,4.0,0.0,0.0,0.0,0.0,1.0,0.0,0.0,0.0,0.0,3.0,0.0,1.0,0.0,17639.0,6881.0,5.0,1.0,0.0,16.0,3.0,4.0,80.0,0.0,30.0,3.0,3.0,4.0,3.0,0.0,3.0,0
36.0,1.0,0.0,0.0,325.0,0.0,1.0,0.0,10.0,4.0,0.0,0.0,0.0,0.0,1.0,0.0,1.0,1312.0,4.0,0.0,63.0,3.0,3.0,0.0,0.0,0.0,0.0,0.0,0.0,0.0,1.0,0.0,3.0,0.0,1.0,0.0,7094.0,5747.0,3.0,1.0,0.0,12.0,3.0,1.0,80.0,0.0,10.0,0.0,3.0,7.0,7.0,1.0,7.0,0
34.0,1.0,0.0,0.0,546.0,0.0,1.0,0.0,10.0,3.0,0.0,0.0,1.0,0.0,0.0,0.0,1.0,934.0,2.0,1.0,83.0,3.0,1.0,0.0,1.0,0.0,0.0,0.0,0.0,0.0,0.0,0.0,2.0,0.0,0.0,1.0,2008.0,6896.0,1.0,1.0,0.0,14.0,3.0,2.0,80.0,2.0,1.0,3.0,3.0,1.0,0.0,1.0,0.0,0
35.0,0.0,1.0,0.0,200.0,0.0,1.0,0.0,18.0,2.0,0.0,0.0,1.0,0.0,0.0,0.0,1.0,1412.0,3.0,1.0,60.0,3.0,3.0,0.0,0.0,0.0,1.0,0.0,0.0,0.0,0.0,0.0,4.0,1.0,0.0,0.0,9362.0,19944.0,2.0,1.0,0.0,11.0,3.0,3.0,80.0,0.0,10.0,2.0,3.0,2.0,2.0,2.0,2.0,0
38.0,1.0,0.0,0.0,1206.0,0.0,1.0,0.0,9.0,2.0,0.0,0.0,1.0,0.0,0.0,0.0,1.0,1940.0,2.0,1.0,71.0,3.0,1.0,0.0,0.0,0.0,0.0,0.0,1.0,0.0,0.0,0.0,4.0,0.0,0.0,1.0,4771.0,14293.0,2.0,1.0,0.0,19.0,3.0,4.0,80.0,2.0,10.0,0.0,4.0,5.0,2.0,0.0,3.0,0
26.0,1.0,0.0,0.0,683.0,0.0,1.0,0.0,2.0,1.0,0.0,1.0,0.0,0.0,0.0,0.0,1.0,1407.0,1.0,1.0,36.0,2.0,1.0,0.0,0.0,0.0,0.0,0.0,1.0,0.0,0.0,0.0,4.0,1.0,0.0,0.0,3904.0,4050.0,0.0,1.0,0.0,12.0,3.0,4.0,80.0,0.0,5.0,2.0,3.0,4.0,3.0,1.0,1.0,0
32.0,1.0,0.0,0.0,234.0,1.0,0.0,0.0,1.0,4.0,0.0,1.0,0.0,0.0,0.0,0.0,1.0,2013.0,2.0,1.0,68.0,2.0,1.0,0.0,0.0,0.0,0.0,0.0,0.0,0.0,0.0,1.0,2.0,0.0,1.0,0.0,2269.0,18024.0,0.0,1.0,0.0,14.0,3.0,2.0,80.0,1.0,3.0,2.0,3.0,2.0,2.0,2.0,2.0,0
40.0,0.0,1.0,0.0,692.0,0.0,1.0,0.0,11.0,3.0,0.0,0.0,0.0,0.0,1.0,0.0,1.0,1985.0,4.0,0.0,73.0,3.0,2.0,0.0,1.0,0.0,0.0,0.0,0.0,0.0,0.0,0.0,3.0,0.0,1.0,0.0,6323.0,26849.0,1.0,1.0,0.0,11.0,3.0,1.0,80.0,1.0,10.0,2.0,4.0,10.0,9.0,9.0,4.0,0
42.0,1.0,0.0,0.0,419.0,1.0,0.0,0.0,12.0,4.0,1.0,0.0,0.0,0.0,0.0,0.0,1.0,1943.0,2.0,1.0,77.0,3.0,2.0,0.0,0.0,1.0,0.0,0.0,0.0,0.0,0.0,0.0,4.0,0.0,0.0,1.0,5087.0,2900.0,3.0,1.0,1.0,12.0,3.0,3.0,80.0,2.0,14.0,4.0,3.0,0.0,0.0,0.0,0.0,0
54.0,1.0,0.0,0.0,376.0,0.0,1.0,0.0,19.0,4.0,0.0,1.0,0.0,0.0,0.0,0.0,1.0,799.0,4.0,0.0,95.0,3.0,2.0,0.0,0.0,0.0,1.0,0.0,0.0,0.0,0.0,0.0,1.0,0.0,0.0,1.0,5485.0,22670.0,9.0,1.0,1.0,11.0,3.0,2.0,80.0,2.0,9.0,4.0,3.0,5.0,3.0,1.0,4.0,0
54.0,1.0,0.0,0.0,821.0,0.0,1.0,0.0,5.0,2.0,0.0,1.0,0.0,0.0,0.0,0.0,1.0,522.0,1.0,1.0,86.0,3.0,5.0,0.0,0.0,0.0,0.0,1.0,0.0,0.0,0.0,0.0,1.0,0.0,1.0,0.0,19406.0,8509.0,4.0,1.0,0.0,11.0,3.0,3.0,80.0,1.0,24.0,4.0,2.0,4.0,2.0,1.0,2.0,0
32.0,1.0,0.0,0.0,1045.0,1.0,0.0,0.0,4.0,4.0,0.0,1.0,0.0,0.0,0.0,0.0,1.0,291.0,4.0,1.0,32.0,1.0,3.0,0.0,0.0,1.0,0.0,0.0,0.0,0.0,0.0,0.0,4.0,0.0,1.0,0.0,10400.0,25812.0,1.0,1.0,0.0,11.0,3.0,3.0,80.0,0.0,14.0,2.0,2.0,14.0,8.0,9.0,8.0,1
25.0,1.0,0.0,0.0,688.0,0.0,1.0,0.0,3.0,3.0,0.0,1.0,0.0,0.0,0.0,0.0,1.0,538.0,1.0,1.0,91.0,3.0,1.0,0.0,1.0,0.0,0.0,0.0,0.0,0.0,0.0,0.0,1.0,0.0,1.0,0.0,4031.0,9396.0,5.0,1.0,0.0,13.0,3.0,3.0,80.0,1.0,6.0,5.0,3.0,2.0,2.0,0.0,2.0,1
50.0,1.0,0.0,0.0,1464.0,0.0,1.0,0.0,2.0,4.0,0.0,1.0,0.0,0.0,0.0,0.0,1.0,1061.0,2.0,1.0,62.0,3.0,5.0,0.0,0.0,0.0,0.0,1.0,0.0,0.0,0.0,0.0,3.0,0.0,1.0,0.0,19237.0,12853.0,2.0,1.0,1.0,11.0,3.0,4.0,80.0,1.0,29.0,2.0,2.0,8.0,1.0,7.0,7.0,0
50.0,1.0,0.0,0.0,264.0,1.0,0.0,0.0,9.0,3.0,1.0,0.0,0.0,0.0,0.0,0.0,1.0,1591.0,3.0,1.0,59.0,3.0,5.0,1.0,0.0,0.0,0.0,0.0,0.0,0.0,0.0,0.0,3.0,0.0,1.0,0.0,19331.0,19519.0,4.0,1.0,1.0,16.0,3.0,3.0,80.0,1.0,27.0,2.0,3.0,1.0,0.0,0.0,0.0,0
34.0,0.0,0.0,1.0,967.0,0.0,1.0,0.0,16.0,4.0,0.0,0.0,0.0,0.0,1.0,0.0,1.0,1905.0,4.0,1.0,85.0,1.0,1.0,0.0,0.0,0.0,0.0,0.0,1.0,0.0,0.0,0.0,1.0,0.0,1.0,0.0,2307.0,14460.0,1.0,1.0,1.0,23.0,4.0,2.0,80.0,1.0,5.0,2.0,3.0,5.0,2.0,3.0,0.0,1
23.0,1.0,0.0,0.0,541.0,1.0,0.0,0.0,2.0,1.0,0.0,0.0,0.0,0.0,1.0,0.0,1.0,113.0,3.0,1.0,62.0,3.0,1.0,0.0,0.0,0.0,0.0,0.0,0.0,0.0,0.0,1.0,1.0,0.0,0.0,1.0,2322.0,9518.0,3.0,1.0,0.0,13.0,3.0,3.0,80.0,1.0,3.0,3.0,3.0,0.0,0.0,0.0,0.0,0
26.0,0.0,1.0,0.0,1283.0,1.0,0.0,0.0,1.0,3.0,0.0,1.0,0.0,0.0,0.0,0.0,1.0,956.0,3.0,1.0,52.0,2.0,2.0,0.0,0.0,1.0,0.0,0.0,0.0,0.0,0.0,0.0,1.0,1.0,0.0,0.0,4294.0,11148.0,1.0,1.0,0.0,12.0,3.0,2.0,80.0,0.0,7.0,2.0,3.0,7.0,7.0,0.0,7.0,0
37.0,0.0,0.0,1.0,1040.0,0.0,1.0,0.0,2.0,2.0,0.0,0.0,1.0,0.0,0.0,0.0,1.0,139.0,3.0,1.0,100.0,2.0,2.0,0.0,0.0,0.0,0.0,0.0,0.0,0.0,1.0,0.0,4.0,0.0,0.0,1.0,5163.0,15850.0,5.0,1.0,0.0,14.0,3.0,4.0,80.0,1.0,17.0,2.0,4.0,1.0,0.0,0.0,0.0,0
51.0,0.0,1.0,0.0,541.0,1.0,0.0,0.0,2.0,3.0,1.0,0.0,0.0,0.0,0.0,0.0,1.0,1391.0,2.0,1.0,52.0,3.0,3.0,0.0,0.0,1.0,0.0,0.0,0.0,0.0,0.0,0.0,2.0,0.0,1.0,0.0,10596.0,15395.0,2.0,1.0,0.0,11.0,3.0,2.0,80.0,0.0,14.0,5.0,3.0,4.0,2.0,3.0,2.0,0
43.0,1.0,0.0,0.0,930.0,0.0,1.0,0.0,6.0,3.0,0.0,1.0,0.0,0.0,0.0,0.0,1.0,1402.0,1.0,0.0,73.0,2.0,2.0,0.0,0.0,0.0,0.0,0.0,1.0,0.0,0.0,0.0,3.0,1.0,0.0,0.0,4081.0,20003.0,1.0,1.0,1.0,14.0,3.0,1.0,80.0,0.0,20.0,3.0,1.0,20.0,7.0,1.0,8.0,0
25.0,1.0,0.0,0.0,240.0,1.0,0.0,0.0,5.0,3.0,1.0,0.0,0.0,0.0,0.0,0.0,1.0,142.0,3.0,1.0,46.0,2.0,2.0,0.0,0.0,1.0,0.0,0.0,0.0,0.0,0.0,0.0,3.0,1.0,0.0,0.0,5744.0,26959.0,1.0,1.0,1.0,11.0,3.0,4.0,80.0,0.0,6.0,1.0,3.0,6.0,4.0,0.0,3.0,1
21.0,1.0,0.0,0.0,1343.0,1.0,0.0,0.0,22.0,1.0,0.0,0.0,0.0,0.0,1.0,0.0,1.0,669.0,3.0,1.0,49.0,3.0,1.0,0.0,0.0,0.0,0.0,0.0,0.0,0.0,0.0,1.0,3.0,1.0,0.0,0.0,3447.0,24444.0,1.0,1.0,0.0,11.0,3.0,3.0,80.0,0.0,3.0,2.0,3.0,3.0,2.0,1.0,2.0,0
28.0,1.0,0.0,0.0,329.0,0.0,1.0,0.0,24.0,3.0,0.0,1.0,0.0,0.0,0.0,0.0,1.0,1604.0,3.0,1.0,51.0,3.0,1.0,0.0,1.0,0.0,0.0,0.0,0.0,0.0,0.0,0.0,2.0,0.0,1.0,0.0,2408.0,7324.0,1.0,1.0,1.0,17.0,3.0,3.0,80.0,3.0,1.0,3.0,3.0,1.0,1.0,0.0,0.0,1
40.0,1.0,0.0,0.0,1171.0,0.0,1.0,0.0,10.0,4.0,0.0,0.0,1.0,0.0,0.0,0.0,1.0,483.0,4.0,0.0,46.0,4.0,1.0,0.0,1.0,0.0,0.0,0.0,0.0,0.0,0.0,0.0,3.0,0.0,1.0,0.0,2213.0,22495.0,3.0,1.0,1.0,13.0,3.0,3.0,80.0,1.0,10.0,3.0,3.0,7.0,7.0,1.0,7.0,0
25.0,1.0,0.0,0.0,583.0,1.0,0.0,0.0,4.0,1.0,1.0,0.0,0.0,0.0,0.0,0.0,1.0,885.0,3.0,1.0,87.0,2.0,2.0,0.0,0.0,1.0,0.0,0.0,0.0,0.0,0.0,0.0,1.0,0.0,1.0,0.0,4256.0,18154.0,1.0,1.0,0.0,12.0,3.0,1.0,80.0,0.0,5.0,1.0,4.0,5.0,2.0,0.0,3.0,0
38.0,1.0,0.0,0.0,688.0,0.0,1.0,0.0,23.0,4.0,0.0,0.0,1.0,0.0,0.0,0.0,1.0,393.0,4.0,1.0,82.0,3.0,2.0,0.0,0.0,0.0,0.0,0.0,0.0,0.0,1.0,0.0,4.0,0.0,0.0,1.0,5745.0,18899.0,9.0,1.0,0.0,14.0,3.0,2.0,80.0,1.0,10.0,2.0,3.0,2.0,2.0,1.0,2.0,0
43.0,1.0,0.0,0.0,244.0,0.0,0.0,1.0,2.0,3.0,0.0,0.0,1.0,0.0,0.0,0.0,1.0,1778.0,2.0,1.0,97.0,3.0,1.0,0.0,0.0,0.0,0.0,0.0,0.0,1.0,0.0,0.0,4.0,1.0,0.0,0.0,3539.0,5033.0,0.0,1.0,0.0,13.0,3.0,2.0,80.0,0.0,10.0,5.0,3.0,9.0,7.0,1.0,8.0,0
51.0,1.0,0.0,0.0,833.0,0.0,1.0,0.0,1.0,3.0,0.0,0.0,1.0,0.0,0.0,0.0,1.0,353.0,3.0,1.0,96.0,3.0,1.0,0.0,0.0,0.0,0.0,0.0,1.0,0.0,0.0,0.0,4.0,0.0,1.0,0.0,2723.0,23231.0,1.0,1.0,0.0,11.0,3.0,2.0,80.0,0.0,1.0,0.0,2.0,1.0,0.0,0.0,0.0,0
30.0,1.0,0.0,0.0,288.0,0.0,1.0,0.0,2.0,3.0,0.0,0.0,1.0,0.0,0.0,0.0,1.0,117.0,3.0,1.0,99.0,2.0,2.0,0.0,0.0,0.0,0.0,0.0,0.0,0.0,1.0,0.0,4.0,0.0,1.0,0.0,4152.0,15830.0,1.0,1.0,0.0,19.0,3.0,1.0,80.0,3.0,11.0,3.0,3.0,11.0,10.0,10.0,8.0,0
25.0,1.0,0.0,0.0,180.0,0.0,1.0,0.0,2.0,1.0,0.0,1.0,0.0,0.0,0.0,0.0,1.0,854.0,1.0,1.0,65.0,4.0,1.0,0.0,0.0,0.0,0.0,0.0,1.0,0.0,0.0,0.0,1.0,1.0,0.0,0.0,3424.0,21632.0,7.0,1.0,0.0,13.0,3.0,3.0,80.0,0.0,6.0,3.0,2.0,4.0,3.0,0.0,1.0,0
35.0,1.0,0.0,0.0,195.0,1.0,0.0,0.0,1.0,3.0,0.0,1.0,0.0,0.0,0.0,0.0,1.0,620.0,1.0,0.0,80.0,3.0,2.0,0.0,0.0,1.0,0.0,0.0,0.0,0.0,0.0,0.0,3.0,1.0,0.0,0.0,4859.0,6698.0,1.0,1.0,0.0,16.0,3.0,4.0,80.0,0.0,5.0,3.0,3.0,5.0,4.0,0.0,3.0,0
43.0,0.0,1.0,0.0,559.0,0.0,1.0,0.0,10.0,4.0,0.0,0.0,1.0,0.0,0.0,0.0,1.0,448.0,3.0,0.0,82.0,2.0,2.0,0.0,1.0,0.0,0.0,0.0,0.0,0.0,0.0,0.0,3.0,0.0,0.0,1.0,5257.0,6227.0,1.0,1.0,0.0,11.0,3.0,2.0,80.0,1.0,9.0,3.0,4.0,9.0,7.0,0.0,0.0,0
42.0,1.0,0.0,0.0,544.0,0.0,0.0,1.0,2.0,1.0,0.0,0.0,0.0,0.0,1.0,0.0,1.0,470.0,3.0,1.0,52.0,3.0,1.0,0.0,0.0,0.0,0.0,0.0,0.0,1.0,0.0,0.0,3.0,0.0,0.0,1.0,2696.0,24017.0,0.0,1.0,1.0,11.0,3.0,3.0,80.0,1.0,4.0,5.0,3.0,3.0,2.0,1.0,0.0,0
28.0,1.0,0.0,0.0,640.0,0.0,1.0,0.0,1.0,3.0,0.0,0.0,0.0,0.0,1.0,0.0,1.0,1301.0,4.0,1.0,84.0,3.0,1.0,0.0,0.0,0.0,0.0,0.0,1.0,0.0,0.0,0.0,1.0,1.0,0.0,0.0,2080.0,4732.0,2.0,1.0,0.0,11.0,3.0,2.0,80.0,0.0,5.0,2.0,2.0,3.0,2.0,1.0,2.0,0
35.0,0.0,1.0,0.0,880.0,1.0,0.0,0.0,12.0,4.0,0.0,0.0,0.0,0.0,0.0,1.0,1.0,1667.0,4.0,1.0,36.0,3.0,2.0,0.0,0.0,1.0,0.0,0.0,0.0,0.0,0.0,0.0,4.0,1.0,0.0,0.0,4581.0,10414.0,3.0,1.0,1.0,24.0,4.0,1.0,80.0,0.0,13.0,2.0,4.0,11.0,9.0,6.0,7.0,1
59.0,1.0,0.0,0.0,818.0,0.0,0.0,1.0,6.0,2.0,0.0,1.0,0.0,0.0,0.0,0.0,1.0,321.0,2.0,1.0,52.0,3.0,1.0,0.0,0.0,0.0,0.0,0.0,0.0,1.0,0.0,0.0,3.0,0.0,1.0,0.0,2267.0,25657.0,8.0,1.0,0.0,17.0,3.0,4.0,80.0,0.0,7.0,2.0,2.0,2.0,2.0,2.0,2.0,0
37.0,0.0,0.0,1.0,1063.0,0.0,1.0,0.0,25.0,5.0,0.0,1.0,0.0,0.0,0.0,0.0,1.0,529.0,2.0,0.0,72.0,3.0,2.0,0.0,0.0,0.0,0.0,0.0,1.0,0.0,0.0,0.0,3.0,0.0,1.0,0.0,4449.0,23866.0,3.0,1.0,1.0,15.0,3.0,1.0,80.0,2.0,15.0,2.0,3.0,13.0,11.0,10.0,7.0,0
28.0,0.0,1.0,0.0,783.0,1.0,0.0,0.0,1.0,2.0,0.0,0.0,1.0,0.0,0.0,0.0,1.0,1927.0,3.0,1.0,42.0,2.0,2.0,0.0,0.0,1.0,0.0,0.0,0.0,0.0,0.0,0.0,4.0,0.0,1.0,0.0,6834.0,19255.0,1.0,1.0,1.0,12.0,3.0,3.0,80.0,1.0,7.0,2.0,3.0,7.0,7.0,0.0,7.0,0
32.0,1.0,0.0,0.0,548.0,0.0,1.0,0.0,1.0,3.0,0.0,0.0,1.0,0.0,0.0,0.0,1.0,96.0,2.0,1.0,66.0,3.0,2.0,0.0,0.0,0.0,0.0,0.0,1.0,0.0,0.0,0.0,2.0,0.0,1.0,0.0,6220.0,7346.0,1.0,1.0,0.0,17.0,3.0,2.0,80.0,2.0,10.0,3.0,3.0,10.0,4.0,0.0,9.0,0
40.0,0.0,1.0,0.0,580.0,1.0,0.0,0.0,5.0,4.0,0.0,0.0,1.0,0.0,0.0,0.0,1.0,729.0,4.0,1.0,48.0,2.0,3.0,0.0,0.0,1.0,0.0,0.0,0.0,0.0,0.0,0.0,1.0,0.0,1.0,0.0,10475.0,23772.0,5.0,1.0,1.0,21.0,4.0,3.0,80.0,1.0,20.0,2.0,3.0,18.0,13.0,1.0,12.0,0
35.0,1.0,0.0,0.0,817.0,0.0,1.0,0.0,1.0,3.0,0.0,1.0,0.0,0.0,0.0,0.0,1.0,1369.0,4.0,0.0,60.0,2.0,2.0,0.0,1.0,0.0,0.0,0.0,0.0,0.0,0.0,0.0,4.0,0.0,1.0,0.0,5363.0,10846.0,0.0,1.0,0.0,12.0,3.0,2.0,80.0,1.0,10.0,0.0,3.0,9.0,7.0,0.0,0.0,0
48.0,1.0,0.0,0.0,715.0,0.0,1.0,0.0,1.0,3.0,0.0,0.0,1.0,0.0,0.0,0.0,1.0,1263.0,4.0,1.0,76.0,2.0,5.0,0.0,0.0,0.0,0.0,1.0,0.0,0.0,0.0,0.0,4.0,1.0,0.0,0.0,18265.0,8733.0,6.0,1.0,0.0,12.0,3.0,3.0,80.0,0.0,25.0,3.0,4.0,1.0,0.0,0.0,0.0,0
18.0,0.0,0.0,1.0,1431.0,0.0,1.0,0.0,14.0,3.0,0.0,1.0,0.0,0.0,0.0,0.0,1.0,1839.0,2.0,0.0,33.0,3.0,1.0,0.0,0.0,0.0,0.0,0.0,1.0,0.0,0.0,0.0,3.0,1.0,0.0,0.0,1514.0,8018.0,1.0,1.0,0.0,16.0,3.0,3.0,80.0,0.0,0.0,4.0,1.0,0.0,0.0,0.0,0.0,0
35.0,1.0,0.0,0.0,802.0,0.0,1.0,0.0,10.0,3.0,0.0,0.0,0.0,0.0,0.0,1.0,1.0,1028.0,2.0,1.0,45.0,3.0,1.0,0.0,1.0,0.0,0.0,0.0,0.0,0.0,0.0,0.0,4.0,0.0,0.0,1.0,3917.0,9541.0,1.0,1.0,0.0,20.0,4.0,1.0,80.0,1.0,3.0,4.0,2.0,3.0,2.0,1.0,2.0,0
45.0,1.0,0.0,0.0,538.0,0.0,1.0,0.0,1.0,4.0,0.0,0.0,0.0,0.0,1.0,0.0,1.0,1553.0,1.0,1.0,66.0,3.0,3.0,0.0,0.0,0.0,0.0,0.0,0.0,0.0,1.0,0.0,2.0,0.0,0.0,1.0,7441.0,20933.0,1.0,1.0,0.0,12.0,3.0,1.0,80.0,3.0,10.0,4.0,3.0,10.0,8.0,7.0,7.0,0
53.0,1.0,0.0,0.0,661.0,1.0,0.0,0.0,7.0,2.0,1.0,0.0,0.0,0.0,0.0,0.0,1.0,862.0,1.0,0.0,78.0,2.0,3.0,0.0,0.0,1.0,0.0,0.0,0.0,0.0,0.0,0.0,4.0,0.0,1.0,0.0,10934.0,20715.0,7.0,1.0,1.0,18.0,3.0,4.0,80.0,1.0,35.0,3.0,3.0,5.0,2.0,0.0,4.0,0
36.0,1.0,0.0,0.0,1383.0,0.0,1.0,0.0,10.0,3.0,0.0,0.0,1.0,0.0,0.0,0.0,1.0,1790.0,4.0,1.0,90.0,3.0,3.0,0.0,0.0,0.0,0.0,0.0,0.0,0.0,1.0,0.0,1.0,0.0,1.0,0.0,8321.0,25949.0,7.0,1.0,1.0,13.0,3.0,4.0,80.0,1.0,15.0,1.0,3.0,12.0,8.0,5.0,7.0,0
49.0,1.0,0.0,0.0,722.0,0.0,1.0,0.0,25.0,4.0,0.0,0.0,1.0,0.0,0.0,0.0,1.0,1617.0,3.0,0.0,84.0,3.0,1.0,0.0,1.0,0.0,0.0,0.0,0.0,0.0,0.0,0.0,1.0,0.0,1.0,0.0,3211.0,22102.0,1.0,1.0,0.0,14.0,3.0,4.0,80.0,1.0,10.0,3.0,2.0,9.0,6.0,1.0,4.0,0
35.0,1.0,0.0,0.0,104.0,0.0,1.0,0.0,2.0,3.0,0.0,0.0,1.0,0.0,0.0,0.0,1.0,1569.0,1.0,0.0,69.0,3.0,1.0,0.0,1.0,0.0,0.0,0.0,0.0,0.0,0.0,0.0,1.0,0.0,0.0,1.0,2074.0,26619.0,1.0,1.0,1.0,12.0,3.0,4.0,80.0,1.0,1.0,2.0,3.0,1.0,0.0,0.0,0.0,1
28.0,0.0,1.0,0.0,193.0,0.0,1.0,0.0,2.0,3.0,0.0,0.0,1.0,0.0,0.0,0.0,1.0,1296.0,4.0,1.0,52.0,2.0,1.0,0.0,1.0,0.0,0.0,0.0,0.0,0.0,0.0,0.0,4.0,0.0,1.0,0.0,3867.0,14222.0,1.0,1.0,1.0,12.0,3.0,2.0,80.0,1.0,2.0,2.0,3.0,2.0,2.0,2.0,2.0,0
41.0,0.0,1.0,0.0,143.0,1.0,0.0,0.0,4.0,3.0,1.0,0.0,0.0,0.0,0.0,0.0,1.0,488.0,1.0,1.0,56.0,3.0,2.0,0.0,0.0,1.0,0.0,0.0,0.0,0.0,0.0,0.0,2.0,1.0,0.0,0.0,9355.0,9558.0,1.0,1.0,0.0,18.0,3.0,3.0,80.0,0.0,8.0,5.0,3.0,8.0,7.0,7.0,7.0,1
35.0,1.0,0.0,0.0,144.0,0.0,1.0,0.0,22.0,3.0,0.0,0.0,1.0,0.0,0.0,0.0,1.0,577.0,4.0,1.0,46.0,1.0,1.0,0.0,1.0,0.0,0.0,0.0,0.0,0.0,0.0,0.0,3.0,1.0,0.0,0.0,4230.0,19225.0,0.0,1.0,0.0,15.0,3.0,3.0,80.0,0.0,6.0,2.0,3.0,5.0,4.0,4.0,3.0,0
41.0,1.0,0.0,0.0,1283.0,0.0,1.0,0.0,5.0,5.0,0.0,1.0,0.0,0.0,0.0,0.0,1.0,1448.0,2.0,1.0,90.0,4.0,1.0,0.0,0.0,0.0,0.0,0.0,1.0,0.0,0.0,0.0,3.0,0.0,1.0,0.0,2127.0,5561.0,2.0,1.0,1.0,12.0,3.0,1.0,80.0,0.0,7.0,5.0,2.0,4.0,2.0,0.0,3.0,0
35.0,1.0,0.0,0.0,737.0,1.0,0.0,0.0,10.0,3.0,0.0,1.0,0.0,0.0,0.0,0.0,1.0,1639.0,4.0,1.0,55.0,2.0,3.0,0.0,0.0,1.0,0.0,0.0,0.0,0.0,0.0,0.0,1.0,0.0,1.0,0.0,10306.0,21530.0,9.0,1.0,0.0,17.0,3.0,3.0,80.0,0.0,15.0,3.0,3.0,13.0,12.0,6.0,0.0,1
40.0,0.0,0.0,1.0,458.0,0.0,1.0,0.0,16.0,2.0,0.0,0.0,1.0,0.0,0.0,0.0,1.0,1340.0,3.0,1.0,74.0,3.0,1.0,0.0,0.0,0.0,0.0,0.0,1.0,0.0,0.0,0.0,3.0,0.0,0.0,1.0,3544.0,8532.0,9.0,1.0,0.0,16.0,3.0,2.0,80.0,1.0,6.0,0.0,3.0,4.0,2.0,0.0,0.0,0
37.0,1.0,0.0,0.0,1305.0,0.0,1.0,0.0,10.0,4.0,0.0,0.0,1.0,0.0,0.0,0.0,1.0,518.0,3.0,1.0,49.0,3.0,2.0,0.0,0.0,0.0,1.0,0.0,0.0,0.0,0.0,0.0,2.0,1.0,0.0,0.0,4197.0,21123.0,2.0,1.0,1.0,12.0,3.0,4.0,80.0,0.0,18.0,2.0,2.0,1.0,0.0,0.0,1.0,0
46.0,1.0,0.0,0.0,1485.0,0.0,1.0,0.0,18.0,3.0,0.0,1.0,0.0,0.0,0.0,0.0,1.0,550.0,3.0,0.0,87.0,3.0,2.0,0.0,0.0,0.0,1.0,0.0,0.0,0.0,0.0,0.0,3.0,0.0,0.0,1.0,4810.0,26314.0,2.0,1.0,0.0,14.0,3.0,3.0,80.0,1.0,19.0,5.0,2.0,10.0,7.0,0.0,8.0,0
34.0,1.0,0.0,0.0,735.0,1.0,0.0,0.0,3.0,1.0,0.0,1.0,0.0,0.0,0.0,0.0,1.0,1915.0,4.0,0.0,75.0,2.0,2.0,0.0,0.0,1.0,0.0,0.0,0.0,0.0,0.0,0.0,4.0,0.0,1.0,0.0,8103.0,16495.0,3.0,1.0,1.0,12.0,3.0,3.0,80.0,0.0,9.0,3.0,2.0,4.0,2.0,0.0,1.0,0
38.0,1.0,0.0,0.0,827.0,0.0,1.0,0.0,1.0,4.0,0.0,0.0,1.0,0.0,0.0,0.0,1.0,724.0,2.0,0.0,33.0,4.0,2.0,0.0,0.0,0.0,0.0,0.0,0.0,0.0,1.0,0.0,4.0,1.0,0.0,0.0,7625.0,19383.0,0.0,1.0,0.0,13.0,3.0,3.0,80.0,0.0,10.0,4.0,2.0,9.0,7.0,1.0,8.0,0
50.0,0.0,0.0,1.0,881.0,0.0,1.0,0.0,2.0,4.0,0.0,0.0,1.0,0.0,0.0,0.0,1.0,905.0,1.0,1.0,98.0,3.0,4.0,1.0,0.0,0.0,0.0,0.0,0.0,0.0,0.0,0.0,1.0,0.0,0.0,1.0,17924.0,4544.0,1.0,1.0,0.0,11.0,3.0,4.0,80.0,1.0,31.0,3.0,3.0,31.0,6.0,14.0,7.0,0
35.0,1.0,0.0,0.0,464.0,0.0,1.0,0.0,4.0,2.0,0.0,0.0,0.0,0.0,0.0,1.0,1.0,53.0,3.0,1.0,75.0,3.0,1.0,0.0,1.0,0.0,0.0,0.0,0.0,0.0,0.0,0.0,4.0,0.0,0.0,1.0,1951.0,10910.0,1.0,1.0,0.0,12.0,3.0,3.0,80.0,1.0,1.0,3.0,3.0,1.0,0.0,0.0,0.0,0
22.0,1.0,0.0,0.0,1256.0,0.0,1.0,0.0,19.0,1.0,0.0,1.0,0.0,0.0,0.0,0.0,1.0,217.0,3.0,1.0,80.0,3.0,1.0,0.0,0.0,0.0,0.0,0.0,1.0,0.0,0.0,0.0,4.0,0.0,1.0,0.0,2323.0,11992.0,1.0,1.0,0.0,24.0,4.0,1.0,80.0,2.0,2.0,6.0,3.0,2.0,2.0,2.0,2.0,0
38.0,1.0,0.0,0.0,833.0,0.0,1.0,0.0,18.0,3.0,0.0,1.0,0.0,0.0,0.0,0.0,1.0,1766.0,2.0,1.0,60.0,1.0,2.0,0.0,0.0,0.0,0.0,0.0,0.0,0.0,1.0,0.0,4.0,0.0,1.0,0.0,5811.0,24539.0,3.0,1.0,1.0,16.0,3.0,3.0,80.0,1.0,15.0,2.0,3.0,1.0,0.0,1.0,0.0,0
36.0,1.0,0.0,0.0,1456.0,1.0,0.0,0.0,13.0,5.0,1.0,0.0,0.0,0.0,0.0,0.0,1.0,1733.0,2.0,1.0,96.0,2.0,2.0,0.0,0.0,1.0,0.0,0.0,0.0,0.0,0.0,0.0,1.0,0.0,0.0,1.0,6134.0,8658.0,5.0,1.0,1.0,13.0,3.0,2.0,80.0,3.0,16.0,3.0,3.0,2.0,2.0,2.0,2.0,1
36.0,1.0,0.0,0.0,884.0,1.0,0.0,0.0,1.0,4.0,0.0,0.0,1.0,0.0,0.0,0.0,1.0,1585.0,2.0,0.0,73.0,3.0,2.0,0.0,0.0,1.0,0.0,0.0,0.0,0.0,0.0,0.0,3.0,1.0,0.0,0.0,6815.0,21447.0,6.0,1.0,0.0,13.0,3.0,1.0,80.0,0.0,15.0,5.0,3.0,1.0,0.0,0.0,0.0,0
31.0,0.0,1.0,0.0,667.0,1.0,0.0,0.0,1.0,4.0,0.0,0.0,1.0,0.0,0.0,0.0,1.0,1427.0,2.0,0.0,50.0,1.0,1.0,0.0,0.0,0.0,0.0,0.0,0.0,0.0,0.0,1.0,3.0,1.0,0.0,0.0,1359.0,16154.0,1.0,1.0,0.0,12.0,3.0,2.0,80.0,0.0,1.0,3.0,3.0,1.0,0.0,0.0,0.0,1
30.0,1.0,0.0,0.0,125.0,0.0,1.0,0.0,9.0,2.0,0.0,1.0,0.0,0.0,0.0,0.0,1.0,41.0,4.0,1.0,83.0,2.0,1.0,0.0,1.0,0.0,0.0,0.0,0.0,0.0,0.0,0.0,3.0,1.0,0.0,0.0,2206.0,16117.0,1.0,1.0,0.0,13.0,3.0,1.0,80.0,0.0,10.0,5.0,3.0,10.0,0.0,1.0,8.0,0
45.0,0.0,1.0,0.0,1297.0,0.0,1.0,0.0,1.0,4.0,0.0,1.0,0.0,0.0,0.0,0.0,1.0,1922.0,2.0,1.0,44.0,3.0,2.0,0.0,0.0,0.0,0.0,0.0,0.0,0.0,1.0,0.0,3.0,1.0,0.0,0.0,5399.0,14511.0,4.0,1.0,0.0,12.0,3.0,3.0,80.0,0.0,12.0,3.0,3.0,4.0,2.0,0.0,3.0,0
37.0,1.0,0.0,0.0,370.0,0.0,1.0,0.0,10.0,4.0,0.0,1.0,0.0,0.0,0.0,0.0,1.0,1809.0,4.0,1.0,58.0,3.0,2.0,0.0,0.0,0.0,1.0,0.0,0.0,0.0,0.0,0.0,1.0,1.0,0.0,0.0,4213.0,4992.0,1.0,1.0,0.0,15.0,3.0,2.0,80.0,0.0,10.0,4.0,1.0,10.0,3.0,0.0,8.0,1
35.0,1.0,0.0,0.0,303.0,1.0,0.0,0.0,27.0,3.0,0.0,0.0,1.0,0.0,0.0,0.0,1.0,1797.0,3.0,1.0,84.0,3.0,2.0,0.0,0.0,1.0,0.0,0.0,0.0,0.0,0.0,0.0,4.0,1.0,0.0,0.0,5813.0,13492.0,1.0,1.0,1.0,18.0,3.0,4.0,80.0,0.0,10.0,2.0,3.0,10.0,7.0,7.0,7.0,1
45.0,1.0,0.0,0.0,252.0,0.0,1.0,0.0,2.0,3.0,0.0,0.0,1.0,0.0,0.0,0.0,1.0,834.0,2.0,0.0,95.0,2.0,1.0,0.0,0.0,0.0,0.0,0.0,1.0,0.0,0.0,0.0,3.0,1.0,0.0,0.0,2274.0,6153.0,1.0,1.0,0.0,14.0,3.0,4.0,80.0,0.0,1.0,3.0,3.0,1.0,0.0,0.0,0.0,0
34.0,1.0,0.0,0.0,1326.0,1.0,0.0,0.0,3.0,3.0,0.0,0.0,0.0,0.0,0.0,1.0,1.0,1478.0,4.0,1.0,81.0,1.0,2.0,0.0,0.0,1.0,0.0,0.0,0.0,0.0,0.0,0.0,1.0,1.0,0.0,0.0,4759.0,15891.0,3.0,1.0,0.0,18.0,3.0,4.0,80.0,0.0,15.0,2.0,3.0,13.0,9.0,3.0,12.0,0
51.0,1.0,0.0,0.0,1178.0,1.0,0.0,0.0,14.0,2.0,0.0,0.0,1.0,0.0,0.0,0.0,1.0,500.0,3.0,0.0,87.0,3.0,2.0,0.0,0.0,1.0,0.0,0.0,0.0,0.0,0.0,0.0,4.0,0.0,1.0,0.0,4936.0,14862.0,4.0,1.0,0.0,11.0,3.0,3.0,80.0,1.0,18.0,2.0,2.0,7.0,7.0,0.0,7.0,0
31.0,0.0,1.0,0.0,1060.0,1.0,0.0,0.0,1.0,3.0,0.0,0.0,1.0,0.0,0.0,0.0,1.0,1331.0,4.0,0.0,54.0,3.0,1.0,0.0,0.0,0.0,0.0,0.0,0.0,0.0,0.0,1.0,2.0,1.0,0.0,0.0,2302.0,8319.0,1.0,1.0,1.0,11.0,3.0,1.0,80.0,0.0,3.0,2.0,4.0,3.0,2.0,2.0,2.0,1
31.0,1.0,0.0,0.0,655.0,0.0,1.0,0.0,7.0,4.0,0.0,0.0,1.0,0.0,0.0,0.0,1.0,76.0,4.0,1.0,48.0,3.0,2.0,0.0,1.0,0.0,0.0,0.0,0.0,0.0,0.0,0.0,4.0,0.0,0.0,1.0,5915.0,9528.0,3.0,1.0,0.0,22.0,4.0,4.0,80.0,1.0,10.0,3.0,2.0,7.0,7.0,1.0,7.0,0
34.0,1.0,0.0,0.0,1480.0,1.0,0.0,0.0,4.0,3.0,0.0,0.0,1.0,0.0,0.0,0.0,1.0,1882.0,3.0,1.0,64.0,3.0,3.0,0.0,0.0,1.0,0.0,0.0,0.0,0.0,0.0,0.0,4.0,0.0,1.0,0.0,9713.0,24444.0,2.0,1.0,1.0,13.0,3.0,4.0,80.0,3.0,9.0,3.0,3.0,5.0,3.0,1.0,0.0,0
36.0,1.0,0.0,0.0,335.0,1.0,0.0,0.0,17.0,2.0,1.0,0.0,0.0,0.0,0.0,0.0,1.0,1908.0,3.0,1.0,33.0,2.0,2.0,0.0,0.0,1.0,0.0,0.0,0.0,0.0,0.0,0.0,2.0,0.0,1.0,0.0,5507.0,16822.0,2.0,1.0,0.0,16.0,3.0,3.0,80.0,2.0,12.0,1.0,1.0,4.0,2.0,1.0,3.0,0
33.0,1.0,0.0,0.0,501.0,0.0,1.0,0.0,15.0,2.0,0.0,1.0,0.0,0.0,0.0,0.0,1.0,2009.0,2.0,0.0,95.0,3.0,2.0,0.0,0.0,0.0,0.0,0.0,0.0,0.0,1.0,0.0,4.0,0.0,1.0,0.0,4878.0,21653.0,0.0,1.0,1.0,13.0,3.0,1.0,80.0,1.0,10.0,6.0,3.0,9.0,7.0,8.0,1.0,0
42.0,0.0,1.0,0.0,1474.0,0.0,1.0,0.0,5.0,2.0,0.0,0.0,0.0,0.0,0.0,1.0,1.0,591.0,2.0,1.0,97.0,3.0,1.0,0.0,1.0,0.0,0.0,0.0,0.0,0.0,0.0,0.0,3.0,0.0,1.0,0.0,2093.0,9260.0,4.0,1.0,0.0,17.0,3.0,4.0,80.0,1.0,8.0,4.0,3.0,2.0,2.0,2.0,0.0,0
29.0,1.0,0.0,0.0,1329.0,0.0,1.0,0.0,7.0,3.0,0.0,0.0,1.0,0.0,0.0,0.0,1.0,1260.0,3.0,1.0,82.0,3.0,2.0,0.0,0.0,0.0,0.0,0.0,0.0,0.0,1.0,0.0,4.0,0.0,0.0,1.0,6623.0,4204.0,1.0,1.0,1.0,11.0,3.0,2.0,80.0,2.0,6.0,2.0,3.0,6.0,0.0,1.0,0.0,0
55.0,1.0,0.0,0.0,189.0,0.0,0.0,1.0,26.0,4.0,0.0,0.0,0.0,1.0,0.0,0.0,1.0,1973.0,3.0,1.0,71.0,4.0,5.0,1.0,0.0,0.0,0.0,0.0,0.0,0.0,0.0,0.0,2.0,0.0,1.0,0.0,19636.0,25811.0,4.0,1.0,1.0,18.0,3.0,1.0,80.0,1.0,35.0,0.0,3.0,10.0,9.0,1.0,4.0,0
38.0,1.0,0.0,0.0,770.0,1.0,0.0,0.0,10.0,4.0,1.0,0.0,0.0,0.0,0.0,0.0,1.0,1119.0,3.0,1.0,73.0,2.0,3.0,0.0,0.0,1.0,0.0,0.0,0.0,0.0,0.0,0.0,3.0,0.0,0.0,1.0,8740.0,5569.0,0.0,1.0,1.0,14.0,3.0,2.0,80.0,2.0,9.0,2.0,3.0,8.0,7.0,2.0,7.0,0
38.0,0.0,1.0,0.0,1490.0,0.0,1.0,0.0,2.0,2.0,0.0,0.0,1.0,0.0,0.0,0.0,1.0,556.0,4.0,1.0,42.0,3.0,1.0,0.0,1.0,0.0,0.0,0.0,0.0,0.0,0.0,0.0,4.0,0.0,1.0,0.0,1702.0,12106.0,1.0,1.0,1.0,23.0,4.0,3.0,80.0,1.0,1.0,3.0,3.0,1.0,0.0,0.0,0.0,0
40.0,1.0,0.0,0.0,750.0,0.0,1.0,0.0,12.0,3.0,0.0,0.0,1.0,0.0,0.0,0.0,1.0,1829.0,2.0,0.0,47.0,3.0,2.0,0.0,0.0,0.0,0.0,0.0,0.0,0.0,1.0,0.0,1.0,0.0,0.0,1.0,4448.0,10748.0,2.0,1.0,0.0,12.0,3.0,2.0,80.0,1.0,15.0,3.0,3.0,7.0,4.0,7.0,7.0,0
43.0,0.0,1.0,0.0,313.0,0.0,1.0,0.0,21.0,3.0,0.0,1.0,0.0,0.0,0.0,0.0,1.0,525.0,4.0,1.0,61.0,3.0,1.0,0.0,1.0,0.0,0.0,0.0,0.0,0.0,0.0,0.0,4.0,0.0,1.0,0.0,2258.0,15238.0,7.0,1.0,0.0,20.0,4.0,1.0,80.0,1.0,8.0,1.0,3.0,3.0,2.0,1.0,2.0,0
38.0,0.0,1.0,0.0,653.0,0.0,1.0,0.0,29.0,5.0,0.0,0.0,1.0,0.0,0.0,0.0,1.0,79.0,4.0,0.0,50.0,3.0,2.0,0.0,1.0,0.0,0.0,0.0,0.0,0.0,0.0,0.0,4.0,1.0,0.0,0.0,2406.0,5456.0,1.0,1.0,0.0,11.0,3.0,4.0,80.0,0.0,10.0,2.0,3.0,10.0,3.0,9.0,9.0,0
49.0,1.0,0.0,0.0,1261.0,0.0,1.0,0.0,7.0,3.0,0.0,0.0,0.0,0.0,0.0,1.0,1.0,499.0,2.0,1.0,31.0,2.0,3.0,0.0,0.0,0.0,0.0,0.0,0.0,0.0,1.0,0.0,3.0,1.0,0.0,0.0,10965.0,12066.0,8.0,1.0,0.0,24.0,4.0,3.0,80.0,0.0,26.0,2.0,3.0,5.0,2.0,0.0,0.0,0
34.0,1.0,0.0,0.0,181.0,0.0,1.0,0.0,2.0,4.0,0.0,1.0,0.0,0.0,0.0,0.0,1.0,1755.0,4.0,1.0,97.0,4.0,1.0,0.0,0.0,0.0,0.0,0.0,1.0,0.0,0.0,0.0,4.0,0.0,1.0,0.0,2932.0,5586.0,0.0,1.0,1.0,14.0,3.0,1.0,80.0,3.0,6.0,3.0,3.0,5.0,0.0,1.0,2.0,0
49.0,1.0,0.0,0.0,1313.0,1.0,0.0,0.0,11.0,4.0,1.0,0.0,0.0,0.0,0.0,0.0,1.0,1757.0,4.0,0.0,80.0,3.0,2.0,0.0,0.0,1.0,0.0,0.0,0.0,0.0,0.0,0.0,4.0,1.0,0.0,0.0,4507.0,8191.0,3.0,1.0,0.0,12.0,3.0,3.0,80.0,0.0,8.0,1.0,4.0,5.0,1.0,0.0,4.0,0
36.0,1.0,0.0,0.0,938.0,0.0,1.0,0.0,2.0,4.0,0.0,1.0,0.0,0.0,0.0,0.0,1.0,958.0,3.0,1.0,79.0,3.0,1.0,0.0,1.0,0.0,0.0,0.0,0.0,0.0,0.0,0.0,3.0,1.0,0.0,0.0,2519.0,12287.0,4.0,1.0,0.0,21.0,4.0,3.0,80.0,0.0,16.0,6.0,3.0,11.0,8.0,3.0,9.0,0
31.0,0.0,1.0,0.0,793.0,1.0,0.0,0.0,20.0,3.0,0.0,0.0,1.0,0.0,0.0,0.0,1.0,1135.0,3.0,1.0,67.0,4.0,1.0,0.0,0.0,0.0,0.0,0.0,0.0,0.0,0.0,1.0,4.0,0.0,1.0,0.0,2791.0,21981.0,0.0,1.0,0.0,12.0,3.0,1.0,80.0,1.0,3.0,4.0,3.0,2.0,2.0,2.0,2.0,0
44.0,1.0,0.0,0.0,200.0,0.0,1.0,0.0,29.0,4.0,0.0,0.0,0.0,0.0,0.0,1.0,1.0,1225.0,4.0,1.0,32.0,3.0,2.0,0.0,0.0,0.0,0.0,0.0,1.0,0.0,0.0,0.0,4.0,1.0,0.0,0.0,4541.0,7744.0,1.0,1.0,0.0,25.0,4.0,2.0,80.0,0.0,20.0,3.0,3.0,20.0,11.0,13.0,17.0,0
34.0,1.0,0.0,0.0,182.0,0.0,1.0,0.0,1.0,4.0,0.0,0.0,1.0,0.0,0.0,0.0,1.0,797.0,2.0,0.0,72.0,4.0,1.0,0.0,0.0,0.0,0.0,0.0,1.0,0.0,0.0,0.0,4.0,1.0,0.0,0.0,3280.0,13551.0,2.0,1.0,0.0,16.0,3.0,3.0,80.0,0.0,10.0,2.0,3.0,4.0,2.0,1.0,3.0,0
35.0,1.0,0.0,0.0,1029.0,0.0,1.0,0.0,16.0,3.0,0.0,0.0,1.0,0.0,0.0,0.0,1.0,1529.0,4.0,0.0,91.0,2.0,3.0,0.0,0.0,0.0,0.0,0.0,0.0,0.0,1.0,0.0,2.0,1.0,0.0,0.0,8606.0,21195.0,1.0,1.0,0.0,19.0,3.0,4.0,80.0,0.0,11.0,3.0,1.0,11.0,8.0,3.0,3.0,0
45.0,1.0,0.0,0.0,1268.0,1.0,0.0,0.0,4.0,2.0,0.0,0.0,1.0,0.0,0.0,0.0,1.0,240.0,3.0,0.0,30.0,3.0,2.0,0.0,0.0,1.0,0.0,0.0,0.0,0.0,0.0,0.0,1.0,0.0,0.0,1.0,5006.0,6319.0,4.0,1.0,1.0,11.0,3.0,1.0,80.0,1.0,9.0,3.0,4.0,5.0,4.0,0.0,3.0,0
38.0,1.0,0.0,0.0,201.0,0.0,1.0,0.0,10.0,3.0,0.0,1.0,0.0,0.0,0.0,0.0,1.0,2015.0,2.0,0.0,99.0,1.0,3.0,0.0,0.0,0.0,0.0,1.0,0.0,0.0,0.0,0.0,3.0,0.0,1.0,0.0,13206.0,3376.0,3.0,1.0,0.0,12.0,3.0,1.0,80.0,1.0,20.0,3.0,3.0,18.0,16.0,1.0,11.0,0
50.0,0.0,1.0,0.0,562.0,1.0,0.0,0.0,8.0,2.0,0.0,0.0,0.0,0.0,1.0,0.0,1.0,723.0,2.0,1.0,50.0,3.0,2.0,0.0,0.0,1.0,0.0,0.0,0.0,0.0,0.0,0.0,3.0,0.0,1.0,0.0,6796.0,23452.0,3.0,1.0,1.0,14.0,3.0,1.0,80.0,1.0,18.0,4.0,3.0,4.0,3.0,1.0,3.0,1
22.0,1.0,0.0,0.0,534.0,0.0,1.0,0.0,15.0,3.0,0.0,1.0,0.0,0.0,0.0,0.0,1.0,144.0,2.0,0.0,59.0,3.0,1.0,0.0,1.0,0.0,0.0,0.0,0.0,0.0,0.0,0.0,4.0,1.0,0.0,0.0,2871.0,23785.0,1.0,1.0,0.0,15.0,3.0,3.0,80.0,0.0,1.0,5.0,3.0,0.0,0.0,0.0,0.0,0
40.0,0.0,0.0,1.0,663.0,0.0,1.0,0.0,9.0,4.0,0.0,0.0,0.0,0.0,0.0,1.0,1.0,1449.0,3.0,1.0,81.0,3.0,2.0,0.0,1.0,0.0,0.0,0.0,0.0,0.0,0.0,0.0,3.0,0.0,0.0,1.0,3975.0,23099.0,3.0,1.0,0.0,11.0,3.0,3.0,80.0,2.0,11.0,2.0,4.0,8.0,7.0,0.0,7.0,0
44.0,1.0,0.0,0.0,661.0,0.0,1.0,0.0,9.0,2.0,0.0,0.0,1.0,0.0,0.0,0.0,1.0,913.0,2.0,1.0,61.0,3.0,1.0,0.0,0.0,0.0,0.0,0.0,1.0,0.0,0.0,0.0,1.0,0.0,1.0,0.0,2559.0,7508.0,1.0,1.0,1.0,13.0,3.0,4.0,80.0,0.0,8.0,0.0,3.0,8.0,7.0,7.0,1.0,0
42.0,1.0,0.0,0.0,635.0,1.0,0.0,0.0,1.0,1.0,0.0,0.0,1.0,0.0,0.0,0.0,1.0,387.0,2.0,1.0,99.0,3.0,2.0,0.0,0.0,1.0,0.0,0.0,0.0,0.0,0.0,0.0,3.0,0.0,1.0,0.0,4907.0,24532.0,1.0,1.0,0.0,25.0,4.0,3.0,80.0,0.0,20.0,3.0,3.0,20.0,16.0,11.0,6.0,0
39.0,1.0,0.0,0.0,117.0,0.0,1.0,0.0,10.0,1.0,0.0,1.0,0.0,0.0,0.0,0.0,1.0,429.0,3.0,1.0,99.0,3.0,4.0,1.0,0.0,0.0,0.0,0.0,0.0,0.0,0.0,0.0,1.0,0.0,1.0,0.0,17068.0,5355.0,1.0,1.0,1.0,14.0,3.0,4.0,80.0,0.0,21.0,3.0,3.0,21.0,9.0,11.0,10.0,0
31.0,0.0,1.0,0.0,1445.0,0.0,1.0,0.0,1.0,5.0,0.0,0.0,1.0,0.0,0.0,0.0,1.0,1459.0,3.0,0.0,100.0,4.0,3.0,0.0,0.0,0.0,1.0,0.0,0.0,0.0,0.0,0.0,2.0,1.0,0.0,0.0,7446.0,8931.0,1.0,1.0,0.0,11.0,3.0,1.0,80.0,0.0,10.0,2.0,3.0,10.0,8.0,4.0,7.0,1
24.0,1.0,0.0,0.0,506.0,0.0,1.0,0.0,29.0,1.0,0.0,1.0,0.0,0.0,0.0,0.0,1.0,1725.0,2.0,1.0,91.0,3.0,1.0,0.0,1.0,0.0,0.0,0.0,0.0,0.0,0.0,0.0,1.0,0.0,0.0,1.0,3907.0,3622.0,1.0,1.0,0.0,13.0,3.0,2.0,80.0,3.0,6.0,2.0,4.0,6.0,2.0,1.0,2.0,0
28.0,1.0,0.0,0.0,1476.0,0.0,1.0,0.0,16.0,2.0,0.0,1.0,0.0,0.0,0.0,0.0,1.0,412.0,2.0,1.0,68.0,4.0,2.0,0.0,0.0,0.0,0.0,0.0,0.0,0.0,1.0,0.0,1.0,1.0,0.0,0.0,5661.0,4824.0,0.0,1.0,0.0,19.0,3.0,3.0,80.0,0.0,9.0,2.0,3.0,8.0,3.0,0.0,7.0,0
59.0,0.0,1.0,0.0,1225.0,1.0,0.0,0.0,1.0,1.0,0.0,0.0,1.0,0.0,0.0,0.0,1.0,91.0,1.0,0.0,57.0,2.0,2.0,0.0,0.0,1.0,0.0,0.0,0.0,0.0,0.0,0.0,3.0,1.0,0.0,0.0,5473.0,24668.0,7.0,1.0,0.0,11.0,3.0,4.0,80.0,0.0,20.0,2.0,2.0,4.0,3.0,1.0,3.0,0
32.0,1.0,0.0,0.0,1062.0,0.0,1.0,0.0,2.0,3.0,0.0,1.0,0.0,0.0,0.0,0.0,1.0,471.0,3.0,0.0,75.0,3.0,1.0,0.0,1.0,0.0,0.0,0.0,0.0,0.0,0.0,0.0,2.0,0.0,1.0,0.0,2370.0,3956.0,1.0,1.0,0.0,13.0,3.0,3.0,80.0,1.0,8.0,4.0,3.0,8.0,0.0,0.0,7.0,0
43.0,0.0,1.0,0.0,775.0,1.0,0.0,0.0,15.0,3.0,0.0,0.0,1.0,0.0,0.0,0.0,1.0,754.0,4.0,1.0,47.0,2.0,2.0,0.0,0.0,1.0,0.0,0.0,0.0,0.0,0.0,0.0,4.0,0.0,1.0,0.0,6804.0,23683.0,3.0,1.0,0.0,18.0,3.0,3.0,80.0,1.0,7.0,5.0,3.0,2.0,2.0,2.0,2.0,0
47.0,0.0,0.0,1.0,1162.0,0.0,1.0,0.0,1.0,1.0,0.0,1.0,0.0,0.0,0.0,0.0,1.0,2000.0,3.0,0.0,98.0,3.0,3.0,0.0,0.0,0.0,0.0,1.0,0.0,0.0,0.0,0.0,2.0,0.0,1.0,0.0,11957.0,17231.0,0.0,1.0,0.0,18.0,3.0,1.0,80.0,2.0,14.0,3.0,1.0,13.0,8.0,5.0,12.0,0
30.0,1.0,0.0,0.0,413.0,1.0,0.0,0.0,7.0,1.0,1.0,0.0,0.0,0.0,0.0,0.0,1.0,585.0,4.0,1.0,57.0,3.0,1.0,0.0,0.0,0.0,0.0,0.0,0.0,0.0,0.0,1.0,2.0,1.0,0.0,0.0,2983.0,18398.0,0.0,1.0,0.0,14.0,3.0,1.0,80.0,0.0,4.0,3.0,3.0,3.0,2.0,1.0,2.0,0
29.0,1.0,0.0,0.0,942.0,0.0,1.0,0.0,15.0,1.0,0.0,0.0,1.0,0.0,0.0,0.0,1.0,1202.0,2.0,0.0,69.0,1.0,1.0,0.0,0.0,0.0,0.0,0.0,1.0,0.0,0.0,0.0,4.0,0.0,1.0,0.0,2168.0,26933.0,0.0,1.0,1.0,18.0,3.0,1.0,80.0,1.0,6.0,2.0,2.0,5.0,4.0,1.0,3.0,0
38.0,0.0,1.0,0.0,1444.0,0.0,0.0,1.0,1.0,4.0,0.0,0.0,0.0,0.0,0.0,1.0,1.0,1972.0,4.0,1.0,88.0,3.0,1.0,0.0,0.0,0.0,0.0,0.0,0.0,1.0,0.0,0.0,2.0,0.0,1.0,0.0,2991.0,5224.0,0.0,1.0,1.0,11.0,3.0,2.0,80.0,1.0,7.0,2.0,3.0,6.0,2.0,1.0,2.0,0
43.0,0.0,1.0,0.0,422.0,0.0,1.0,0.0,1.0,3.0,0.0,0.0,1.0,0.0,0.0,0.0,1.0,902.0,4.0,0.0,33.0,3.0,2.0,0.0,0.0,0.0,0.0,0.0,0.0,0.0,1.0,0.0,4.0,0.0,1.0,0.0,5562.0,21782.0,4.0,1.0,0.0,13.0,3.0,2.0,80.0,1.0,12.0,2.0,2.0,5.0,2.0,2.0,2.0,0
27.0,1.0,0.0,0.0,1240.0,0.0,1.0,0.0,2.0,4.0,0.0,0.0,1.0,0.0,0.0,0.0,1.0,54.0,4.0,0.0,33.0,3.0,1.0,0.0,1.0,0.0,0.0,0.0,0.0,0.0,0.0,0.0,1.0,0.0,0.0,1.0,2341.0,19715.0,1.0,1.0,0.0,13.0,3.0,4.0,80.0,1.0,1.0,6.0,3.0,1.0,0.0,0.0,0.0,0
18.0,0.0,0.0,1.0,287.0,0.0,1.0,0.0,5.0,2.0,0.0,0.0,1.0,0.0,0.0,0.0,1.0,1012.0,2.0,1.0,73.0,3.0,1.0,0.0,0.0,0.0,0.0,0.0,1.0,0.0,0.0,0.0,4.0,1.0,0.0,0.0,1051.0,13493.0,1.0,1.0,0.0,15.0,3.0,4.0,80.0,0.0,0.0,2.0,3.0,0.0,0.0,0.0,0.0,0
31.0,1.0,0.0,0.0,249.0,1.0,0.0,0.0,6.0,4.0,0.0,0.0,1.0,0.0,0.0,0.0,1.0,163.0,2.0,1.0,76.0,1.0,2.0,0.0,0.0,1.0,0.0,0.0,0.0,0.0,0.0,0.0,3.0,0.0,1.0,0.0,6172.0,20739.0,4.0,1.0,1.0,18.0,3.0,2.0,80.0,0.0,12.0,3.0,2.0,7.0,7.0,7.0,7.0,1
43.0,1.0,0.0,0.0,415.0,1.0,0.0,0.0,25.0,3.0,0.0,1.0,0.0,0.0,0.0,0.0,1.0,1076.0,3.0,1.0,79.0,2.0,3.0,0.0,0.0,1.0,0.0,0.0,0.0,0.0,0.0,0.0,4.0,0.0,0.0,1.0,10798.0,5268.0,5.0,1.0,0.0,13.0,3.0,3.0,80.0,1.0,18.0,5.0,3.0,1.0,0.0,0.0,0.0,0
21.0,0.0,0.0,1.0,895.0,1.0,0.0,0.0,9.0,2.0,0.0,1.0,0.0,0.0,0.0,0.0,1.0,484.0,1.0,1.0,39.0,3.0,1.0,0.0,0.0,0.0,0.0,0.0,0.0,0.0,0.0,1.0,4.0,1.0,0.0,0.0,2610.0,2851.0,1.0,1.0,0.0,24.0,4.0,3.0,80.0,0.0,3.0,3.0,2.0,3.0,2.0,2.0,2.0,0
37.0,1.0,0.0,0.0,671.0,0.0,1.0,0.0,19.0,3.0,0.0,0.0,1.0,0.0,0.0,0.0,1.0,1631.0,3.0,1.0,85.0,3.0,2.0,0.0,0.0,0.0,1.0,0.0,0.0,0.0,0.0,0.0,3.0,0.0,1.0,0.0,5768.0,26493.0,3.0,1.0,0.0,17.0,3.0,1.0,80.0,3.0,9.0,2.0,2.0,4.0,3.0,0.0,2.0,0
36.0,0.0,0.0,1.0,635.0,1.0,0.0,0.0,10.0,4.0,0.0,1.0,0.0,0.0,0.0,0.0,1.0,592.0,2.0,1.0,32.0,3.0,3.0,0.0,0.0,1.0,0.0,0.0,0.0,0.0,0.0,0.0,4.0,1.0,0.0,0.0,9980.0,15318.0,1.0,1.0,0.0,14.0,3.0,4.0,80.0,0.0,10.0,3.0,2.0,10.0,3.0,9.0,7.0,0
34.0,1.0,0.0,0.0,628.0,0.0,1.0,0.0,8.0,3.0,0.0,1.0,0.0,0.0,0.0,0.0,1.0,2068.0,2.0,1.0,82.0,4.0,2.0,0.0,1.0,0.0,0.0,0.0,0.0,0.0,0.0,0.0,3.0,0.0,1.0,0.0,4404.0,10228.0,2.0,1.0,0.0,12.0,3.0,1.0,80.0,0.0,6.0,3.0,4.0,4.0,3.0,1.0,2.0,0
46.0,1.0,0.0,0.0,1003.0,0.0,1.0,0.0,8.0,4.0,0.0,0.0,1.0,0.0,0.0,0.0,1.0,1080.0,4.0,0.0,74.0,2.0,2.0,0.0,0.0,0.0,0.0,0.0,1.0,0.0,0.0,0.0,1.0,0.0,0.0,1.0,4615.0,21029.0,8.0,1.0,1.0,23.0,4.0,1.0,80.0,3.0,19.0,2.0,3.0,16.0,13.0,1.0,7.0,0
39.0,1.0,0.0,0.0,867.0,0.0,1.0,0.0,9.0,2.0,0.0,1.0,0.0,0.0,0.0,0.0,1.0,1936.0,1.0,1.0,87.0,3.0,2.0,0.0,0.0,0.0,1.0,0.0,0.0,0.0,0.0,0.0,1.0,0.0,1.0,0.0,5151.0,12315.0,1.0,1.0,0.0,25.0,4.0,4.0,80.0,1.0,10.0,3.0,3.0,10.0,0.0,7.0,9.0,0
44.0,1.0,0.0,0.0,136.0,0.0,1.0,0.0,28.0,3.0,0.0,0.0,1.0,0.0,0.0,0.0,1.0,1523.0,4.0,1.0,32.0,3.0,4.0,0.0,0.0,0.0,0.0,1.0,0.0,0.0,0.0,0.0,1.0,0.0,1.0,0.0,16328.0,22074.0,3.0,1.0,0.0,13.0,3.0,3.0,80.0,1.0,24.0,1.0,4.0,20.0,6.0,14.0,17.0,0
33.0,0.0,1.0,0.0,515.0,0.0,1.0,0.0,1.0,2.0,0.0,0.0,1.0,0.0,0.0,0.0,1.0,73.0,1.0,0.0,98.0,3.0,3.0,0.0,0.0,0.0,0.0,1.0,0.0,0.0,0.0,0.0,4.0,1.0,0.0,0.0,13458.0,15146.0,1.0,1.0,1.0,12.0,3.0,3.0,80.0,0.0,15.0,1.0,3.0,15.0,14.0,8.0,12.0,0
34.0,1.0,0.0,0.0,943.0,0.0,1.0,0.0,9.0,3.0,0.0,0.0,1.0,0.0,0.0,0.0,1.0,1344.0,4.0,1.0,86.0,3.0,3.0,0.0,0.0,0.0,0.0,0.0,0.0,0.0,1.0,0.0,4.0,0.0,0.0,1.0,8500.0,5494.0,0.0,1.0,0.0,11.0,3.0,4.0,80.0,1.0,10.0,0.0,2.0,9.0,7.0,1.0,6.0,0
38.0,1.0,0.0,0.0,397.0,0.0,1.0,0.0,2.0,2.0,0.0,1.0,0.0,0.0,0.0,0.0,1.0,1638.0,4.0,0.0,54.0,2.0,3.0,0.0,0.0,0.0,1.0,0.0,0.0,0.0,0.0,0.0,3.0,0.0,1.0,0.0,7756.0,14199.0,3.0,1.0,1.0,19.0,3.0,4.0,80.0,1.0,10.0,6.0,4.0,5.0,4.0,0.0,2.0,0
53.0,1.0,0.0,0.0,1070.0,0.0,1.0,0.0,3.0,4.0,0.0,1.0,0.0,0.0,0.0,0.0,1.0,386.0,3.0,1.0,45.0,3.0,4.0,0.0,0.0,0.0,0.0,1.0,0.0,0.0,0.0,0.0,3.0,0.0,1.0,0.0,17584.0,21016.0,3.0,1.0,1.0,16.0,3.0,4.0,80.0,3.0,21.0,5.0,2.0,5.0,3.0,1.0,3.0,0
26.0,1.0,0.0,0.0,991.0,0.0,1.0,0.0,6.0,3.0,0.0,0.0,1.0,0.0,0.0,0.0,1.0,686.0,3.0,0.0,71.0,3.0,1.0,0.0,1.0,0.0,0.0,0.0,0.0,0.0,0.0,0.0,4.0,0.0,1.0,0.0,2659.0,17759.0,1.0,1.0,1.0,13.0,3.0,3.0,80.0,1.0,3.0,2.0,3.0,3.0,2.0,0.0,2.0,0
36.0,1.0,0.0,0.0,928.0,1.0,0.0,0.0,1.0,2.0,0.0,0.0,1.0,0.0,0.0,0.0,1.0,857.0,2.0,1.0,56.0,3.0,2.0,0.0,0.0,1.0,0.0,0.0,0.0,0.0,0.0,0.0,4.0,0.0,1.0,0.0,6201.0,2823.0,1.0,1.0,1.0,14.0,3.0,4.0,80.0,1.0,18.0,1.0,2.0,18.0,14.0,4.0,11.0,0
36.0,1.0,0.0,0.0,1040.0,0.0,1.0,0.0,3.0,2.0,0.0,0.0,1.0,0.0,0.0,0.0,1.0,1664.0,4.0,1.0,79.0,4.0,2.0,0.0,0.0,0.0,0.0,0.0,0.0,0.0,1.0,0.0,1.0,0.0,0.0,1.0,6842.0,26308.0,6.0,1.0,0.0,20.0,4.0,1.0,80.0,1.0,13.0,3.0,3.0,5.0,4.0,0.0,4.0,0
45.0,0.0,1.0,0.0,306.0,1.0,0.0,0.0,26.0,4.0,0.0,0.0,1.0,0.0,0.0,0.0,1.0,684.0,1.0,0.0,100.0,3.0,2.0,0.0,0.0,1.0,0.0,0.0,0.0,0.0,0.0,0.0,1.0,0.0,1.0,0.0,4286.0,5630.0,2.0,1.0,0.0,14.0,3.0,4.0,80.0,2.0,5.0,4.0,3.0,1.0,1.0,0.0,0.0,1
22.0,1.0,0.0,0.0,1294.0,0.0,1.0,0.0,8.0,1.0,0.0,1.0,0.0,0.0,0.0,0.0,1.0,1783.0,3.0,0.0,79.0,3.0,1.0,0.0,1.0,0.0,0.0,0.0,0.0,0.0,0.0,0.0,1.0,0.0,1.0,0.0,2398.0,15999.0,1.0,1.0,1.0,17.0,3.0,3.0,80.0,0.0,1.0,6.0,3.0,1.0,0.0,0.0,0.0,1
44.0,0.0,1.0,0.0,383.0,1.0,0.0,0.0,1.0,5.0,1.0,0.0,0.0,0.0,0.0,0.0,1.0,1481.0,1.0,0.0,79.0,3.0,2.0,0.0,0.0,1.0,0.0,0.0,0.0,0.0,0.0,0.0,3.0,0.0,1.0,0.0,4768.0,9282.0,7.0,1.0,0.0,12.0,3.0,3.0,80.0,1.0,11.0,4.0,2.0,1.0,0.0,0.0,0.0,0
35.0,1.0,0.0,0.0,528.0,0.0,0.0,1.0,8.0,4.0,0.0,0.0,0.0,0.0,1.0,0.0,1.0,1164.0,3.0,1.0,100.0,3.0,1.0,0.0,0.0,0.0,0.0,0.0,0.0,1.0,0.0,0.0,3.0,1.0,0.0,0.0,4323.0,7108.0,1.0,1.0,0.0,17.0,3.0,2.0,80.0,0.0,6.0,2.0,1.0,5.0,4.0,1.0,4.0,0
38.0,1.0,0.0,0.0,364.0,0.0,1.0,0.0,3.0,5.0,0.0,0.0,0.0,0.0,1.0,0.0,1.0,193.0,4.0,0.0,32.0,3.0,2.0,0.0,0.0,0.0,0.0,0.0,1.0,0.0,0.0,0.0,3.0,1.0,0.0,0.0,4317.0,2302.0,3.0,1.0,1.0,20.0,4.0,2.0,80.0,0.0,19.0,2.0,3.0,3.0,2.0,2.0,2.0,0
47.0,0.0,0.0,1.0,1169.0,0.0,1.0,0.0,14.0,4.0,0.0,0.0,0.0,0.0,1.0,0.0,1.0,1934.0,3.0,1.0,64.0,3.0,2.0,0.0,0.0,0.0,0.0,0.0,1.0,0.0,0.0,0.0,2.0,0.0,1.0,0.0,5467.0,2125.0,8.0,1.0,0.0,18.0,3.0,3.0,80.0,1.0,16.0,4.0,4.0,8.0,7.0,1.0,7.0,0
41.0,1.0,0.0,0.0,1206.0,1.0,0.0,0.0,23.0,2.0,0.0,0.0,1.0,0.0,0.0,0.0,1.0,1678.0,4.0,1.0,80.0,3.0,3.0,0.0,0.0,1.0,0.0,0.0,0.0,0.0,0.0,0.0,3.0,1.0,0.0,0.0,7082.0,11591.0,3.0,1.0,1.0,16.0,3.0,4.0,80.0,0.0,21.0,2.0,3.0,2.0,0.0,0.0,2.0,0
38.0,0.0,1.0,0.0,594.0,0.0,1.0,0.0,2.0,2.0,0.0,1.0,0.0,0.0,0.0,0.0,1.0,1760.0,3.0,0.0,75.0,2.0,1.0,0.0,1.0,0.0,0.0,0.0,0.0,0.0,0.0,0.0,2.0,0.0,1.0,0.0,2468.0,15963.0,4.0,1.0,0.0,14.0,3.0,2.0,80.0,1.0,9.0,4.0,2.0,6.0,1.0,0.0,5.0,0
34.0,1.0,0.0,0.0,285.0,0.0,1.0,0.0,29.0,3.0,0.0,1.0,0.0,0.0,0.0,0.0,1.0,1377.0,2.0,1.0,86.0,3.0,2.0,0.0,1.0,0.0,0.0,0.0,0.0,0.0,0.0,0.0,3.0,0.0,1.0,0.0,5429.0,17491.0,4.0,1.0,0.0,13.0,3.0,1.0,80.0,2.0,10.0,1.0,3.0,8.0,7.0,7.0,7.0,0
50.0,1.0,0.0,0.0,989.0,0.0,1.0,0.0,7.0,2.0,0.0,1.0,0.0,0.0,0.0,0.0,1.0,80.0,2.0,0.0,43.0,2.0,5.0,0.0,0.0,0.0,0.0,1.0,0.0,0.0,0.0,0.0,3.0,0.0,0.0,1.0,18740.0,16701.0,5.0,1.0,1.0,12.0,3.0,4.0,80.0,1.0,29.0,2.0,2.0,27.0,3.0,13.0,8.0,0
32.0,1.0,0.0,0.0,827.0,0.0,1.0,0.0,1.0,1.0,0.0,0.0,1.0,0.0,0.0,0.0,1.0,134.0,4.0,1.0,71.0,3.0,1.0,0.0,0.0,0.0,0.0,0.0,1.0,0.0,0.0,0.0,1.0,1.0,0.0,0.0,2956.0,15178.0,1.0,1.0,0.0,13.0,3.0,4.0,80.0,0.0,1.0,2.0,3.0,1.0,0.0,0.0,0.0,0
31.0,0.0,1.0,0.0,307.0,0.0,1.0,0.0,29.0,2.0,0.0,1.0,0.0,0.0,0.0,0.0,1.0,355.0,3.0,1.0,71.0,2.0,1.0,0.0,1.0,0.0,0.0,0.0,0.0,0.0,0.0,0.0,2.0,1.0,0.0,0.0,3479.0,11652.0,0.0,1.0,0.0,11.0,3.0,2.0,80.0,0.0,6.0,2.0,4.0,5.0,4.0,1.0,4.0,1
60.0,1.0,0.0,0.0,1179.0,1.0,0.0,0.0,16.0,4.0,1.0,0.0,0.0,0.0,0.0,0.0,1.0,732.0,1.0,1.0,84.0,3.0,2.0,0.0,0.0,1.0,0.0,0.0,0.0,0.0,0.0,0.0,1.0,1.0,0.0,0.0,5405.0,11924.0,8.0,1.0,0.0,14.0,3.0,4.0,80.0,0.0,10.0,1.0,3.0,2.0,2.0,2.0,2.0,0
46.0,1.0,0.0,0.0,1319.0,1.0,0.0,0.0,3.0,3.0,0.0,0.0,0.0,0.0,1.0,0.0,1.0,1863.0,1.0,0.0,45.0,4.0,4.0,0.0,0.0,1.0,0.0,0.0,0.0,0.0,0.0,0.0,1.0,0.0,0.0,1.0,13225.0,7739.0,2.0,1.0,0.0,12.0,3.0,4.0,80.0,1.0,25.0,5.0,3.0,19.0,17.0,2.0,8.0,0
38.0,0.0,0.0,1.0,1336.0,0.0,0.0,1.0,2.0,3.0,0.0,0.0,0.0,1.0,0.0,0.0,1.0,1805.0,1.0,1.0,100.0,3.0,1.0,0.0,0.0,0.0,0.0,0.0,0.0,1.0,0.0,0.0,2.0,0.0,0.0,1.0,2592.0,7129.0,5.0,1.0,0.0,13.0,3.0,4.0,80.0,3.0,13.0,3.0,3.0,11.0,10.0,3.0,8.0,0
34.0,1.0,0.0,0.0,699.0,0.0,1.0,0.0,6.0,1.0,0.0,1.0,0.0,0.0,0.0,0.0,1.0,31.0,2.0,1.0,83.0,3.0,1.0,0.0,0.0,0.0,0.0,0.0,1.0,0.0,0.0,0.0,1.0,1.0,0.0,0.0,2960.0,17102.0,2.0,1.0,0.0,11.0,3.0,3.0,80.0,0.0,8.0,2.0,3.0,4.0,2.0,1.0,3.0,1
36.0,0.0,0.0,1.0,1351.0,0.0,1.0,0.0,9.0,4.0,0.0,0.0,1.0,0.0,0.0,0.0,1.0,1949.0,1.0,1.0,66.0,4.0,1.0,0.0,1.0,0.0,0.0,0.0,0.0,0.0,0.0,0.0,2.0,0.0,1.0,0.0,2810.0,9238.0,1.0,1.0,0.0,22.0,4.0,2.0,80.0,0.0,5.0,3.0,3.0,5.0,4.0,0.0,2.0,0
35.0,0.0,1.0,0.0,636.0,0.0,1.0,0.0,4.0,4.0,0.0,0.0,0.0,0.0,0.0,1.0,1.0,1185.0,4.0,1.0,47.0,2.0,1.0,0.0,1.0,0.0,0.0,0.0,0.0,0.0,0.0,0.0,4.0,0.0,1.0,0.0,2376.0,26537.0,1.0,1.0,0.0,13.0,3.0,2.0,80.0,1.0,2.0,2.0,4.0,2.0,2.0,2.0,2.0,0
32.0,1.0,0.0,0.0,1033.0,0.0,1.0,0.0,9.0,3.0,0.0,1.0,0.0,0.0,0.0,0.0,1.0,190.0,1.0,0.0,41.0,3.0,1.0,0.0,1.0,0.0,0.0,0.0,0.0,0.0,0.0,0.0,1.0,1.0,0.0,0.0,4200.0,10224.0,7.0,1.0,0.0,22.0,4.0,1.0,80.0,0.0,10.0,2.0,4.0,5.0,4.0,0.0,4.0,1
51.0,0.0,1.0,0.0,237.0,1.0,0.0,0.0,9.0,3.0,0.0,0.0,1.0,0.0,0.0,0.0,1.0,1282.0,4.0,1.0,83.0,3.0,5.0,1.0,0.0,0.0,0.0,0.0,0.0,0.0,0.0,0.0,2.0,0.0,0.0,1.0,19847.0,19196.0,4.0,1.0,1.0,24.0,4.0,1.0,80.0,1.0,31.0,5.0,2.0,29.0,10.0,11.0,10.0,0
34.0,0.0,0.0,1.0,1362.0,1.0,0.0,0.0,19.0,3.0,1.0,0.0,0.0,0.0,0.0,0.0,1.0,502.0,1.0,1.0,67.0,4.0,2.0,0.0,0.0,1.0,0.0,0.0,0.0,0.0,0.0,0.0,4.0,1.0,0.0,0.0,5304.0,4652.0,8.0,1.0,1.0,13.0,3.0,2.0,80.0,0.0,9.0,3.0,2.0,5.0,2.0,0.0,4.0,1
59.0,1.0,0.0,0.0,326.0,1.0,0.0,0.0,3.0,3.0,0.0,0.0,1.0,0.0,0.0,0.0,1.0,1254.0,3.0,0.0,48.0,2.0,2.0,0.0,0.0,1.0,0.0,0.0,0.0,0.0,0.0,0.0,4.0,1.0,0.0,0.0,5171.0,16490.0,5.0,1.0,0.0,17.0,3.0,4.0,80.0,0.0,13.0,2.0,3.0,6.0,1.0,0.0,5.0,0
50.0,1.0,0.0,0.0,939.0,0.0,1.0,0.0,24.0,3.0,0.0,0.0,1.0,0.0,0.0,0.0,1.0,1005.0,4.0,1.0,95.0,3.0,4.0,0.0,0.0,0.0,1.0,0.0,0.0,0.0,0.0,0.0,3.0,0.0,1.0,0.0,13973.0,4161.0,3.0,1.0,1.0,18.0,3.0,4.0,80.0,1.0,22.0,2.0,3.0,12.0,11.0,1.0,5.0,0
27.0,1.0,0.0,0.0,608.0,0.0,1.0,0.0,1.0,2.0,0.0,0.0,1.0,0.0,0.0,0.0,1.0,725.0,3.0,0.0,68.0,3.0,3.0,0.0,0.0,0.0,1.0,0.0,0.0,0.0,0.0,0.0,1.0,0.0,1.0,0.0,7412.0,6009.0,1.0,1.0,0.0,11.0,3.0,4.0,80.0,0.0,9.0,3.0,3.0,9.0,7.0,0.0,7.0,0
27.0,1.0,0.0,0.0,1054.0,0.0,1.0,0.0,8.0,3.0,0.0,1.0,0.0,0.0,0.0,0.0,1.0,1751.0,3.0,0.0,67.0,3.0,1.0,0.0,0.0,0.0,0.0,0.0,1.0,0.0,0.0,0.0,4.0,1.0,0.0,0.0,3445.0,6152.0,1.0,1.0,0.0,11.0,3.0,3.0,80.0,0.0,6.0,5.0,2.0,6.0,2.0,1.0,4.0,0
31.0,1.0,0.0,0.0,670.0,0.0,1.0,0.0,26.0,1.0,0.0,0.0,1.0,0.0,0.0,0.0,1.0,16.0,1.0,1.0,31.0,3.0,1.0,0.0,0.0,0.0,0.0,0.0,1.0,0.0,0.0,0.0,3.0,0.0,0.0,1.0,2911.0,15170.0,1.0,1.0,0.0,17.0,3.0,4.0,80.0,1.0,5.0,1.0,2.0,5.0,2.0,4.0,3.0,0
44.0,1.0,0.0,0.0,1112.0,0.0,0.0,1.0,1.0,4.0,0.0,0.0,1.0,0.0,0.0,0.0,1.0,665.0,1.0,0.0,50.0,2.0,2.0,0.0,0.0,0.0,0.0,0.0,0.0,1.0,0.0,0.0,3.0,1.0,0.0,0.0,5985.0,26894.0,4.0,1.0,0.0,11.0,3.0,2.0,80.0,0.0,10.0,1.0,4.0,2.0,2.0,0.0,2.0,0
21.0,1.0,0.0,0.0,984.0,0.0,1.0,0.0,1.0,1.0,0.0,0.0,0.0,0.0,1.0,0.0,1.0,1131.0,4.0,0.0,70.0,2.0,1.0,0.0,0.0,0.0,0.0,0.0,1.0,0.0,0.0,0.0,2.0,1.0,0.0,0.0,2070.0,25326.0,1.0,1.0,1.0,11.0,3.0,3.0,80.0,0.0,2.0,6.0,4.0,2.0,2.0,2.0,2.0,0
33.0,0.0,1.0,0.0,1296.0,0.0,1.0,0.0,6.0,3.0,0.0,0.0,1.0,0.0,0.0,0.0,1.0,692.0,3.0,1.0,30.0,3.0,2.0,0.0,0.0,0.0,0.0,0.0,0.0,0.0,1.0,0.0,4.0,0.0,0.0,1.0,7725.0,5335.0,3.0,1.0,0.0,23.0,4.0,3.0,80.0,1.0,15.0,2.0,1.0,13.0,11.0,4.0,7.0,0
45.0,1.0,0.0,0.0,176.0,0.0,0.0,1.0,4.0,3.0,0.0,0.0,1.0,0.0,0.0,0.0,1.0,1744.0,3.0,0.0,56.0,1.0,3.0,0.0,0.0,0.0,0.0,0.0,0.0,1.0,0.0,0.0,3.0,0.0,1.0,0.0,9756.0,6595.0,4.0,1.0,0.0,21.0,4.0,3.0,80.0,2.0,9.0,2.0,4.0,5.0,0.0,0.0,3.0,0
36.0,1.0,0.0,0.0,363.0,0.0,1.0,0.0,1.0,3.0,0.0,0.0,0.0,0.0,1.0,0.0,1.0,1237.0,3.0,0.0,77.0,1.0,3.0,0.0,0.0,0.0,1.0,0.0,0.0,0.0,0.0,0.0,1.0,0.0,0.0,1.0,10252.0,4235.0,2.0,1.0,1.0,21.0,4.0,3.0,80.0,1.0,17.0,2.0,3.0,7.0,7.0,7.0,7.0,0
33.0,0.0,0.0,1.0,750.0,1.0,0.0,0.0,22.0,2.0,1.0,0.0,0.0,0.0,0.0,0.0,1.0,160.0,3.0,1.0,95.0,3.0,2.0,0.0,0.0,1.0,0.0,0.0,0.0,0.0,0.0,0.0,2.0,0.0,1.0,0.0,6146.0,15480.0,0.0,1.0,0.0,13.0,3.0,1.0,80.0,1.0,8.0,2.0,4.0,7.0,7.0,0.0,7.0,0
42.0,0.0,1.0,0.0,288.0,0.0,1.0,0.0,2.0,3.0,0.0,0.0,1.0,0.0,0.0,0.0,1.0,1547.0,4.0,1.0,40.0,3.0,3.0,0.0,0.0,0.0,0.0,0.0,0.0,0.0,1.0,0.0,4.0,0.0,1.0,0.0,10124.0,18611.0,2.0,1.0,1.0,14.0,3.0,3.0,80.0,1.0,24.0,3.0,1.0,20.0,8.0,13.0,9.0,0
56.0,1.0,0.0,0.0,441.0,0.0,1.0,0.0,14.0,4.0,0.0,0.0,1.0,0.0,0.0,0.0,1.0,161.0,2.0,0.0,72.0,3.0,1.0,0.0,0.0,0.0,0.0,0.0,1.0,0.0,0.0,0.0,2.0,0.0,1.0,0.0,4963.0,4510.0,9.0,1.0,1.0,18.0,3.0,1.0,80.0,3.0,7.0,2.0,3.0,5.0,4.0,4.0,3.0,1
18.0,1.0,0.0,0.0,812.0,1.0,0.0,0.0,10.0,3.0,0.0,1.0,0.0,0.0,0.0,0.0,1.0,411.0,4.0,0.0,69.0,2.0,1.0,0.0,0.0,0.0,0.0,0.0,0.0,0.0,0.0,1.0,3.0,1.0,0.0,0.0,1200.0,9724.0,1.0,1.0,0.0,12.0,3.0,1.0,80.0,0.0,0.0,2.0,3.0,0.0,0.0,0.0,0.0,0
39.0,0.0,1.0,0.0,945.0,0.0,1.0,0.0,22.0,3.0,0.0,1.0,0.0,0.0,0.0,0.0,1.0,1043.0,4.0,0.0,82.0,3.0,3.0,0.0,0.0,0.0,1.0,0.0,0.0,0.0,0.0,0.0,1.0,1.0,0.0,0.0,10880.0,5083.0,1.0,1.0,1.0,13.0,3.0,3.0,80.0,0.0,21.0,2.0,3.0,21.0,6.0,2.0,8.0,0
34.0,0.0,1.0,0.0,426.0,0.0,1.0,0.0,10.0,4.0,0.0,0.0,1.0,0.0,0.0,0.0,1.0,1615.0,3.0,1.0,42.0,4.0,2.0,0.0,0.0,0.0,1.0,0.0,0.0,0.0,0.0,0.0,4.0,0.0,0.0,1.0,4724.0,17000.0,1.0,1.0,0.0,13.0,3.0,1.0,80.0,1.0,9.0,3.0,3.0,9.0,7.0,7.0,2.0,0
32.0,0.0,1.0,0.0,1125.0,0.0,1.0,0.0,16.0,1.0,0.0,0.0,1.0,0.0,0.0,0.0,1.0,33.0,2.0,0.0,72.0,1.0,1.0,0.0,0.0,0.0,0.0,0.0,1.0,0.0,0.0,0.0,1.0,1.0,0.0,0.0,3919.0,4681.0,1.0,1.0,1.0,22.0,4.0,2.0,80.0,0.0,10.0,5.0,3.0,10.0,2.0,6.0,7.0,1
36.0,1.0,0.0,0.0,530.0,1.0,0.0,0.0,3.0,1.0,0.0,0.0,1.0,0.0,0.0,0.0,1.0,967.0,3.0,1.0,51.0,2.0,3.0,0.0,0.0,1.0,0.0,0.0,0.0,0.0,0.0,0.0,4.0,0.0,1.0,0.0,10325.0,5518.0,1.0,1.0,1.0,11.0,3.0,1.0,80.0,1.0,16.0,6.0,3.0,16.0,7.0,3.0,7.0,1
45.0,0.0,0.0,1.0,805.0,0.0,1.0,0.0,4.0,2.0,0.0,0.0,1.0,0.0,0.0,0.0,1.0,972.0,3.0,1.0,57.0,3.0,2.0,0.0,1.0,0.0,0.0,0.0,0.0,0.0,0.0,0.0,2.0,0.0,1.0,0.0,4447.0,23163.0,1.0,1.0,0.0,12.0,3.0,2.0,80.0,0.0,9.0,5.0,2.0,9.0,7.0,0.0,8.0,0
37.0,1.0,0.0,0.0,625.0,1.0,0.0,0.0,1.0,4.0,0.0,0.0,1.0,0.0,0.0,0.0,1.0,970.0,1.0,1.0,46.0,2.0,3.0,0.0,0.0,1.0,0.0,0.0,0.0,0.0,0.0,0.0,3.0,0.0,1.0,0.0,10609.0,14922.0,5.0,1.0,0.0,11.0,3.0,3.0,80.0,0.0,17.0,2.0,1.0,14.0,1.0,11.0,7.0,1
28.0,1.0,0.0,0.0,654.0,0.0,1.0,0.0,1.0,2.0,0.0,0.0,1.0,0.0,0.0,0.0,1.0,741.0,1.0,0.0,67.0,1.0,1.0,0.0,0.0,0.0,0.0,0.0,1.0,0.0,0.0,0.0,2.0,1.0,0.0,0.0,2216.0,3872.0,7.0,1.0,1.0,13.0,3.0,4.0,80.0,0.0,10.0,4.0,3.0,7.0,7.0,3.0,7.0,1
34.0,1.0,0.0,0.0,1440.0,1.0,0.0,0.0,7.0,2.0,0.0,0.0,0.0,0.0,1.0,0.0,1.0,1541.0,2.0,1.0,55.0,3.0,1.0,0.0,0.0,0.0,0.0,0.0,0.0,0.0,0.0,1.0,3.0,0.0,1.0,0.0,2308.0,4944.0,0.0,1.0,1.0,25.0,4.0,2.0,80.0,1.0,12.0,4.0,3.0,11.0,10.0,5.0,7.0,0
45.0,1.0,0.0,0.0,1385.0,0.0,1.0,0.0,20.0,2.0,0.0,1.0,0.0,0.0,0.0,0.0,1.0,372.0,3.0,1.0,79.0,3.0,4.0,0.0,0.0,0.0,0.0,0.0,0.0,0.0,1.0,0.0,4.0,0.0,1.0,0.0,13496.0,7501.0,0.0,1.0,1.0,14.0,3.0,2.0,80.0,0.0,21.0,2.0,3.0,20.0,7.0,4.0,10.0,0
46.0,1.0,0.0,0.0,563.0,1.0,0.0,0.0,1.0,4.0,0.0,0.0,1.0,0.0,0.0,0.0,1.0,1602.0,4.0,1.0,56.0,4.0,4.0,1.0,0.0,0.0,0.0,0.0,0.0,0.0,0.0,0.0,1.0,1.0,0.0,0.0,17567.0,3156.0,1.0,1.0,0.0,15.0,3.0,2.0,80.0,0.0,27.0,5.0,1.0,26.0,0.0,0.0,12.0,0
33.0,0.0,1.0,0.0,1146.0,1.0,0.0,0.0,25.0,3.0,0.0,1.0,0.0,0.0,0.0,0.0,1.0,1220.0,2.0,0.0,82.0,3.0,2.0,0.0,0.0,1.0,0.0,0.0,0.0,0.0,0.0,0.0,3.0,0.0,1.0,0.0,4539.0,4905.0,1.0,1.0,0.0,12.0,3.0,1.0,80.0,1.0,10.0,3.0,2.0,10.0,7.0,0.0,1.0,0
34.0,1.0,0.0,0.0,1400.0,1.0,0.0,0.0,9.0,1.0,0.0,0.0,1.0,0.0,0.0,0.0,1.0,1163.0,2.0,0.0,70.0,3.0,2.0,0.0,0.0,1.0,0.0,0.0,0.0,0.0,0.0,0.0,3.0,0.0,1.0,0.0,5714.0,5829.0,1.0,1.0,0.0,20.0,4.0,1.0,80.0,0.0,6.0,3.0,2.0,6.0,5.0,1.0,3.0,0
33.0,1.0,0.0,0.0,1216.0,1.0,0.0,0.0,8.0,4.0,1.0,0.0,0.0,0.0,0.0,0.0,1.0,677.0,3.0,1.0,39.0,3.0,2.0,0.0,0.0,1.0,0.0,0.0,0.0,0.0,0.0,0.0,3.0,0.0,0.0,1.0,7104.0,20431.0,0.0,1.0,0.0,12.0,3.0,4.0,80.0,0.0,6.0,3.0,3.0,5.0,0.0,1.0,2.0,0
32.0,1.0,0.0,0.0,977.0,0.0,1.0,0.0,2.0,3.0,0.0,1.0,0.0,0.0,0.0,0.0,1.0,1671.0,4.0,1.0,45.0,3.0,2.0,0.0,0.0,0.0,0.0,0.0,1.0,0.0,0.0,0.0,2.0,0.0,0.0,1.0,5470.0,25518.0,0.0,1.0,0.0,13.0,3.0,3.0,80.0,2.0,10.0,4.0,2.0,9.0,5.0,1.0,6.0,0
42.0,1.0,0.0,0.0,855.0,0.0,1.0,0.0,12.0,3.0,0.0,1.0,0.0,0.0,0.0,0.0,1.0,1768.0,2.0,1.0,57.0,3.0,1.0,0.0,1.0,0.0,0.0,0.0,0.0,0.0,0.0,0.0,2.0,0.0,0.0,1.0,2766.0,8952.0,8.0,1.0,0.0,22.0,4.0,2.0,80.0,3.0,7.0,6.0,2.0,5.0,3.0,0.0,4.0,0
29.0,1.0,0.0,0.0,1010.0,0.0,1.0,0.0,1.0,3.0,0.0,0.0,1.0,0.0,0.0,0.0,1.0,1249.0,1.0,0.0,97.0,3.0,1.0,0.0,0.0,0.0,0.0,0.0,1.0,0.0,0.0,0.0,4.0,0.0,0.0,1.0,3760.0,5598.0,1.0,1.0,0.0,15.0,3.0,1.0,80.0,3.0,3.0,5.0,3.0,3.0,2.0,1.0,2.0,0
45.0,1.0,0.0,0.0,1005.0,0.0,1.0,0.0,28.0,2.0,0.0,0.0,0.0,0.0,1.0,0.0,1.0,1719.0,4.0,0.0,48.0,2.0,4.0,0.0,0.0,0.0,0.0,1.0,0.0,0.0,0.0,0.0,2.0,1.0,0.0,0.0,16704.0,17119.0,1.0,1.0,0.0,11.0,3.0,3.0,80.0,0.0,21.0,2.0,3.0,21.0,6.0,8.0,6.0,0
52.0,1.0,0.0,0.0,319.0,0.0,1.0,0.0,3.0,3.0,0.0,1.0,0.0,0.0,0.0,0.0,1.0,543.0,4.0,1.0,39.0,2.0,3.0,0.0,0.0,0.0,1.0,0.0,0.0,0.0,0.0,0.0,3.0,0.0,1.0,0.0,7969.0,19609.0,2.0,1.0,1.0,14.0,3.0,3.0,80.0,0.0,28.0,4.0,3.0,5.0,4.0,0.0,4.0,0
29.0,1.0,0.0,0.0,592.0,0.0,1.0,0.0,7.0,3.0,0.0,0.0,1.0,0.0,0.0,0.0,1.0,1883.0,4.0,1.0,59.0,3.0,1.0,0.0,1.0,0.0,0.0,0.0,0.0,0.0,0.0,0.0,1.0,1.0,0.0,0.0,2062.0,19384.0,3.0,1.0,0.0,14.0,3.0,2.0,80.0,0.0,11.0,2.0,3.0,3.0,2.0,1.0,2.0,0
48.0,1.0,0.0,0.0,277.0,0.0,1.0,0.0,6.0,3.0,0.0,0.0,1.0,0.0,0.0,0.0,1.0,1022.0,1.0,1.0,97.0,2.0,2.0,0.0,0.0,0.0,0.0,0.0,0.0,0.0,1.0,0.0,3.0,1.0,0.0,0.0,4240.0,13119.0,2.0,1.0,0.0,13.0,3.0,4.0,80.0,0.0,19.0,0.0,3.0,2.0,2.0,2.0,2.0,0
34.0,1.0,0.0,0.0,131.0,1.0,0.0,0.0,2.0,3.0,1.0,0.0,0.0,0.0,0.0,0.0,1.0,1281.0,3.0,0.0,86.0,3.0,2.0,0.0,0.0,1.0,0.0,0.0,0.0,0.0,0.0,0.0,1.0,1.0,0.0,0.0,4538.0,6039.0,0.0,1.0,1.0,12.0,3.0,4.0,80.0,0.0,4.0,3.0,3.0,3.0,2.0,0.0,2.0,0
35.0,1.0,0.0,0.0,1343.0,0.0,1.0,0.0,27.0,1.0,0.0,1.0,0.0,0.0,0.0,0.0,1.0,856.0,3.0,0.0,53.0,2.0,1.0,0.0,0.0,0.0,0.0,0.0,1.0,0.0,0.0,0.0,1.0,1.0,0.0,0.0,2559.0,17852.0,1.0,1.0,0.0,11.0,3.0,4.0,80.0,0.0,6.0,3.0,2.0,6.0,5.0,1.0,1.0,0
33.0,1.0,0.0,0.0,587.0,0.0,1.0,0.0,10.0,1.0,0.0,1.0,0.0,0.0,0.0,0.0,1.0,584.0,1.0,1.0,38.0,1.0,1.0,0.0,1.0,0.0,0.0,0.0,0.0,0.0,0.0,0.0,4.0,0.0,0.0,1.0,3408.0,6705.0,7.0,1.0,0.0,13.0,3.0,1.0,80.0,3.0,8.0,2.0,3.0,4.0,3.0,1.0,3.0,1
55.0,1.0,0.0,0.0,282.0,0.0,1.0,0.0,2.0,2.0,0.0,1.0,0.0,0.0,0.0,0.0,1.0,1336.0,4.0,0.0,58.0,1.0,5.0,1.0,0.0,0.0,0.0,0.0,0.0,0.0,0.0,0.0,3.0,0.0,1.0,0.0,19187.0,6992.0,4.0,1.0,0.0,14.0,3.0,4.0,80.0,1.0,23.0,5.0,3.0,19.0,9.0,9.0,11.0,0
36.0,1.0,0.0,0.0,1403.0,0.0,1.0,0.0,6.0,3.0,0.0,0.0,1.0,0.0,0.0,0.0,1.0,373.0,4.0,1.0,47.0,3.0,1.0,0.0,1.0,0.0,0.0,0.0,0.0,0.0,0.0,0.0,4.0,0.0,1.0,0.0,3210.0,20251.0,0.0,1.0,0.0,11.0,3.0,3.0,80.0,1.0,16.0,4.0,3.0,15.0,13.0,10.0,11.0,0
35.0,1.0,0.0,0.0,1361.0,1.0,0.0,0.0,17.0,4.0,0.0,0.0,1.0,0.0,0.0,0.0,1.0,1218.0,3.0,1.0,94.0,3.0,2.0,0.0,0.0,1.0,0.0,0.0,0.0,0.0,0.0,0.0,1.0,0.0,1.0,0.0,8966.0,21026.0,3.0,1.0,1.0,15.0,3.0,4.0,80.0,3.0,15.0,2.0,3.0,7.0,7.0,1.0,7.0,0
56.0,1.0,0.0,0.0,1400.0,0.0,1.0,0.0,7.0,3.0,0.0,0.0,1.0,0.0,0.0,0.0,1.0,112.0,4.0,1.0,49.0,1.0,3.0,0.0,0.0,0.0,1.0,0.0,0.0,0.0,0.0,0.0,4.0,1.0,0.0,0.0,7260.0,21698.0,4.0,1.0,0.0,11.0,3.0,1.0,80.0,0.0,37.0,3.0,2.0,6.0,4.0,0.0,2.0,0
36.0,1.0,0.0,0.0,1299.0,0.0,1.0,0.0,27.0,3.0,0.0,1.0,0.0,0.0,0.0,0.0,1.0,13.0,3.0,1.0,94.0,3.0,2.0,0.0,0.0,0.0,0.0,0.0,0.0,0.0,1.0,0.0,3.0,0.0,1.0,0.0,5237.0,16577.0,6.0,1.0,0.0,13.0,3.0,2.0,80.0,2.0,17.0,3.0,2.0,7.0,7.0,7.0,7.0,0
28.0,1.0,0.0,0.0,1172.0,1.0,0.0,0.0,3.0,3.0,0.0,1.0,0.0,0.0,0.0,0.0,1.0,1875.0,2.0,0.0,78.0,3.0,1.0,0.0,0.0,0.0,0.0,0.0,0.0,0.0,0.0,1.0,2.0,0.0,1.0,0.0,2856.0,3692.0,1.0,1.0,0.0,19.0,3.0,4.0,80.0,1.0,1.0,3.0,3.0,1.0,0.0,0.0,0.0,0
43.0,1.0,0.0,0.0,1372.0,1.0,0.0,0.0,9.0,3.0,1.0,0.0,0.0,0.0,0.0,0.0,1.0,1188.0,1.0,0.0,85.0,1.0,2.0,0.0,0.0,1.0,0.0,0.0,0.0,0.0,0.0,0.0,3.0,1.0,0.0,0.0,5346.0,9489.0,8.0,1.0,0.0,13.0,3.0,2.0,80.0,0.0,7.0,2.0,2.0,4.0,3.0,1.0,3.0,1
33.0,1.0,0.0,0.0,575.0,0.0,1.0,0.0,25.0,3.0,0.0,0.0,1.0,0.0,0.0,0.0,1.0,1545.0,4.0,1.0,44.0,2.0,2.0,0.0,0.0,0.0,1.0,0.0,0.0,0.0,0.0,0.0,2.0,1.0,0.0,0.0,4320.0,24152.0,1.0,1.0,0.0,13.0,3.0,4.0,80.0,0.0,5.0,2.0,3.0,5.0,3.0,0.0,2.0,0
55.0,1.0,0.0,0.0,836.0,0.0,1.0,0.0,2.0,4.0,0.0,0.0,0.0,0.0,1.0,0.0,1.0,1873.0,2.0,1.0,98.0,2.0,1.0,0.0,0.0,0.0,0.0,0.0,1.0,0.0,0.0,0.0,4.0,0.0,1.0,0.0,2662.0,7975.0,8.0,1.0,0.0,20.0,4.0,2.0,80.0,1.0,19.0,2.0,4.0,5.0,2.0,0.0,4.0,0
56.0,1.0,0.0,0.0,713.0,0.0,1.0,0.0,8.0,3.0,0.0,0.0,1.0,0.0,0.0,0.0,1.0,241.0,3.0,0.0,67.0,3.0,1.0,0.0,0.0,0.0,0.0,0.0,1.0,0.0,0.0,0.0,1.0,0.0,0.0,1.0,4257.0,13939.0,4.0,1.0,1.0,18.0,3.0,3.0,80.0,1.0,19.0,3.0,3.0,2.0,2.0,2.0,2.0,0
37.0,1.0,0.0,0.0,589.0,1.0,0.0,0.0,9.0,2.0,1.0,0.0,0.0,0.0,0.0,0.0,1.0,1787.0,2.0,1.0,46.0,2.0,2.0,0.0,0.0,1.0,0.0,0.0,0.0,0.0,0.0,0.0,2.0,0.0,1.0,0.0,4189.0,8800.0,1.0,1.0,0.0,14.0,3.0,1.0,80.0,2.0,5.0,2.0,3.0,5.0,2.0,0.0,3.0,0
27.0,0.0,0.0,1.0,1277.0,0.0,1.0,0.0,8.0,5.0,0.0,0.0,1.0,0.0,0.0,0.0,1.0,1094.0,1.0,1.0,87.0,1.0,1.0,0.0,1.0,0.0,0.0,0.0,0.0,0.0,0.0,0.0,3.0,0.0,1.0,0.0,4621.0,5869.0,1.0,1.0,0.0,19.0,3.0,4.0,80.0,3.0,3.0,4.0,3.0,3.0,2.0,1.0,2.0,0
20.0,1.0,0.0,0.0,1141.0,1.0,0.0,0.0,2.0,3.0,0.0,1.0,0.0,0.0,0.0,0.0,1.0,1657.0,3.0,0.0,31.0,3.0,1.0,0.0,0.0,0.0,0.0,0.0,0.0,0.0,0.0,1.0,3.0,1.0,0.0,0.0,2783.0,13251.0,1.0,1.0,0.0,19.0,3.0,1.0,80.0,0.0,2.0,3.0,3.0,2.0,2.0,2.0,2.0,0
30.0,0.0,1.0,0.0,334.0,1.0,0.0,0.0,26.0,4.0,1.0,0.0,0.0,0.0,0.0,0.0,1.0,299.0,3.0,0.0,52.0,2.0,2.0,0.0,0.0,1.0,0.0,0.0,0.0,0.0,0.0,0.0,1.0,1.0,0.0,0.0,6696.0,22967.0,5.0,1.0,0.0,15.0,3.0,3.0,80.0,0.0,9.0,5.0,2.0,6.0,3.0,0.0,1.0,1
28.0,1.0,0.0,0.0,857.0,0.0,1.0,0.0,10.0,3.0,0.0,0.0,0.0,0.0,0.0,1.0,1.0,1097.0,3.0,0.0,59.0,3.0,2.0,0.0,0.0,0.0,0.0,0.0,1.0,0.0,0.0,0.0,3.0,1.0,0.0,0.0,3660.0,7909.0,3.0,1.0,0.0,13.0,3.0,4.0,80.0,0.0,10.0,4.0,4.0,8.0,7.0,1.0,7.0,0
39.0,0.0,0.0,1.0,792.0,0.0,1.0,0.0,1.0,3.0,0.0,0.0,1.0,0.0,0.0,0.0,1.0,1737.0,4.0,1.0,77.0,3.0,2.0,0.0,1.0,0.0,0.0,0.0,0.0,0.0,0.0,0.0,4.0,0.0,1.0,0.0,6472.0,8989.0,1.0,1.0,1.0,15.0,3.0,4.0,80.0,1.0,9.0,2.0,3.0,9.0,8.0,5.0,8.0,0
36.0,1.0,0.0,0.0,1278.0,0.0,0.0,1.0,8.0,3.0,0.0,0.0,1.0,0.0,0.0,0.0,1.0,878.0,1.0,1.0,77.0,2.0,1.0,0.0,0.0,0.0,0.0,0.0,0.0,1.0,0.0,0.0,1.0,0.0,1.0,0.0,2342.0,8635.0,0.0,1.0,0.0,21.0,4.0,3.0,80.0,0.0,6.0,3.0,3.0,5.0,4.0,0.0,3.0,0
56.0,1.0,0.0,0.0,1162.0,0.0,1.0,0.0,24.0,2.0,0.0,0.0,1.0,0.0,0.0,0.0,1.0,1907.0,1.0,1.0,97.0,3.0,1.0,0.0,1.0,0.0,0.0,0.0,0.0,0.0,0.0,0.0,4.0,1.0,0.0,0.0,2587.0,10261.0,1.0,1.0,0.0,16.0,3.0,4.0,80.0,0.0,5.0,3.0,3.0,4.0,2.0,1.0,0.0,1
58.0,1.0,0.0,0.0,848.0,0.0,1.0,0.0,23.0,4.0,0.0,0.0,1.0,0.0,0.0,0.0,1.0,1308.0,1.0,1.0,88.0,3.0,1.0,0.0,0.0,0.0,0.0,0.0,1.0,0.0,0.0,0.0,3.0,0.0,0.0,1.0,2372.0,26076.0,1.0,1.0,0.0,12.0,3.0,4.0,80.0,2.0,2.0,3.0,3.0,2.0,2.0,2.0,2.0,0
37.0,1.0,0.0,0.0,397.0,0.0,1.0,0.0,7.0,4.0,0.0,1.0,0.0,0.0,0.0,0.0,1.0,102.0,1.0,1.0,30.0,3.0,3.0,0.0,0.0,0.0,0.0,1.0,0.0,0.0,0.0,0.0,3.0,1.0,0.0,0.0,13664.0,25258.0,4.0,1.0,0.0,13.0,3.0,1.0,80.0,0.0,16.0,3.0,4.0,5.0,2.0,0.0,2.0,0
49.0,1.0,0.0,0.0,1245.0,0.0,1.0,0.0,18.0,4.0,0.0,0.0,1.0,0.0,0.0,0.0,1.0,638.0,4.0,1.0,58.0,2.0,5.0,0.0,0.0,0.0,0.0,1.0,0.0,0.0,0.0,0.0,3.0,0.0,0.0,1.0,19502.0,2125.0,1.0,1.0,1.0,17.0,3.0,3.0,80.0,1.0,31.0,5.0,3.0,31.0,9.0,0.0,9.0,0
35.0,1.0,0.0,0.0,1214.0,0.0,1.0,0.0,1.0,3.0,0.0,1.0,0.0,0.0,0.0,0.0,1.0,105.0,2.0,1.0,30.0,2.0,1.0,0.0,0.0,0.0,0.0,0.0,1.0,0.0,0.0,0.0,3.0,1.0,0.0,0.0,2859.0,26278.0,1.0,1.0,0.0,18.0,3.0,1.0,80.0,0.0,6.0,3.0,3.0,6.0,4.0,0.0,4.0,0
35.0,1.0,0.0,0.0,1219.0,1.0,0.0,0.0,18.0,3.0,0.0,1.0,0.0,0.0,0.0,0.0,1.0,975.0,3.0,0.0,86.0,3.0,2.0,0.0,0.0,1.0,0.0,0.0,0.0,0.0,0.0,0.0,3.0,0.0,1.0,0.0,4601.0,6179.0,1.0,1.0,0.0,16.0,3.0,2.0,80.0,0.0,5.0,3.0,3.0,5.0,2.0,1.0,0.0,0
24.0,0.0,0.0,1.0,1269.0,0.0,1.0,0.0,4.0,1.0,0.0,0.0,1.0,0.0,0.0,0.0,1.0,888.0,1.0,1.0,46.0,2.0,1.0,0.0,1.0,0.0,0.0,0.0,0.0,0.0,0.0,0.0,4.0,0.0,1.0,0.0,3162.0,10778.0,0.0,1.0,0.0,17.0,3.0,4.0,80.0,0.0,6.0,2.0,2.0,5.0,2.0,3.0,4.0,0
28.0,1.0,0.0,0.0,1485.0,0.0,1.0,0.0,12.0,1.0,0.0,0.0,1.0,0.0,0.0,0.0,1.0,1175.0,3.0,0.0,79.0,3.0,1.0,0.0,1.0,0.0,0.0,0.0,0.0,0.0,0.0,0.0,4.0,0.0,1.0,0.0,2515.0,22955.0,1.0,1.0,1.0,11.0,3.0,4.0,80.0,0.0,1.0,4.0,2.0,1.0,1.0,0.0,0.0,1
33.0,1.0,0.0,0.0,924.0,0.0,1.0,0.0,2.0,3.0,0.0,1.0,0.0,0.0,0.0,0.0,1.0,39.0,3.0,1.0,78.0,3.0,1.0,0.0,1.0,0.0,0.0,0.0,0.0,0.0,0.0,0.0,4.0,1.0,0.0,0.0,2496.0,6670.0,4.0,1.0,0.0,11.0,3.0,4.0,80.0,0.0,7.0,3.0,3.0,1.0,1.0,0.0,0.0,0
34.0,1.0,0.0,0.0,470.0,0.0,1.0,0.0,2.0,4.0,0.0,0.0,1.0,0.0,0.0,0.0,1.0,339.0,4.0,1.0,84.0,2.0,2.0,0.0,0.0,0.0,1.0,0.0,0.0,0.0,0.0,0.0,1.0,0.0,1.0,0.0,5957.0,23687.0,6.0,1.0,0.0,13.0,3.0,2.0,80.0,1.0,13.0,3.0,3.0,11.0,9.0,5.0,9.0,0
53.0,1.0,0.0,0.0,1219.0,1.0,0.0,0.0,2.0,4.0,0.0,0.0,1.0,0.0,0.0,0.0,1.0,23.0,1.0,0.0,78.0,2.0,4.0,1.0,0.0,0.0,0.0,0.0,0.0,0.0,0.0,0.0,4.0,0.0,1.0,0.0,15427.0,22021.0,2.0,1.0,0.0,16.0,3.0,3.0,80.0,0.0,31.0,3.0,3.0,25.0,8.0,3.0,7.0,0
38.0,1.0,0.0,0.0,1153.0,0.0,1.0,0.0,6.0,2.0,0.0,0.0,0.0,0.0,0.0,1.0,1.0,1782.0,4.0,0.0,40.0,2.0,1.0,0.0,1.0,0.0,0.0,0.0,0.0,0.0,0.0,0.0,3.0,0.0,1.0,0.0,3702.0,16376.0,1.0,1.0,0.0,11.0,3.0,2.0,80.0,1.0,5.0,3.0,3.0,5.0,4.0,0.0,4.0,0
44.0,1.0,0.0,0.0,935.0,0.0,1.0,0.0,3.0,3.0,0.0,0.0,1.0,0.0,0.0,0.0,1.0,1333.0,1.0,1.0,89.0,3.0,1.0,0.0,1.0,0.0,0.0,0.0,0.0,0.0,0.0,0.0,1.0,0.0,1.0,0.0,2362.0,14669.0,4.0,1.0,0.0,12.0,3.0,3.0,80.0,0.0,10.0,4.0,4.0,3.0,2.0,1.0,2.0,1
32.0,1.0,0.0,0.0,515.0,0.0,1.0,0.0,1.0,3.0,0.0,0.0,1.0,0.0,0.0,0.0,1.0,331.0,4.0,1.0,62.0,2.0,1.0,0.0,1.0,0.0,0.0,0.0,0.0,0.0,0.0,0.0,3.0,1.0,0.0,0.0,3730.0,9571.0,0.0,1.0,1.0,14.0,3.0,4.0,80.0,0.0,4.0,2.0,1.0,3.0,2.0,1.0,2.0,1
27.0,0.0,1.0,0.0,793.0,1.0,0.0,0.0,2.0,1.0,0.0,0.0,1.0,0.0,0.0,0.0,1.0,1371.0,4.0,1.0,43.0,1.0,2.0,0.0,0.0,1.0,0.0,0.0,0.0,0.0,0.0,0.0,4.0,1.0,0.0,0.0,5071.0,20392.0,3.0,1.0,0.0,20.0,4.0,2.0,80.0,0.0,8.0,3.0,3.0,6.0,2.0,0.0,0.0,0
21.0,1.0,0.0,0.0,996.0,0.0,1.0,0.0,3.0,2.0,0.0,1.0,0.0,0.0,0.0,0.0,1.0,379.0,4.0,1.0,100.0,2.0,1.0,0.0,0.0,0.0,0.0,0.0,1.0,0.0,0.0,0.0,3.0,1.0,0.0,0.0,3230.0,10531.0,1.0,1.0,0.0,17.0,3.0,1.0,80.0,0.0,3.0,4.0,4.0,3.0,2.0,1.0,0.0,0
33.0,0.0,1.0,0.0,430.0,1.0,0.0,0.0,7.0,3.0,0.0,1.0,0.0,0.0,0.0,0.0,1.0,1477.0,4.0,1.0,54.0,3.0,2.0,0.0,0.0,1.0,0.0,0.0,0.0,0.0,0.0,0.0,1.0,0.0,1.0,0.0,4373.0,17456.0,0.0,1.0,0.0,14.0,3.0,1.0,80.0,2.0,5.0,2.0,3.0,4.0,3.0,0.0,3.0,0
29.0,1.0,0.0,0.0,1246.0,1.0,0.0,0.0,19.0,3.0,0.0,0.0,1.0,0.0,0.0,0.0,1.0,1497.0,3.0,1.0,77.0,2.0,2.0,0.0,0.0,1.0,0.0,0.0,0.0,0.0,0.0,0.0,3.0,0.0,0.0,1.0,8620.0,23757.0,1.0,1.0,0.0,14.0,3.0,3.0,80.0,2.0,10.0,3.0,3.0,10.0,7.0,0.0,4.0,0
30.0,1.0,0.0,0.0,853.0,0.0,1.0,0.0,7.0,4.0,0.0,0.0,1.0,0.0,0.0,0.0,1.0,1224.0,3.0,1.0,49.0,3.0,2.0,0.0,1.0,0.0,0.0,0.0,0.0,0.0,0.0,0.0,3.0,0.0,0.0,1.0,3491.0,11309.0,1.0,1.0,0.0,13.0,3.0,1.0,80.0,3.0,10.0,4.0,2.0,10.0,7.0,8.0,9.0,0
44.0,1.0,0.0,0.0,528.0,0.0,0.0,1.0,1.0,3.0,0.0,0.0,1.0,0.0,0.0,0.0,1.0,1683.0,3.0,0.0,44.0,3.0,1.0,0.0,0.0,0.0,0.0,0.0,0.0,1.0,0.0,0.0,4.0,0.0,0.0,1.0,3195.0,4167.0,4.0,1.0,1.0,18.0,3.0,1.0,80.0,3.0,8.0,2.0,3.0,2.0,2.0,2.0,2.0,0
24.0,0.0,1.0,0.0,897.0,0.0,0.0,1.0,10.0,3.0,0.0,1.0,0.0,0.0,0.0,0.0,1.0,1746.0,1.0,1.0,59.0,3.0,1.0,0.0,0.0,0.0,0.0,0.0,0.0,1.0,0.0,0.0,4.0,0.0,1.0,0.0,2145.0,2097.0,0.0,1.0,0.0,14.0,3.0,4.0,80.0,1.0,3.0,2.0,3.0,2.0,2.0,2.0,1.0,0
51.0,1.0,0.0,0.0,1302.0,0.0,1.0,0.0,2.0,3.0,0.0,1.0,0.0,0.0,0.0,0.0,1.0,408.0,4.0,1.0,84.0,1.0,2.0,0.0,0.0,0.0,1.0,0.0,0.0,0.0,0.0,0.0,2.0,0.0,0.0,1.0,5482.0,16321.0,5.0,1.0,0.0,18.0,3.0,4.0,80.0,1.0,13.0,3.0,3.0,4.0,1.0,1.0,2.0,0
54.0,0.0,1.0,0.0,1050.0,0.0,1.0,0.0,11.0,4.0,0.0,1.0,0.0,0.0,0.0,0.0,1.0,1520.0,2.0,0.0,87.0,3.0,4.0,1.0,0.0,0.0,0.0,0.0,0.0,0.0,0.0,0.0,4.0,0.0,0.0,1.0,16032.0,24456.0,3.0,1.0,0.0,20.0,4.0,1.0,80.0,1.0,26.0,2.0,3.0,14.0,9.0,1.0,12.0,0
21.0,0.0,1.0,0.0,756.0,1.0,0.0,0.0,1.0,1.0,0.0,0.0,0.0,0.0,1.0,0.0,1.0,478.0,1.0,0.0,99.0,2.0,1.0,0.0,0.0,0.0,0.0,0.0,0.0,0.0,0.0,1.0,2.0,1.0,0.0,0.0,2174.0,9150.0,1.0,1.0,1.0,11.0,3.0,3.0,80.0,0.0,3.0,3.0,3.0,3.0,2.0,1.0,2.0,1
35.0,0.0,0.0,1.0,1180.0,0.0,1.0,0.0,2.0,2.0,0.0,1.0,0.0,0.0,0.0,0.0,1.0,1804.0,2.0,1.0,90.0,3.0,2.0,0.0,0.0,0.0,1.0,0.0,0.0,0.0,0.0,0.0,4.0,0.0,0.0,1.0,5762.0,24442.0,2.0,1.0,0.0,14.0,3.0,3.0,80.0,1.0,15.0,6.0,3.0,7.0,7.0,1.0,7.0,0
29.0,1.0,0.0,0.0,1378.0,0.0,1.0,0.0,13.0,2.0,0.0,0.0,0.0,0.0,0.0,1.0,1.0,2053.0,4.0,1.0,46.0,2.0,2.0,0.0,1.0,0.0,0.0,0.0,0.0,0.0,0.0,0.0,2.0,0.0,1.0,0.0,4025.0,23679.0,4.0,1.0,1.0,13.0,3.0,1.0,80.0,1.0,10.0,2.0,3.0,4.0,3.0,0.0,3.0,0
29.0,0.0,1.0,0.0,995.0,0.0,1.0,0.0,2.0,1.0,0.0,0.0,1.0,0.0,0.0,0.0,1.0,1590.0,1.0,1.0,87.0,3.0,2.0,0.0,0.0,0.0,0.0,0.0,0.0,0.0,1.0,0.0,4.0,0.0,0.0,1.0,8853.0,24483.0,1.0,1.0,0.0,19.0,3.0,4.0,80.0,1.0,6.0,0.0,4.0,6.0,4.0,1.0,3.0,0
41.0,0.0,0.0,1.0,509.0,0.0,1.0,0.0,2.0,4.0,0.0,0.0,0.0,0.0,0.0,1.0,1.0,616.0,1.0,0.0,62.0,2.0,2.0,0.0,0.0,0.0,0.0,0.0,0.0,0.0,1.0,0.0,3.0,1.0,0.0,0.0,6811.0,2112.0,2.0,1.0,1.0,17.0,3.0,1.0,80.0,0.0,10.0,3.0,3.0,8.0,7.0,0.0,7.0,0
54.0,1.0,0.0,0.0,971.0,0.0,1.0,0.0,1.0,3.0,0.0,1.0,0.0,0.0,0.0,0.0,1.0,1422.0,4.0,0.0,54.0,3.0,4.0,0.0,0.0,0.0,0.0,1.0,0.0,0.0,0.0,0.0,4.0,1.0,0.0,0.0,17328.0,5652.0,6.0,1.0,0.0,19.0,3.0,4.0,80.0,0.0,29.0,3.0,2.0,20.0,7.0,12.0,7.0,0
31.0,1.0,0.0,0.0,1274.0,0.0,1.0,0.0,9.0,1.0,0.0,0.0,1.0,0.0,0.0,0.0,1.0,581.0,3.0,1.0,33.0,3.0,3.0,0.0,0.0,0.0,1.0,0.0,0.0,0.0,0.0,0.0,2.0,0.0,0.0,1.0,10648.0,14394.0,1.0,1.0,0.0,25.0,4.0,4.0,80.0,1.0,13.0,6.0,4.0,13.0,8.0,0.0,8.0,0
53.0,0.0,0.0,1.0,661.0,0.0,1.0,0.0,1.0,4.0,0.0,1.0,0.0,0.0,0.0,0.0,1.0,1775.0,1.0,0.0,60.0,2.0,4.0,0.0,0.0,0.0,1.0,0.0,0.0,0.0,0.0,0.0,3.0,0.0,1.0,0.0,12965.0,22308.0,4.0,1.0,1.0,20.0,4.0,4.0,80.0,3.0,27.0,2.0,2.0,3.0,2.0,0.0,2.0,0
27.0,1.0,0.0,0.0,1130.0,1.0,0.0,0.0,8.0,4.0,1.0,0.0,0.0,0.0,0.0,0.0,1.0,458.0,2.0,0.0,56.0,3.0,2.0,0.0,0.0,1.0,0.0,0.0,0.0,0.0,0.0,0.0,2.0,0.0,1.0,0.0,6214.0,3415.0,1.0,1.0,0.0,18.0,3.0,1.0,80.0,1.0,8.0,3.0,3.0,8.0,7.0,0.0,7.0,0
49.0,0.0,1.0,0.0,1064.0,0.0,1.0,0.0,2.0,1.0,0.0,0.0,1.0,0.0,0.0,0.0,1.0,1941.0,2.0,1.0,42.0,3.0,5.0,0.0,0.0,0.0,0.0,1.0,0.0,0.0,0.0,0.0,4.0,0.0,1.0,0.0,19161.0,13738.0,3.0,1.0,0.0,15.0,3.0,4.0,80.0,0.0,28.0,3.0,3.0,5.0,4.0,4.0,3.0,0
25.0,1.0,0.0,0.0,1219.0,0.0,1.0,0.0,4.0,1.0,0.0,0.0,0.0,0.0,1.0,0.0,1.0,1106.0,4.0,1.0,32.0,3.0,1.0,0.0,1.0,0.0,0.0,0.0,0.0,0.0,0.0,0.0,4.0,0.0,1.0,0.0,3691.0,4605.0,1.0,1.0,1.0,15.0,3.0,2.0,80.0,1.0,7.0,3.0,4.0,7.0,7.0,5.0,6.0,1
32.0,1.0,0.0,0.0,601.0,1.0,0.0,0.0,7.0,5.0,1.0,0.0,0.0,0.0,0.0,0.0,1.0,1446.0,4.0,1.0,97.0,3.0,2.0,0.0,0.0,1.0,0.0,0.0,0.0,0.0,0.0,0.0,4.0,0.0,1.0,0.0,9204.0,23343.0,4.0,1.0,0.0,12.0,3.0,3.0,80.0,1.0,7.0,3.0,2.0,4.0,3.0,0.0,3.0,0
46.0,1.0,0.0,0.0,150.0,0.0,1.0,0.0,2.0,4.0,0.0,0.0,0.0,0.0,1.0,0.0,1.0,1228.0,4.0,1.0,60.0,3.0,2.0,0.0,0.0,0.0,1.0,0.0,0.0,0.0,0.0,0.0,4.0,0.0,0.0,1.0,7379.0,17433.0,2.0,1.0,0.0,11.0,3.0,3.0,80.0,1.0,12.0,3.0,2.0,6.0,3.0,1.0,4.0,0
39.0,1.0,0.0,0.0,835.0,0.0,1.0,0.0,19.0,4.0,0.0,0.0,0.0,0.0,0.0,1.0,1.0,1871.0,4.0,1.0,41.0,3.0,2.0,0.0,0.0,0.0,0.0,0.0,1.0,0.0,0.0,0.0,4.0,0.0,0.0,1.0,3902.0,5141.0,8.0,1.0,0.0,14.0,3.0,2.0,80.0,3.0,7.0,2.0,3.0,2.0,2.0,2.0,2.0,0
49.0,1.0,0.0,0.0,1091.0,0.0,1.0,0.0,1.0,2.0,0.0,0.0,0.0,0.0,1.0,0.0,1.0,431.0,3.0,0.0,90.0,2.0,4.0,0.0,0.0,0.0,0.0,0.0,0.0,0.0,1.0,0.0,3.0,1.0,0.0,0.0,13964.0,17810.0,7.0,1.0,1.0,12.0,3.0,4.0,80.0,0.0,25.0,2.0,3.0,7.0,1.0,0.0,7.0,0
32.0,1.0,0.0,0.0,1018.0,0.0,1.0,0.0,3.0,2.0,0.0,0.0,1.0,0.0,0.0,0.0,1.0,727.0,3.0,0.0,39.0,3.0,3.0,0.0,0.0,0.0,0.0,1.0,0.0,0.0,0.0,0.0,4.0,1.0,0.0,0.0,11159.0,19373.0,3.0,1.0,0.0,15.0,3.0,4.0,80.0,0.0,10.0,6.0,3.0,7.0,7.0,7.0,7.0,0
29.0,1.0,0.0,0.0,144.0,1.0,0.0,0.0,10.0,1.0,1.0,0.0,0.0,0.0,0.0,0.0,1.0,463.0,4.0,0.0,39.0,2.0,2.0,0.0,0.0,1.0,0.0,0.0,0.0,0.0,0.0,0.0,2.0,0.0,0.0,1.0,8268.0,11866.0,1.0,1.0,1.0,14.0,3.0,1.0,80.0,2.0,7.0,2.0,3.0,7.0,7.0,1.0,7.0,0
39.0,1.0,0.0,0.0,895.0,1.0,0.0,0.0,5.0,3.0,0.0,0.0,0.0,0.0,1.0,0.0,1.0,42.0,4.0,1.0,56.0,3.0,2.0,0.0,0.0,0.0,0.0,0.0,0.0,0.0,0.0,1.0,4.0,0.0,1.0,0.0,2086.0,3335.0,3.0,1.0,0.0,14.0,3.0,3.0,80.0,1.0,19.0,6.0,4.0,1.0,0.0,0.0,0.0,1
34.0,1.0,0.0,0.0,629.0,0.0,1.0,0.0,27.0,2.0,0.0,1.0,0.0,0.0,0.0,0.0,1.0,247.0,4.0,0.0,95.0,3.0,1.0,0.0,0.0,0.0,0.0,0.0,1.0,0.0,0.0,0.0,2.0,1.0,0.0,0.0,2311.0,5711.0,2.0,1.0,0.0,15.0,3.0,4.0,80.0,0.0,9.0,3.0,3.0,3.0,2.0,1.0,2.0,0
46.0,1.0,0.0,0.0,1450.0,0.0,1.0,0.0,15.0,2.0,0.0,0.0,1.0,0.0,0.0,0.0,1.0,1217.0,4.0,1.0,52.0,3.0,5.0,0.0,0.0,0.0,0.0,1.0,0.0,0.0,0.0,0.0,2.0,0.0,1.0,0.0,19081.0,10849.0,5.0,1.0,0.0,11.0,3.0,1.0,80.0,1.0,25.0,2.0,3.0,4.0,2.0,0.0,3.0,0
23.0,1.0,0.0,0.0,650.0,0.0,1.0,0.0,9.0,1.0,0.0,1.0,0.0,0.0,0.0,0.0,1.0,758.0,2.0,1.0,37.0,3.0,1.0,0.0,1.0,0.0,0.0,0.0,0.0,0.0,0.0,0.0,1.0,0.0,1.0,0.0,2500.0,4344.0,1.0,1.0,0.0,14.0,3.0,4.0,80.0,1.0,5.0,2.0,4.0,4.0,3.0,0.0,2.0,0
29.0,0.0,1.0,0.0,461.0,0.0,1.0,0.0,1.0,3.0,0.0,0.0,1.0,0.0,0.0,0.0,1.0,1753.0,4.0,1.0,70.0,4.0,2.0,0.0,0.0,0.0,0.0,0.0,0.0,0.0,1.0,0.0,3.0,1.0,0.0,0.0,6294.0,23060.0,8.0,1.0,1.0,12.0,3.0,4.0,80.0,0.0,10.0,5.0,4.0,3.0,2.0,0.0,2.0,0
54.0,1.0,0.0,0.0,1082.0,1.0,0.0,0.0,2.0,4.0,0.0,0.0,1.0,0.0,0.0,0.0,1.0,1070.0,3.0,0.0,41.0,2.0,3.0,0.0,0.0,1.0,0.0,0.0,0.0,0.0,0.0,0.0,3.0,0.0,1.0,0.0,10686.0,8392.0,6.0,1.0,0.0,11.0,3.0,2.0,80.0,1.0,13.0,4.0,3.0,9.0,4.0,7.0,0.0,0
48.0,1.0,0.0,0.0,492.0,1.0,0.0,0.0,16.0,4.0,0.0,0.0,1.0,0.0,0.0,0.0,1.0,1557.0,3.0,0.0,96.0,3.0,2.0,0.0,0.0,1.0,0.0,0.0,0.0,0.0,0.0,0.0,3.0,0.0,0.0,1.0,6439.0,13693.0,8.0,1.0,0.0,14.0,3.0,3.0,80.0,1.0,18.0,2.0,3.0,8.0,7.0,7.0,7.0,0
40.0,1.0,0.0,0.0,804.0,0.0,1.0,0.0,2.0,1.0,0.0,1.0,0.0,0.0,0.0,0.0,1.0,763.0,4.0,0.0,86.0,2.0,1.0,0.0,0.0,0.0,0.0,0.0,1.0,0.0,0.0,0.0,4.0,1.0,0.0,0.0,2342.0,22929.0,0.0,1.0,1.0,20.0,4.0,4.0,80.0,0.0,5.0,2.0,2.0,4.0,2.0,2.0,3.0,0
42.0,0.0,1.0,0.0,748.0,0.0,1.0,0.0,9.0,2.0,0.0,1.0,0.0,0.0,0.0,0.0,1.0,1480.0,1.0,0.0,74.0,3.0,1.0,0.0,1.0,0.0,0.0,0.0,0.0,0.0,0.0,0.0,4.0,1.0,0.0,0.0,3673.0,16458.0,1.0,1.0,0.0,13.0,3.0,3.0,80.0,0.0,12.0,3.0,3.0,12.0,9.0,5.0,8.0,0
30.0,1.0,0.0,0.0,1339.0,1.0,0.0,0.0,5.0,3.0,0.0,0.0,1.0,0.0,0.0,0.0,1.0,228.0,2.0,0.0,41.0,3.0,3.0,0.0,0.0,1.0,0.0,0.0,0.0,0.0,0.0,0.0,4.0,0.0,1.0,0.0,9419.0,8053.0,2.0,1.0,0.0,12.0,3.0,3.0,80.0,1.0,12.0,2.0,3.0,10.0,9.0,7.0,4.0,0
28.0,1.0,0.0,0.0,821.0,1.0,0.0,0.0,5.0,4.0,0.0,1.0,0.0,0.0,0.0,0.0,1.0,916.0,1.0,1.0,98.0,3.0,2.0,0.0,0.0,1.0,0.0,0.0,0.0,0.0,0.0,0.0,4.0,1.0,0.0,0.0,4908.0,24252.0,1.0,1.0,0.0,14.0,3.0,2.0,80.0,0.0,4.0,3.0,3.0,4.0,2.0,0.0,2.0,0
36.0,1.0,0.0,0.0,311.0,0.0,1.0,0.0,7.0,3.0,0.0,0.0,1.0,0.0,0.0,0.0,1.0,1659.0,1.0,1.0,77.0,3.0,1.0,0.0,1.0,0.0,0.0,0.0,0.0,0.0,0.0,0.0,2.0,1.0,0.0,0.0,2013.0,10950.0,2.0,1.0,0.0,11.0,3.0,3.0,80.0,0.0,15.0,4.0,3.0,4.0,3.0,1.0,3.0,0
31.0,0.0,1.0,0.0,444.0,1.0,0.0,0.0,5.0,3.0,1.0,0.0,0.0,0.0,0.0,0.0,1.0,399.0,4.0,0.0,84.0,3.0,1.0,0.0,0.0,0.0,0.0,0.0,0.0,0.0,0.0,1.0,2.0,0.0,0.0,1.0,2789.0,3909.0,1.0,1.0,0.0,11.0,3.0,3.0,80.0,1.0,2.0,5.0,2.0,2.0,2.0,2.0,2.0,0
36.0,0.0,1.0,0.0,1302.0,0.0,1.0,0.0,6.0,4.0,0.0,0.0,1.0,0.0,0.0,0.0,1.0,1594.0,1.0,1.0,80.0,4.0,2.0,0.0,1.0,0.0,0.0,0.0,0.0,0.0,0.0,0.0,1.0,0.0,1.0,0.0,5562.0,19711.0,3.0,1.0,1.0,13.0,3.0,4.0,80.0,1.0,9.0,3.0,3.0,3.0,2.0,0.0,2.0,0
54.0,1.0,0.0,0.0,155.0,0.0,1.0,0.0,9.0,2.0,0.0,0.0,1.0,0.0,0.0,0.0,1.0,1969.0,1.0,0.0,67.0,3.0,2.0,0.0,0.0,0.0,0.0,0.0,1.0,0.0,0.0,0.0,3.0,0.0,1.0,0.0,2897.0,22474.0,3.0,1.0,0.0,11.0,3.0,3.0,80.0,2.0,9.0,6.0,2.0,4.0,3.0,2.0,3.0,0
34.0,1.0,0.0,0.0,790.0,1.0,0.0,0.0,24.0,4.0,0.0,1.0,0.0,0.0,0.0,0.0,1.0,1489.0,1.0,0.0,40.0,2.0,2.0,0.0,0.0,1.0,0.0,0.0,0.0,0.0,0.0,0.0,2.0,1.0,0.0,0.0,4599.0,7815.0,0.0,1.0,1.0,23.0,4.0,3.0,80.0,0.0,16.0,2.0,4.0,15.0,9.0,10.0,10.0,1
38.0,0.0,1.0,0.0,471.0,0.0,1.0,0.0,12.0,3.0,0.0,0.0,1.0,0.0,0.0,0.0,1.0,837.0,1.0,1.0,45.0,2.0,2.0,0.0,0.0,0.0,0.0,0.0,0.0,0.0,1.0,0.0,1.0,0.0,0.0,1.0,6288.0,4284.0,2.0,1.0,0.0,15.0,3.0,3.0,80.0,1.0,13.0,3.0,2.0,4.0,3.0,1.0,2.0,0
45.0,1.0,0.0,0.0,1234.0,1.0,0.0,0.0,11.0,2.0,0.0,0.0,1.0,0.0,0.0,0.0,1.0,1045.0,4.0,0.0,90.0,3.0,4.0,1.0,0.0,0.0,0.0,0.0,0.0,0.0,0.0,0.0,4.0,0.0,1.0,0.0,17650.0,5404.0,3.0,1.0,0.0,13.0,3.0,2.0,80.0,1.0,26.0,4.0,4.0,9.0,3.0,1.0,1.0,0
37.0,1.0,0.0,0.0,228.0,1.0,0.0,0.0,6.0,4.0,0.0,1.0,0.0,0.0,0.0,0.0,1.0,378.0,3.0,1.0,98.0,3.0,2.0,0.0,0.0,1.0,0.0,0.0,0.0,0.0,0.0,0.0,4.0,0.0,1.0,0.0,6502.0,22825.0,4.0,1.0,0.0,14.0,3.0,2.0,80.0,1.0,7.0,5.0,4.0,5.0,4.0,0.0,1.0,0
28.0,0.0,0.0,1.0,1366.0,0.0,1.0,0.0,24.0,2.0,0.0,0.0,0.0,0.0,1.0,0.0,1.0,1082.0,2.0,1.0,72.0,2.0,3.0,0.0,0.0,0.0,0.0,0.0,0.0,0.0,1.0,0.0,1.0,1.0,0.0,0.0,8722.0,12355.0,1.0,1.0,0.0,12.0,3.0,1.0,80.0,0.0,10.0,2.0,2.0,10.0,7.0,1.0,9.0,1
33.0,1.0,0.0,0.0,461.0,0.0,1.0,0.0,13.0,1.0,0.0,0.0,1.0,0.0,0.0,0.0,1.0,995.0,2.0,0.0,53.0,3.0,1.0,0.0,0.0,0.0,0.0,0.0,1.0,0.0,0.0,0.0,4.0,1.0,0.0,0.0,3452.0,17241.0,3.0,1.0,0.0,18.0,3.0,1.0,80.0,0.0,5.0,4.0,3.0,3.0,2.0,0.0,2.0,0
48.0,1.0,0.0,0.0,1355.0,0.0,1.0,0.0,4.0,4.0,0.0,0.0,1.0,0.0,0.0,0.0,1.0,1024.0,3.0,1.0,78.0,2.0,3.0,0.0,0.0,0.0,0.0,0.0,0.0,0.0,1.0,0.0,3.0,1.0,0.0,0.0,10999.0,22245.0,7.0,1.0,0.0,14.0,3.0,2.0,80.0,0.0,27.0,3.0,3.0,15.0,11.0,4.0,8.0,0
31.0,0.0,1.0,0.0,1125.0,1.0,0.0,0.0,7.0,4.0,1.0,0.0,0.0,0.0,0.0,0.0,1.0,1833.0,1.0,0.0,68.0,3.0,3.0,0.0,0.0,1.0,0.0,0.0,0.0,0.0,0.0,0.0,1.0,0.0,1.0,0.0,9637.0,8277.0,2.0,1.0,0.0,14.0,3.0,4.0,80.0,2.0,9.0,3.0,3.0,3.0,2.0,2.0,2.0,0
34.0,1.0,0.0,0.0,204.0,1.0,0.0,0.0,14.0,3.0,0.0,0.0,0.0,0.0,1.0,0.0,1.0,666.0,3.0,0.0,31.0,3.0,1.0,0.0,0.0,0.0,0.0,0.0,0.0,0.0,0.0,1.0,3.0,0.0,0.0,1.0,2579.0,2912.0,1.0,1.0,1.0,18.0,3.0,4.0,80.0,2.0,8.0,3.0,3.0,8.0,2.0,0.0,6.0,0
42.0,0.0,1.0,0.0,458.0,0.0,1.0,0.0,26.0,5.0,0.0,1.0,0.0,0.0,0.0,0.0,1.0,1242.0,1.0,0.0,60.0,3.0,3.0,0.0,0.0,0.0,0.0,1.0,0.0,0.0,0.0,0.0,1.0,0.0,1.0,0.0,13191.0,23281.0,3.0,1.0,1.0,17.0,3.0,3.0,80.0,0.0,20.0,6.0,3.0,1.0,0.0,0.0,0.0,0
37.0,1.0,0.0,0.0,807.0,0.0,0.0,1.0,6.0,4.0,0.0,0.0,0.0,1.0,0.0,0.0,1.0,133.0,3.0,1.0,63.0,3.0,1.0,0.0,0.0,0.0,0.0,0.0,0.0,1.0,0.0,0.0,1.0,0.0,0.0,1.0,2073.0,23648.0,4.0,1.0,1.0,22.0,4.0,4.0,80.0,0.0,7.0,3.0,3.0,3.0,2.0,0.0,2.0,1
42.0,0.0,1.0,0.0,1368.0,0.0,1.0,0.0,28.0,4.0,0.0,0.0,0.0,0.0,1.0,0.0,1.0,551.0,4.0,0.0,88.0,2.0,2.0,0.0,0.0,0.0,0.0,0.0,0.0,0.0,1.0,0.0,4.0,0.0,1.0,0.0,4523.0,4386.0,0.0,1.0,0.0,11.0,3.0,4.0,80.0,3.0,7.0,4.0,4.0,6.0,5.0,0.0,4.0,0
41.0,1.0,0.0,0.0,548.0,0.0,1.0,0.0,9.0,4.0,0.0,0.0,1.0,0.0,0.0,0.0,1.0,1772.0,3.0,1.0,94.0,3.0,1.0,0.0,1.0,0.0,0.0,0.0,0.0,0.0,0.0,0.0,1.0,0.0,0.0,1.0,2289.0,20520.0,1.0,1.0,0.0,20.0,4.0,2.0,80.0,2.0,5.0,2.0,3.0,5.0,3.0,0.0,4.0,0
30.0,0.0,0.0,1.0,990.0,0.0,1.0,0.0,7.0,3.0,0.0,0.0,0.0,0.0,1.0,0.0,1.0,1482.0,3.0,1.0,64.0,3.0,1.0,0.0,0.0,0.0,0.0,0.0,1.0,0.0,0.0,0.0,3.0,0.0,0.0,1.0,1274.0,7152.0,1.0,1.0,0.0,13.0,3.0,2.0,80.0,2.0,1.0,2.0,2.0,1.0,0.0,0.0,0.0,0
27.0,1.0,0.0,0.0,486.0,0.0,1.0,0.0,8.0,3.0,0.0,1.0,0.0,0.0,0.0,0.0,1.0,1647.0,2.0,0.0,86.0,4.0,1.0,0.0,0.0,0.0,0.0,0.0,1.0,0.0,0.0,0.0,3.0,0.0,1.0,0.0,3517.0,22490.0,7.0,1.0,0.0,17.0,3.0,1.0,80.0,0.0,5.0,0.0,3.0,3.0,2.0,0.0,2.0,0
35.0,1.0,0.0,0.0,890.0,1.0,0.0,0.0,2.0,3.0,1.0,0.0,0.0,0.0,0.0,0.0,1.0,49.0,4.0,0.0,97.0,3.0,1.0,0.0,0.0,0.0,0.0,0.0,0.0,0.0,0.0,1.0,4.0,0.0,1.0,0.0,2014.0,9687.0,1.0,1.0,0.0,13.0,3.0,1.0,80.0,0.0,2.0,3.0,3.0,2.0,2.0,2.0,2.0,0
45.0,1.0,0.0,0.0,1316.0,0.0,1.0,0.0,29.0,3.0,0.0,1.0,0.0,0.0,0.0,0.0,1.0,192.0,3.0,1.0,83.0,3.0,1.0,0.0,0.0,0.0,0.0,0.0,1.0,0.0,0.0,0.0,4.0,1.0,0.0,0.0,3452.0,9752.0,5.0,1.0,0.0,13.0,3.0,2.0,80.0,0.0,9.0,2.0,2.0,6.0,5.0,0.0,3.0,0
34.0,1.0,0.0,0.0,121.0,0.0,1.0,0.0,2.0,4.0,0.0,1.0,0.0,0.0,0.0,0.0,1.0,804.0,3.0,0.0,86.0,2.0,1.0,0.0,0.0,0.0,0.0,0.0,1.0,0.0,0.0,0.0,1.0,1.0,0.0,0.0,4381.0,7530.0,1.0,1.0,0.0,11.0,3.0,3.0,80.0,0.0,6.0,3.0,3.0,6.0,5.0,1.0,3.0,0
27.0,1.0,0.0,0.0,1220.0,0.0,1.0,0.0,5.0,3.0,0.0,0.0,1.0,0.0,0.0,0.0,1.0,434.0,3.0,0.0,85.0,3.0,1.0,0.0,0.0,0.0,0.0,0.0,1.0,0.0,0.0,0.0,2.0,1.0,0.0,0.0,2478.0,20938.0,1.0,1.0,1.0,12.0,3.0,2.0,80.0,0.0,4.0,2.0,2.0,4.0,3.0,1.0,2.0,0
50.0,1.0,0.0,0.0,328.0,0.0,1.0,0.0,1.0,3.0,0.0,1.0,0.0,0.0,0.0,0.0,1.0,249.0,3.0,1.0,86.0,2.0,1.0,0.0,1.0,0.0,0.0,0.0,0.0,0.0,0.0,0.0,3.0,0.0,1.0,0.0,3690.0,3425.0,2.0,1.0,0.0,15.0,3.0,4.0,80.0,1.0,5.0,2.0,2.0,3.0,2.0,0.0,2.0,0
49.0,0.0,0.0,1.0,1002.0,0.0,1.0,0.0,18.0,4.0,0.0,0.0,1.0,0.0,0.0,0.0,1.0,275.0,4.0,1.0,92.0,3.0,2.0,0.0,0.0,0.0,1.0,0.0,0.0,0.0,0.0,0.0,4.0,0.0,0.0,1.0,6804.0,23793.0,1.0,1.0,1.0,15.0,3.0,1.0,80.0,2.0,7.0,0.0,3.0,7.0,7.0,1.0,7.0,0
52.0,1.0,0.0,0.0,723.0,0.0,1.0,0.0,8.0,4.0,0.0,1.0,0.0,0.0,0.0,0.0,1.0,433.0,3.0,1.0,85.0,2.0,2.0,0.0,0.0,0.0,0.0,0.0,1.0,0.0,0.0,0.0,2.0,0.0,1.0,0.0,4941.0,17747.0,2.0,1.0,0.0,15.0,3.0,1.0,80.0,0.0,11.0,3.0,2.0,8.0,2.0,7.0,7.0,1
19.0,1.0,0.0,0.0,489.0,0.0,0.0,1.0,2.0,2.0,0.0,0.0,0.0,0.0,1.0,0.0,1.0,566.0,1.0,1.0,52.0,2.0,1.0,0.0,0.0,0.0,0.0,0.0,0.0,1.0,0.0,0.0,4.0,1.0,0.0,0.0,2564.0,18437.0,1.0,1.0,0.0,12.0,3.0,3.0,80.0,0.0,1.0,3.0,4.0,1.0,0.0,0.0,0.0,1
32.0,1.0,0.0,0.0,1259.0,0.0,1.0,0.0,2.0,4.0,0.0,0.0,1.0,0.0,0.0,0.0,1.0,1692.0,4.0,1.0,95.0,3.0,1.0,0.0,1.0,0.0,0.0,0.0,0.0,0.0,0.0,0.0,2.0,1.0,0.0,0.0,1393.0,24852.0,1.0,1.0,0.0,12.0,3.0,1.0,80.0,0.0,1.0,2.0,3.0,1.0,0.0,0.0,0.0,1
39.0,0.0,1.0,0.0,505.0,0.0,1.0,0.0,2.0,4.0,0.0,0.0,0.0,0.0,1.0,0.0,1.0,343.0,3.0,0.0,64.0,3.0,3.0,0.0,0.0,0.0,0.0,0.0,0.0,0.0,1.0,0.0,3.0,1.0,0.0,0.0,10938.0,6420.0,0.0,1.0,0.0,25.0,4.0,4.0,80.0,0.0,20.0,1.0,3.0,19.0,6.0,11.0,8.0,0
26.0,1.0,0.0,0.0,1449.0,0.0,1.0,0.0,16.0,4.0,0.0,1.0,0.0,0.0,0.0,0.0,1.0,394.0,1.0,1.0,45.0,3.0,1.0,0.0,1.0,0.0,0.0,0.0,0.0,0.0,0.0,0.0,2.0,0.0,0.0,1.0,2373.0,14180.0,2.0,1.0,1.0,13.0,3.0,4.0,80.0,1.0,5.0,2.0,3.0,3.0,2.0,0.0,2.0,1
24.0,0.0,1.0,0.0,535.0,1.0,0.0,0.0,24.0,3.0,0.0,1.0,0.0,0.0,0.0,0.0,1.0,632.0,4.0,1.0,38.0,3.0,1.0,0.0,0.0,0.0,0.0,0.0,0.0,0.0,0.0,1.0,4.0,0.0,1.0,0.0,2400.0,5530.0,0.0,1.0,0.0,13.0,3.0,3.0,80.0,2.0,3.0,3.0,3.0,2.0,2.0,2.0,1.0,0
40.0,1.0,0.0,0.0,1308.0,0.0,1.0,0.0,14.0,3.0,0.0,1.0,0.0,0.0,0.0,0.0,1.0,1128.0,3.0,1.0,44.0,2.0,5.0,0.0,0.0,0.0,0.0,1.0,0.0,0.0,0.0,0.0,3.0,1.0,0.0,0.0,19626.0,17544.0,1.0,1.0,0.0,14.0,3.0,1.0,80.0,0.0,21.0,2.0,4.0,20.0,7.0,4.0,9.0,0
46.0,1.0,0.0,0.0,261.0,0.0,1.0,0.0,21.0,2.0,0.0,1.0,0.0,0.0,0.0,0.0,1.0,1821.0,4.0,0.0,66.0,3.0,2.0,0.0,0.0,0.0,0.0,0.0,0.0,0.0,1.0,0.0,2.0,0.0,1.0,0.0,8926.0,10842.0,4.0,1.0,0.0,22.0,4.0,4.0,80.0,1.0,13.0,2.0,4.0,9.0,7.0,3.0,7.0,1
26.0,1.0,0.0,0.0,1066.0,0.0,1.0,0.0,2.0,2.0,0.0,1.0,0.0,0.0,0.0,0.0,1.0,1018.0,4.0,1.0,32.0,4.0,2.0,0.0,0.0,0.0,1.0,0.0,0.0,0.0,0.0,0.0,4.0,0.0,1.0,0.0,5472.0,3334.0,1.0,1.0,0.0,12.0,3.0,2.0,80.0,0.0,8.0,2.0,3.0,8.0,7.0,1.0,3.0,0
28.0,1.0,0.0,0.0,440.0,0.0,1.0,0.0,21.0,3.0,0.0,1.0,0.0,0.0,0.0,0.0,1.0,221.0,3.0,1.0,42.0,3.0,1.0,0.0,0.0,0.0,0.0,0.0,1.0,0.0,0.0,0.0,4.0,0.0,1.0,0.0,2713.0,6672.0,1.0,1.0,0.0,11.0,3.0,3.0,80.0,1.0,5.0,2.0,1.0,5.0,2.0,0.0,2.0,0
30.0,1.0,0.0,0.0,1176.0,0.0,1.0,0.0,20.0,3.0,0.0,0.0,0.0,0.0,0.0,1.0,1.0,1084.0,3.0,1.0,85.0,3.0,2.0,0.0,0.0,0.0,1.0,0.0,0.0,0.0,0.0,0.0,1.0,0.0,1.0,0.0,9957.0,9096.0,0.0,1.0,0.0,15.0,3.0,3.0,80.0,1.0,7.0,1.0,2.0,6.0,2.0,0.0,2.0,0
50.0,1.0,0.0,0.0,869.0,1.0,0.0,0.0,3.0,2.0,1.0,0.0,0.0,0.0,0.0,0.0,1.0,47.0,1.0,1.0,86.0,2.0,1.0,0.0,0.0,0.0,0.0,0.0,0.0,0.0,0.0,1.0,3.0,0.0,1.0,0.0,2683.0,3810.0,1.0,1.0,1.0,14.0,3.0,3.0,80.0,0.0,3.0,2.0,3.0,3.0,2.0,0.0,2.0,1
59.0,1.0,0.0,0.0,1435.0,1.0,0.0,0.0,25.0,3.0,0.0,0.0,1.0,0.0,0.0,0.0,1.0,81.0,1.0,0.0,99.0,3.0,3.0,0.0,0.0,1.0,0.0,0.0,0.0,0.0,0.0,0.0,1.0,1.0,0.0,0.0,7637.0,2354.0,7.0,1.0,0.0,11.0,3.0,4.0,80.0,0.0,28.0,3.0,2.0,21.0,16.0,7.0,9.0,0
51.0,1.0,0.0,0.0,1169.0,0.0,1.0,0.0,7.0,4.0,0.0,1.0,0.0,0.0,0.0,0.0,1.0,211.0,2.0,1.0,34.0,2.0,2.0,0.0,0.0,0.0,1.0,0.0,0.0,0.0,0.0,0.0,3.0,0.0,1.0,0.0,6132.0,13983.0,2.0,1.0,0.0,17.0,3.0,3.0,80.0,0.0,10.0,2.0,3.0,1.0,0.0,0.0,0.0,0
43.0,1.0,0.0,0.0,531.0,1.0,0.0,0.0,4.0,4.0,1.0,0.0,0.0,0.0,0.0,0.0,1.0,1293.0,4.0,0.0,56.0,2.0,3.0,0.0,0.0,1.0,0.0,0.0,0.0,0.0,0.0,0.0,4.0,1.0,0.0,0.0,10231.0,20364.0,3.0,1.0,0.0,14.0,3.0,4.0,80.0,0.0,23.0,3.0,4.0,21.0,7.0,15.0,17.0,0
39.0,0.0,1.0,0.0,443.0,0.0,1.0,0.0,8.0,1.0,0.0,0.0,1.0,0.0,0.0,0.0,1.0,602.0,3.0,0.0,48.0,3.0,1.0,0.0,1.0,0.0,0.0,0.0,0.0,0.0,0.0,0.0,3.0,0.0,1.0,0.0,3755.0,17872.0,1.0,1.0,0.0,11.0,3.0,1.0,80.0,1.0,8.0,3.0,3.0,8.0,3.0,0.0,7.0,0
36.0,1.0,0.0,0.0,530.0,1.0,0.0,0.0,2.0,4.0,0.0,0.0,1.0,0.0,0.0,0.0,1.0,1710.0,3.0,0.0,51.0,3.0,2.0,0.0,0.0,0.0,0.0,0.0,0.0,0.0,0.0,1.0,4.0,1.0,0.0,0.0,4502.0,7439.0,3.0,1.0,0.0,15.0,3.0,3.0,80.0,0.0,17.0,2.0,2.0,13.0,7.0,6.0,7.0,0
24.0,1.0,0.0,0.0,984.0,0.0,1.0,0.0,17.0,2.0,0.0,0.0,1.0,0.0,0.0,0.0,1.0,1219.0,4.0,0.0,97.0,3.0,1.0,0.0,1.0,0.0,0.0,0.0,0.0,0.0,0.0,0.0,2.0,0.0,1.0,0.0,2210.0,3372.0,1.0,1.0,0.0,13.0,3.0,1.0,80.0,1.0,1.0,3.0,1.0,1.0,0.0,0.0,0.0,1
48.0,1.0,0.0,0.0,1224.0,0.0,1.0,0.0,10.0,3.0,0.0,0.0,1.0,0.0,0.0,0.0,1.0,1867.0,4.0,1.0,91.0,2.0,5.0,0.0,0.0,0.0,0.0,1.0,0.0,0.0,0.0,0.0,2.0,0.0,1.0,0.0,19665.0,13583.0,4.0,1.0,0.0,12.0,3.0,4.0,80.0,0.0,29.0,3.0,3.0,22.0,10.0,12.0,9.0,0
38.0,1.0,0.0,0.0,1495.0,0.0,1.0,0.0,10.0,3.0,0.0,1.0,0.0,0.0,0.0,0.0,1.0,634.0,3.0,0.0,76.0,3.0,2.0,0.0,0.0,0.0,0.0,0.0,0.0,0.0,1.0,0.0,3.0,0.0,1.0,0.0,9824.0,22174.0,3.0,1.0,0.0,19.0,3.0,3.0,80.0,1.0,18.0,4.0,3.0,1.0,0.0,0.0,0.0,0
42.0,1.0,0.0,0.0,462.0,1.0,0.0,0.0,14.0,2.0,0.0,1.0,0.0,0.0,0.0,0.0,1.0,936.0,3.0,0.0,68.0,2.0,2.0,0.0,0.0,1.0,0.0,0.0,0.0,0.0,0.0,0.0,3.0,1.0,0.0,0.0,6244.0,7824.0,7.0,1.0,0.0,17.0,3.0,1.0,80.0,0.0,10.0,6.0,3.0,5.0,4.0,0.0,3.0,0
34.0,1.0,0.0,0.0,665.0,0.0,1.0,0.0,6.0,4.0,0.0,0.0,0.0,0.0,0.0,1.0,1.0,138.0,1.0,0.0,41.0,3.0,2.0,0.0,0.0,0.0,0.0,0.0,1.0,0.0,0.0,0.0,3.0,1.0,0.0,0.0,4809.0,12482.0,1.0,1.0,0.0,14.0,3.0,3.0,80.0,0.0,16.0,3.0,3.0,16.0,13.0,2.0,10.0,0
27.0,1.0,0.0,0.0,1469.0,0.0,1.0,0.0,1.0,2.0,0.0,1.0,0.0,0.0,0.0,0.0,1.0,497.0,4.0,1.0,82.0,3.0,1.0,0.0,1.0,0.0,0.0,0.0,0.0,0.0,0.0,0.0,2.0,0.0,0.0,1.0,3816.0,17881.0,1.0,1.0,0.0,11.0,3.0,2.0,80.0,1.0,5.0,2.0,3.0,5.0,2.0,0.0,4.0,0
30.0,1.0,0.0,0.0,305.0,0.0,1.0,0.0,16.0,3.0,0.0,0.0,1.0,0.0,0.0,0.0,1.0,1763.0,3.0,1.0,58.0,4.0,2.0,0.0,0.0,0.0,0.0,0.0,0.0,0.0,1.0,0.0,3.0,0.0,1.0,0.0,5294.0,9128.0,3.0,1.0,0.0,16.0,3.0,3.0,80.0,1.0,10.0,3.0,3.0,7.0,0.0,1.0,7.0,0
40.0,1.0,0.0,0.0,543.0,0.0,1.0,0.0,1.0,4.0,0.0,0.0,1.0,0.0,0.0,0.0,1.0,2012.0,1.0,1.0,83.0,3.0,1.0,0.0,1.0,0.0,0.0,0.0,0.0,0.0,0.0,0.0,4.0,0.0,1.0,0.0,2406.0,4060.0,8.0,1.0,0.0,19.0,3.0,3.0,80.0,2.0,8.0,3.0,2.0,1.0,0.0,0.0,0.0,0
30.0,1.0,0.0,0.0,634.0,0.0,1.0,0.0,17.0,4.0,0.0,1.0,0.0,0.0,0.0,0.0,1.0,1321.0,2.0,0.0,95.0,3.0,3.0,1.0,0.0,0.0,0.0,0.0,0.0,0.0,0.0,0.0,1.0,0.0,1.0,0.0,11916.0,25927.0,1.0,1.0,1.0,23.0,4.0,4.0,80.0,2.0,9.0,2.0,3.0,9.0,1.0,0.0,8.0,0
28.0,1.0,0.0,0.0,1157.0,0.0,1.0,0.0,2.0,4.0,0.0,1.0,0.0,0.0,0.0,0.0,1.0,440.0,1.0,1.0,84.0,1.0,1.0,0.0,0.0,0.0,0.0,0.0,1.0,0.0,0.0,0.0,4.0,0.0,1.0,0.0,3464.0,24737.0,5.0,1.0,1.0,13.0,3.0,4.0,80.0,0.0,5.0,4.0,2.0,3.0,2.0,2.0,2.0,1
38.0,0.0,1.0,0.0,888.0,0.0,0.0,1.0,10.0,4.0,0.0,0.0,0.0,1.0,0.0,0.0,1.0,1563.0,3.0,1.0,71.0,3.0,2.0,0.0,0.0,0.0,0.0,0.0,0.0,1.0,0.0,0.0,3.0,0.0,1.0,0.0,6077.0,14814.0,3.0,1.0,0.0,11.0,3.0,3.0,80.0,0.0,10.0,2.0,3.0,6.0,3.0,1.0,2.0,0
32.0,1.0,0.0,0.0,801.0,1.0,0.0,0.0,1.0,4.0,1.0,0.0,0.0,0.0,0.0,0.0,1.0,2016.0,3.0,0.0,48.0,3.0,3.0,0.0,0.0,1.0,0.0,0.0,0.0,0.0,0.0,0.0,4.0,0.0,1.0,0.0,10422.0,24032.0,1.0,1.0,0.0,19.0,3.0,3.0,80.0,2.0,14.0,3.0,3.0,14.0,10.0,5.0,7.0,0
29.0,1.0,0.0,0.0,986.0,0.0,1.0,0.0,3.0,4.0,0.0,1.0,0.0,0.0,0.0,0.0,1.0,564.0,2.0,1.0,93.0,2.0,3.0,0.0,0.0,0.0,0.0,1.0,0.0,0.0,0.0,0.0,3.0,0.0,1.0,0.0,11935.0,21526.0,1.0,1.0,0.0,18.0,3.0,3.0,80.0,0.0,10.0,2.0,3.0,10.0,2.0,0.0,7.0,0
24.0,1.0,0.0,0.0,693.0,1.0,0.0,0.0,3.0,2.0,0.0,0.0,1.0,0.0,0.0,0.0,1.0,720.0,1.0,0.0,65.0,3.0,2.0,0.0,0.0,1.0,0.0,0.0,0.0,0.0,0.0,0.0,3.0,1.0,0.0,0.0,4577.0,24785.0,9.0,1.0,0.0,14.0,3.0,1.0,80.0,0.0,4.0,3.0,3.0,2.0,2.0,2.0,0.0,1
27.0,1.0,0.0,0.0,975.0,0.0,1.0,0.0,7.0,3.0,0.0,1.0,0.0,0.0,0.0,0.0,1.0,764.0,4.0,0.0,55.0,2.0,2.0,0.0,0.0,0.0,0.0,0.0,0.0,0.0,1.0,0.0,1.0,1.0,0.0,0.0,6811.0,23398.0,8.0,1.0,0.0,19.0,3.0,1.0,80.0,0.0,9.0,2.0,1.0,7.0,6.0,0.0,7.0,0
24.0,1.0,0.0,0.0,350.0,0.0,1.0,0.0,21.0,2.0,0.0,0.0,0.0,0.0,1.0,0.0,1.0,1551.0,3.0,1.0,57.0,2.0,1.0,0.0,1.0,0.0,0.0,0.0,0.0,0.0,0.0,0.0,1.0,0.0,0.0,1.0,2296.0,10036.0,0.0,1.0,0.0,14.0,3.0,2.0,80.0,3.0,2.0,3.0,3.0,1.0,1.0,0.0,0.0,0
39.0,1.0,0.0,0.0,412.0,0.0,1.0,0.0,13.0,4.0,0.0,1.0,0.0,0.0,0.0,0.0,1.0,1307.0,3.0,0.0,94.0,2.0,4.0,1.0,0.0,0.0,0.0,0.0,0.0,0.0,0.0,0.0,2.0,0.0,0.0,1.0,17123.0,17334.0,6.0,1.0,1.0,13.0,3.0,4.0,80.0,2.0,21.0,4.0,3.0,19.0,9.0,15.0,2.0,0
42.0,1.0,0.0,0.0,916.0,0.0,1.0,0.0,17.0,2.0,0.0,0.0,1.0,0.0,0.0,0.0,1.0,347.0,4.0,0.0,82.0,4.0,2.0,0.0,0.0,0.0,0.0,0.0,1.0,0.0,0.0,0.0,1.0,1.0,0.0,0.0,6545.0,23016.0,3.0,1.0,1.0,13.0,3.0,3.0,80.0,0.0,10.0,1.0,3.0,3.0,2.0,0.0,2.0,0
59.0,1.0,0.0,0.0,715.0,0.0,1.0,0.0,2.0,3.0,0.0,0.0,1.0,0.0,0.0,0.0,1.0,1032.0,3.0,0.0,69.0,2.0,4.0,0.0,0.0,0.0,1.0,0.0,0.0,0.0,0.0,0.0,4.0,1.0,0.0,0.0,13726.0,21829.0,3.0,1.0,1.0,13.0,3.0,1.0,80.0,0.0,30.0,4.0,3.0,5.0,3.0,4.0,3.0,0
44.0,0.0,1.0,0.0,920.0,0.0,1.0,0.0,24.0,3.0,0.0,0.0,1.0,0.0,0.0,0.0,1.0,392.0,4.0,1.0,43.0,3.0,1.0,0.0,1.0,0.0,0.0,0.0,0.0,0.0,0.0,0.0,3.0,0.0,0.0,1.0,3161.0,19920.0,3.0,1.0,1.0,22.0,4.0,4.0,80.0,1.0,19.0,0.0,1.0,1.0,0.0,0.0,0.0,1
47.0,1.0,0.0,0.0,465.0,0.0,1.0,0.0,1.0,3.0,0.0,0.0,0.0,0.0,1.0,0.0,1.0,1438.0,1.0,1.0,74.0,3.0,1.0,0.0,0.0,0.0,0.0,0.0,1.0,0.0,0.0,0.0,4.0,0.0,1.0,0.0,3420.0,10205.0,7.0,1.0,0.0,12.0,3.0,3.0,80.0,1.0,17.0,2.0,2.0,6.0,5.0,1.0,2.0,0
31.0,1.0,0.0,0.0,1276.0,0.0,1.0,0.0,2.0,1.0,0.0,1.0,0.0,0.0,0.0,0.0,1.0,1974.0,4.0,0.0,59.0,1.0,1.0,0.0,1.0,0.0,0.0,0.0,0.0,0.0,0.0,0.0,4.0,0.0,0.0,1.0,1129.0,17536.0,1.0,1.0,1.0,11.0,3.0,3.0,80.0,3.0,1.0,4.0,3.0,1.0,0.0,0.0,0.0,0
42.0,0.0,1.0,0.0,1271.0,0.0,1.0,0.0,2.0,1.0,0.0,1.0,0.0,0.0,0.0,0.0,1.0,875.0,2.0,1.0,35.0,3.0,1.0,0.0,0.0,0.0,0.0,0.0,1.0,0.0,0.0,0.0,4.0,1.0,0.0,0.0,2515.0,9068.0,5.0,1.0,1.0,14.0,3.0,4.0,80.0,0.0,8.0,2.0,3.0,2.0,1.0,2.0,2.0,0
40.0,0.0,1.0,0.0,902.0,0.0,1.0,0.0,26.0,2.0,0.0,1.0,0.0,0.0,0.0,0.0,1.0,1180.0,3.0,0.0,92.0,2.0,2.0,0.0,0.0,0.0,0.0,0.0,1.0,0.0,0.0,0.0,4.0,0.0,1.0,0.0,4422.0,21203.0,3.0,1.0,1.0,13.0,3.0,4.0,80.0,1.0,16.0,3.0,1.0,1.0,1.0,0.0,0.0,0
26.0,1.0,0.0,0.0,572.0,1.0,0.0,0.0,10.0,3.0,0.0,1.0,0.0,0.0,0.0,0.0,1.0,1836.0,3.0,1.0,46.0,3.0,2.0,0.0,0.0,1.0,0.0,0.0,0.0,0.0,0.0,0.0,4.0,1.0,0.0,0.0,4684.0,9125.0,1.0,1.0,0.0,13.0,3.0,1.0,80.0,0.0,5.0,4.0,3.0,5.0,3.0,1.0,2.0,0
24.0,1.0,0.0,0.0,477.0,0.0,1.0,0.0,24.0,3.0,0.0,1.0,0.0,0.0,0.0,0.0,1.0,1173.0,4.0,1.0,49.0,3.0,1.0,0.0,1.0,0.0,0.0,0.0,0.0,0.0,0.0,0.0,2.0,1.0,0.0,0.0,3597.0,6409.0,8.0,1.0,0.0,22.0,4.0,4.0,80.0,0.0,6.0,2.0,3.0,4.0,3.0,1.0,2.0,0
42.0,1.0,0.0,0.0,201.0,0.0,1.0,0.0,1.0,4.0,0.0,0.0,1.0,0.0,0.0,0.0,1.0,517.0,2.0,0.0,95.0,3.0,1.0,0.0,1.0,0.0,0.0,0.0,0.0,0.0,0.0,0.0,1.0,0.0,0.0,1.0,2576.0,20490.0,3.0,1.0,0.0,16.0,3.0,2.0,80.0,1.0,8.0,5.0,3.0,5.0,2.0,1.0,2.0,0
56.0,1.0,0.0,0.0,718.0,0.0,1.0,0.0,4.0,4.0,0.0,0.0,0.0,0.0,1.0,0.0,1.0,1191.0,4.0,0.0,92.0,3.0,5.0,1.0,0.0,0.0,0.0,0.0,0.0,0.0,0.0,0.0,1.0,0.0,0.0,1.0,19943.0,18575.0,4.0,1.0,0.0,13.0,3.0,4.0,80.0,1.0,28.0,2.0,3.0,5.0,2.0,4.0,2.0,0
30.0,0.0,0.0,1.0,641.0,1.0,0.0,0.0,25.0,2.0,0.0,0.0,0.0,0.0,1.0,0.0,1.0,475.0,4.0,0.0,85.0,3.0,2.0,0.0,0.0,1.0,0.0,0.0,0.0,0.0,0.0,0.0,3.0,0.0,1.0,0.0,4736.0,6069.0,7.0,1.0,1.0,12.0,3.0,2.0,80.0,1.0,4.0,2.0,4.0,2.0,2.0,2.0,2.0,0
56.0,1.0,0.0,0.0,1369.0,0.0,1.0,0.0,23.0,3.0,0.0,0.0,1.0,0.0,0.0,0.0,1.0,1373.0,4.0,1.0,68.0,3.0,4.0,0.0,0.0,0.0,1.0,0.0,0.0,0.0,0.0,0.0,2.0,0.0,1.0,0.0,13402.0,18235.0,4.0,1.0,1.0,12.0,3.0,1.0,80.0,1.0,33.0,0.0,3.0,19.0,16.0,15.0,9.0,0
42.0,1.0,0.0,0.0,1332.0,0.0,1.0,0.0,2.0,4.0,0.0,0.0,0.0,0.0,0.0,1.0,1.0,477.0,1.0,1.0,98.0,2.0,2.0,0.0,0.0,0.0,0.0,0.0,0.0,0.0,1.0,0.0,4.0,1.0,0.0,0.0,6781.0,17078.0,3.0,1.0,0.0,23.0,4.0,2.0,80.0,0.0,14.0,6.0,3.0,1.0,0.0,0.0,0.0,0
32.0,1.0,0.0,0.0,859.0,0.0,1.0,0.0,4.0,3.0,0.0,0.0,1.0,0.0,0.0,0.0,1.0,830.0,3.0,0.0,98.0,2.0,2.0,0.0,0.0,0.0,1.0,0.0,0.0,0.0,0.0,0.0,3.0,0.0,1.0,0.0,6162.0,19124.0,1.0,1.0,0.0,12.0,3.0,3.0,80.0,1.0,14.0,3.0,3.0,14.0,13.0,6.0,8.0,0
39.0,1.0,0.0,0.0,466.0,0.0,1.0,0.0,1.0,1.0,0.0,0.0,1.0,0.0,0.0,0.0,1.0,1026.0,4.0,0.0,65.0,2.0,4.0,0.0,0.0,0.0,1.0,0.0,0.0,0.0,0.0,0.0,4.0,0.0,1.0,0.0,12742.0,7060.0,1.0,1.0,0.0,16.0,3.0,3.0,80.0,1.0,21.0,3.0,3.0,21.0,6.0,11.0,8.0,0
24.0,1.0,0.0,0.0,823.0,0.0,1.0,0.0,17.0,2.0,0.0,0.0,0.0,0.0,0.0,1.0,1.0,643.0,4.0,1.0,94.0,2.0,1.0,0.0,1.0,0.0,0.0,0.0,0.0,0.0,0.0,0.0,2.0,0.0,1.0,0.0,2127.0,9100.0,1.0,1.0,0.0,21.0,4.0,4.0,80.0,1.0,1.0,2.0,3.0,1.0,0.0,0.0,0.0,0
39.0,1.0,0.0,0.0,170.0,0.0,1.0,0.0,3.0,2.0,0.0,1.0,0.0,0.0,0.0,0.0,1.0,1627.0,3.0,1.0,76.0,2.0,2.0,0.0,1.0,0.0,0.0,0.0,0.0,0.0,0.0,0.0,3.0,0.0,0.0,1.0,3069.0,10302.0,0.0,1.0,0.0,15.0,3.0,4.0,80.0,1.0,11.0,3.0,3.0,10.0,8.0,0.0,7.0,0
28.0,1.0,0.0,0.0,529.0,0.0,1.0,0.0,2.0,4.0,0.0,0.0,1.0,0.0,0.0,0.0,1.0,364.0,1.0,1.0,79.0,3.0,1.0,0.0,1.0,0.0,0.0,0.0,0.0,0.0,0.0,0.0,3.0,1.0,0.0,0.0,3485.0,14935.0,2.0,1.0,0.0,11.0,3.0,3.0,80.0,0.0,5.0,5.0,1.0,0.0,0.0,0.0,0.0,1
47.0,0.0,1.0,0.0,1309.0,1.0,0.0,0.0,4.0,1.0,0.0,1.0,0.0,0.0,0.0,0.0,1.0,467.0,2.0,1.0,99.0,3.0,2.0,0.0,0.0,0.0,0.0,0.0,0.0,0.0,0.0,1.0,3.0,1.0,0.0,0.0,2976.0,25751.0,3.0,1.0,0.0,19.0,3.0,1.0,80.0,0.0,5.0,3.0,3.0,0.0,0.0,0.0,0.0,0
49.0,1.0,0.0,0.0,465.0,0.0,1.0,0.0,6.0,1.0,0.0,0.0,1.0,0.0,0.0,0.0,1.0,1661.0,3.0,0.0,41.0,2.0,4.0,0.0,0.0,0.0,0.0,0.0,0.0,0.0,1.0,0.0,3.0,0.0,1.0,0.0,13966.0,11652.0,2.0,1.0,1.0,19.0,3.0,2.0,80.0,1.0,30.0,3.0,3.0,15.0,11.0,2.0,12.0,0
33.0,1.0,0.0,0.0,117.0,0.0,1.0,0.0,9.0,3.0,0.0,1.0,0.0,0.0,0.0,0.0,1.0,1238.0,1.0,1.0,60.0,3.0,1.0,0.0,0.0,0.0,0.0,0.0,1.0,0.0,0.0,0.0,4.0,0.0,1.0,0.0,2781.0,6311.0,0.0,1.0,0.0,13.0,3.0,2.0,80.0,1.0,15.0,5.0,3.0,14.0,10.0,4.0,10.0,0
29.0,1.0,0.0,0.0,332.0,0.0,0.0,1.0,17.0,3.0,0.0,0.0,0.0,0.0,0.0,1.0,1.0,1419.0,2.0,1.0,51.0,2.0,3.0,0.0,0.0,0.0,0.0,0.0,0.0,1.0,0.0,0.0,1.0,1.0,0.0,0.0,7988.0,9769.0,1.0,1.0,0.0,13.0,3.0,1.0,80.0,0.0,10.0,3.0,2.0,10.0,9.0,0.0,9.0,0
45.0,1.0,0.0,0.0,950.0,0.0,1.0,0.0,28.0,3.0,0.0,0.0,0.0,0.0,1.0,0.0,1.0,1546.0,4.0,1.0,97.0,3.0,1.0,0.0,0.0,0.0,0.0,0.0,1.0,0.0,0.0,0.0,4.0,0.0,1.0,0.0,2132.0,4585.0,4.0,1.0,0.0,20.0,4.0,4.0,80.0,1.0,8.0,3.0,3.0,5.0,4.0,0.0,3.0,0
40.0,1.0,0.0,0.0,1300.0,0.0,1.0,0.0,24.0,2.0,0.0,0.0,0.0,0.0,1.0,0.0,1.0,335.0,1.0,1.0,62.0,3.0,2.0,0.0,0.0,0.0,0.0,0.0,1.0,0.0,0.0,0.0,4.0,0.0,0.0,1.0,3319.0,24447.0,1.0,1.0,0.0,17.0,3.0,1.0,80.0,2.0,9.0,3.0,3.0,9.0,8.0,4.0,7.0,0
45.0,0.0,0.0,1.0,1052.0,1.0,0.0,0.0,6.0,3.0,0.0,1.0,0.0,0.0,0.0,0.0,1.0,302.0,4.0,0.0,57.0,2.0,3.0,0.0,0.0,1.0,0.0,0.0,0.0,0.0,0.0,0.0,4.0,1.0,0.0,0.0,8865.0,16840.0,6.0,1.0,0.0,12.0,3.0,4.0,80.0,0.0,23.0,2.0,3.0,19.0,7.0,12.0,8.0,0
28.0,1.0,0.0,0.0,1083.0,0.0,1.0,0.0,29.0,1.0,0.0,0.0,1.0,0.0,0.0,0.0,1.0,1514.0,3.0,1.0,96.0,1.0,2.0,0.0,0.0,0.0,1.0,0.0,0.0,0.0,0.0,0.0,2.0,0.0,1.0,0.0,6549.0,3173.0,1.0,1.0,0.0,14.0,3.0,2.0,80.0,2.0,8.0,2.0,2.0,8.0,6.0,1.0,7.0,0
20.0,1.0,0.0,0.0,1362.0,0.0,1.0,0.0,10.0,1.0,0.0,1.0,0.0,0.0,0.0,0.0,1.0,701.0,4.0,1.0,32.0,3.0,1.0,0.0,0.0,0.0,0.0,0.0,1.0,0.0,0.0,0.0,3.0,1.0,0.0,0.0,1009.0,26999.0,1.0,1.0,1.0,11.0,3.0,4.0,80.0,0.0,1.0,5.0,3.0,1.0,0.0,1.0,1.0,1
54.0,1.0,0.0,0.0,1147.0,1.0,0.0,0.0,3.0,3.0,1.0,0.0,0.0,0.0,0.0,0.0,1.0,303.0,4.0,0.0,52.0,3.0,2.0,0.0,0.0,1.0,0.0,0.0,0.0,0.0,0.0,0.0,1.0,0.0,1.0,0.0,5940.0,17011.0,2.0,1.0,0.0,14.0,3.0,4.0,80.0,1.0,16.0,4.0,3.0,6.0,2.0,0.0,5.0,0
34.0,0.0,1.0,0.0,669.0,0.0,1.0,0.0,1.0,3.0,0.0,1.0,0.0,0.0,0.0,0.0,1.0,1184.0,4.0,1.0,97.0,2.0,2.0,0.0,0.0,0.0,0.0,0.0,0.0,0.0,1.0,0.0,1.0,1.0,0.0,0.0,5343.0,25755.0,0.0,1.0,0.0,20.0,4.0,3.0,80.0,0.0,14.0,3.0,3.0,13.0,9.0,4.0,9.0,0
27.0,1.0,0.0,0.0,199.0,0.0,1.0,0.0,6.0,3.0,0.0,0.0,1.0,0.0,0.0,0.0,1.0,1162.0,4.0,1.0,55.0,2.0,1.0,0.0,0.0,0.0,0.0,0.0,1.0,0.0,0.0,0.0,3.0,0.0,1.0,0.0,2539.0,7950.0,1.0,1.0,0.0,13.0,3.0,3.0,80.0,1.0,4.0,0.0,3.0,4.0,2.0,2.0,2.0,0
37.0,0.0,0.0,1.0,1252.0,1.0,0.0,0.0,19.0,2.0,0.0,1.0,0.0,0.0,0.0,0.0,1.0,904.0,1.0,1.0,32.0,3.0,3.0,0.0,0.0,1.0,0.0,0.0,0.0,0.0,0.0,0.0,2.0,1.0,0.0,0.0,7642.0,4814.0,1.0,1.0,1.0,13.0,3.0,4.0,80.0,0.0,10.0,2.0,3.0,10.0,0.0,0.0,9.0,0
49.0,1.0,0.0,0.0,527.0,0.0,1.0,0.0,8.0,2.0,0.0,0.0,0.0,0.0,0.0,1.0,1.0,944.0,1.0,0.0,51.0,3.0,3.0,0.0,1.0,0.0,0.0,0.0,0.0,0.0,0.0,0.0,2.0,0.0,1.0,0.0,7403.0,22477.0,4.0,1.0,0.0,11.0,3.0,3.0,80.0,1.0,29.0,3.0,2.0,26.0,9.0,1.0,7.0,0
51.0,1.0,0.0,0.0,313.0,0.0,1.0,0.0,3.0,3.0,0.0,1.0,0.0,0.0,0.0,0.0,1.0,258.0,4.0,0.0,98.0,3.0,4.0,0.0,0.0,0.0,0.0,0.0,0.0,0.0,1.0,0.0,2.0,1.0,0.0,0.0,13734.0,7192.0,3.0,1.0,0.0,18.0,3.0,3.0,80.0,0.0,21.0,6.0,3.0,7.0,7.0,1.0,0.0,0
35.0,1.0,0.0,0.0,1490.0,0.0,1.0,0.0,11.0,4.0,0.0,1.0,0.0,0.0,0.0,0.0,1.0,2003.0,4.0,1.0,43.0,3.0,1.0,0.0,1.0,0.0,0.0,0.0,0.0,0.0,0.0,0.0,3.0,0.0,1.0,0.0,2660.0,20232.0,7.0,1.0,1.0,11.0,3.0,3.0,80.0,1.0,5.0,3.0,3.0,2.0,2.0,2.0,2.0,0
31.0,0.0,1.0,0.0,798.0,0.0,1.0,0.0,7.0,2.0,0.0,0.0,1.0,0.0,0.0,0.0,1.0,442.0,3.0,0.0,48.0,2.0,3.0,0.0,0.0,0.0,1.0,0.0,0.0,0.0,0.0,0.0,3.0,0.0,1.0,0.0,8943.0,14034.0,1.0,1.0,0.0,24.0,4.0,1.0,80.0,1.0,10.0,2.0,3.0,10.0,9.0,8.0,9.0,0
34.0,1.0,0.0,0.0,1107.0,0.0,0.0,1.0,9.0,4.0,0.0,0.0,0.0,0.0,1.0,0.0,1.0,1467.0,1.0,0.0,52.0,3.0,1.0,0.0,0.0,0.0,0.0,0.0,0.0,1.0,0.0,0.0,3.0,0.0,1.0,0.0,2742.0,3072.0,1.0,1.0,0.0,15.0,3.0,4.0,80.0,0.0,2.0,0.0,3.0,2.0,2.0,2.0,2.0,1
26.0,1.0,0.0,0.0,775.0,1.0,0.0,0.0,29.0,2.0,0.0,1.0,0.0,0.0,0.0,0.0,1.0,618.0,1.0,1.0,45.0,3.0,2.0,0.0,0.0,1.0,0.0,0.0,0.0,0.0,0.0,0.0,3.0,0.0,0.0,1.0,4306.0,4267.0,5.0,1.0,0.0,12.0,3.0,1.0,80.0,2.0,8.0,5.0,3.0,0.0,0.0,0.0,0.0,0
31.0,1.0,0.0,0.0,359.0,0.0,0.0,1.0,18.0,5.0,0.0,0.0,0.0,1.0,0.0,0.0,1.0,1842.0,4.0,1.0,89.0,4.0,1.0,0.0,0.0,0.0,0.0,0.0,0.0,1.0,0.0,0.0,1.0,0.0,1.0,0.0,2956.0,21495.0,0.0,1.0,0.0,17.0,3.0,3.0,80.0,0.0,2.0,4.0,3.0,1.0,0.0,0.0,0.0,1
30.0,1.0,0.0,0.0,1427.0,0.0,1.0,0.0,2.0,1.0,0.0,1.0,0.0,0.0,0.0,0.0,1.0,198.0,2.0,1.0,35.0,2.0,1.0,0.0,1.0,0.0,0.0,0.0,0.0,0.0,0.0,0.0,4.0,1.0,0.0,0.0,2720.0,11162.0,0.0,1.0,0.0,13.0,3.0,4.0,80.0,0.0,6.0,3.0,3.0,5.0,3.0,1.0,2.0,0
27.0,0.0,1.0,0.0,1131.0,0.0,1.0,0.0,15.0,3.0,0.0,0.0,1.0,0.0,0.0,0.0,1.0,1870.0,4.0,0.0,77.0,2.0,1.0,0.0,0.0,0.0,0.0,0.0,1.0,0.0,0.0,0.0,1.0,0.0,1.0,0.0,4774.0,23844.0,0.0,1.0,0.0,19.0,3.0,4.0,80.0,1.0,8.0,2.0,2.0,7.0,6.0,7.0,3.0,0
29.0,0.0,1.0,0.0,490.0,0.0,1.0,0.0,10.0,3.0,0.0,0.0,1.0,0.0,0.0,0.0,1.0,1143.0,4.0,0.0,61.0,3.0,1.0,0.0,0.0,0.0,0.0,0.0,1.0,0.0,0.0,0.0,2.0,0.0,0.0,1.0,3291.0,17940.0,0.0,1.0,0.0,14.0,3.0,4.0,80.0,2.0,8.0,2.0,2.0,7.0,5.0,1.0,1.0,0
49.0,1.0,0.0,0.0,174.0,1.0,0.0,0.0,8.0,4.0,0.0,0.0,0.0,0.0,1.0,0.0,1.0,1138.0,4.0,1.0,56.0,2.0,4.0,0.0,0.0,1.0,0.0,0.0,0.0,0.0,0.0,0.0,2.0,0.0,1.0,0.0,13120.0,11879.0,6.0,1.0,0.0,17.0,3.0,2.0,80.0,1.0,22.0,3.0,3.0,9.0,8.0,2.0,3.0,0
30.0,1.0,0.0,0.0,1138.0,0.0,1.0,0.0,6.0,3.0,0.0,0.0,0.0,0.0,1.0,0.0,1.0,1311.0,1.0,0.0,48.0,2.0,2.0,0.0,1.0,0.0,0.0,0.0,0.0,0.0,0.0,0.0,4.0,0.0,1.0,0.0,4627.0,23631.0,0.0,1.0,0.0,12.0,3.0,1.0,80.0,1.0,10.0,6.0,3.0,9.0,2.0,6.0,7.0,0
49.0,0.0,1.0,0.0,279.0,0.0,1.0,0.0,8.0,1.0,0.0,0.0,1.0,0.0,0.0,0.0,1.0,2.0,3.0,1.0,61.0,2.0,2.0,0.0,0.0,0.0,0.0,0.0,1.0,0.0,0.0,0.0,2.0,0.0,1.0,0.0,5130.0,24907.0,1.0,1.0,0.0,23.0,4.0,4.0,80.0,1.0,10.0,3.0,3.0,10.0,7.0,1.0,7.0,0
34.0,1.0,0.0,0.0,1031.0,0.0,1.0,0.0,6.0,4.0,0.0,0.0,1.0,0.0,0.0,0.0,1.0,151.0,3.0,0.0,45.0,2.0,2.0,0.0,0.0,0.0,0.0,0.0,1.0,0.0,0.0,0.0,2.0,0.0,0.0,1.0,4505.0,15000.0,6.0,1.0,0.0,15.0,3.0,3.0,80.0,1.0,12.0,3.0,3.0,1.0,0.0,0.0,0.0,0
28.0,0.0,0.0,1.0,120.0,1.0,0.0,0.0,4.0,3.0,0.0,1.0,0.0,0.0,0.0,0.0,1.0,129.0,2.0,1.0,43.0,3.0,2.0,0.0,0.0,1.0,0.0,0.0,0.0,0.0,0.0,0.0,3.0,0.0,1.0,0.0,4221.0,8863.0,1.0,1.0,0.0,15.0,3.0,2.0,80.0,0.0,5.0,3.0,4.0,5.0,4.0,0.0,4.0,0
19.0,1.0,0.0,0.0,1181.0,0.0,1.0,0.0,3.0,1.0,0.0,1.0,0.0,0.0,0.0,0.0,1.0,201.0,2.0,0.0,79.0,3.0,1.0,0.0,1.0,0.0,0.0,0.0,0.0,0.0,0.0,0.0,2.0,1.0,0.0,0.0,1483.0,16102.0,1.0,1.0,0.0,14.0,3.0,4.0,80.0,0.0,1.0,3.0,3.0,1.0,0.0,0.0,0.0,0
27.0,0.0,1.0,0.0,1242.0,1.0,0.0,0.0,20.0,3.0,0.0,0.0,1.0,0.0,0.0,0.0,1.0,293.0,4.0,0.0,90.0,3.0,2.0,0.0,0.0,1.0,0.0,0.0,0.0,0.0,0.0,0.0,3.0,1.0,0.0,0.0,9981.0,12916.0,1.0,1.0,0.0,14.0,3.0,4.0,80.0,0.0,7.0,2.0,3.0,7.0,7.0,0.0,7.0,0
35.0,1.0,0.0,0.0,1229.0,0.0,1.0,0.0,8.0,1.0,0.0,0.0,1.0,0.0,0.0,0.0,1.0,63.0,4.0,1.0,36.0,4.0,1.0,0.0,1.0,0.0,0.0,0.0,0.0,0.0,0.0,0.0,4.0,0.0,1.0,0.0,2269.0,4892.0,1.0,1.0,0.0,19.0,3.0,4.0,80.0,0.0,1.0,2.0,3.0,1.0,0.0,0.0,1.0,0
31.0,1.0,0.0,0.0,196.0,1.0,0.0,0.0,29.0,4.0,1.0,0.0,0.0,0.0,0.0,0.0,1.0,1784.0,1.0,0.0,91.0,2.0,2.0,0.0,0.0,1.0,0.0,0.0,0.0,0.0,0.0,0.0,4.0,0.0,1.0,0.0,5468.0,13402.0,1.0,1.0,0.0,14.0,3.0,1.0,80.0,2.0,13.0,3.0,3.0,12.0,7.0,5.0,7.0,0
38.0,0.0,0.0,1.0,573.0,0.0,1.0,0.0,6.0,3.0,0.0,1.0,0.0,0.0,0.0,0.0,1.0,107.0,2.0,0.0,79.0,1.0,2.0,0.0,0.0,0.0,0.0,0.0,1.0,0.0,0.0,0.0,4.0,0.0,0.0,1.0,5329.0,15717.0,7.0,1.0,1.0,12.0,3.0,4.0,80.0,3.0,17.0,3.0,3.0,13.0,11.0,1.0,9.0,0
25.0,1.0,0.0,0.0,685.0,0.0,1.0,0.0,1.0,3.0,0.0,0.0,1.0,0.0,0.0,0.0,1.0,350.0,1.0,0.0,62.0,3.0,2.0,0.0,0.0,0.0,1.0,0.0,0.0,0.0,0.0,0.0,3.0,0.0,1.0,0.0,4898.0,7505.0,0.0,1.0,0.0,12.0,3.0,4.0,80.0,2.0,5.0,3.0,3.0,4.0,2.0,1.0,2.0,0
26.0,0.0,0.0,1.0,265.0,1.0,0.0,0.0,29.0,2.0,0.0,1.0,0.0,0.0,0.0,0.0,1.0,1037.0,2.0,1.0,79.0,1.0,2.0,0.0,0.0,1.0,0.0,0.0,0.0,0.0,0.0,0.0,1.0,1.0,0.0,0.0,4969.0,21813.0,8.0,1.0,0.0,18.0,3.0,4.0,80.0,0.0,7.0,6.0,3.0,2.0,2.0,2.0,2.0,1
32.0,1.0,0.0,0.0,906.0,1.0,0.0,0.0,7.0,3.0,0.0,0.0,1.0,0.0,0.0,0.0,1.0,420.0,4.0,1.0,91.0,2.0,2.0,0.0,0.0,1.0,0.0,0.0,0.0,0.0,0.0,0.0,3.0,0.0,1.0,0.0,5484.0,16985.0,1.0,1.0,0.0,14.0,3.0,3.0,80.0,1.0,13.0,3.0,2.0,13.0,8.0,4.0,8.0,0
35.0,1.0,0.0,0.0,1402.0,1.0,0.0,0.0,28.0,4.0,0.0,0.0,1.0,0.0,0.0,0.0,1.0,1554.0,2.0,0.0,98.0,2.0,1.0,0.0,0.0,0.0,0.0,0.0,0.0,0.0,0.0,1.0,3.0,0.0,1.0,0.0,2430.0,26204.0,0.0,1.0,0.0,23.0,4.0,1.0,80.0,2.0,6.0,5.0,3.0,5.0,3.0,4.0,2.0,0
41.0,1.0,0.0,0.0,1102.0,1.0,0.0,0.0,1.0,2.0,0.0,0.0,1.0,0.0,0.0,0.0,1.0,1.0,2.0,0.0,94.0,3.0,2.0,0.0,0.0,1.0,0.0,0.0,0.0,0.0,0.0,0.0,4.0,1.0,0.0,0.0,5993.0,19479.0,8.0,1.0,1.0,11.0,3.0,1.0,80.0,0.0,8.0,0.0,1.0,6.0,4.0,0.0,5.0,1
36.0,0.0,1.0,0.0,1467.0,1.0,0.0,0.0,11.0,2.0,0.0,0.0,0.0,0.0,1.0,0.0,1.0,154.0,2.0,0.0,92.0,3.0,3.0,0.0,0.0,1.0,0.0,0.0,0.0,0.0,0.0,0.0,4.0,0.0,1.0,0.0,9738.0,22952.0,0.0,1.0,0.0,14.0,3.0,3.0,80.0,1.0,10.0,6.0,3.0,9.0,7.0,2.0,8.0,0
28.0,1.0,0.0,0.0,890.0,0.0,1.0,0.0,2.0,4.0,0.0,1.0,0.0,0.0,0.0,0.0,1.0,828.0,3.0,1.0,46.0,3.0,1.0,0.0,0.0,0.0,0.0,0.0,1.0,0.0,0.0,0.0,3.0,1.0,0.0,0.0,4382.0,16374.0,6.0,1.0,0.0,17.0,3.0,4.0,80.0,0.0,5.0,3.0,2.0,2.0,2.0,2.0,1.0,1
31.0,0.0,1.0,0.0,561.0,0.0,1.0,0.0,3.0,3.0,0.0,0.0,1.0,0.0,0.0,0.0,1.0,1537.0,4.0,0.0,33.0,3.0,1.0,0.0,0.0,0.0,0.0,0.0,1.0,0.0,0.0,0.0,3.0,1.0,0.0,0.0,4084.0,4156.0,1.0,1.0,0.0,12.0,3.0,1.0,80.0,0.0,7.0,2.0,1.0,7.0,2.0,7.0,7.0,1
29.0,1.0,0.0,0.0,738.0,0.0,1.0,0.0,9.0,5.0,0.0,0.0,0.0,0.0,0.0,1.0,1.0,455.0,2.0,1.0,30.0,2.0,1.0,0.0,1.0,0.0,0.0,0.0,0.0,0.0,0.0,0.0,4.0,1.0,0.0,0.0,3983.0,7621.0,0.0,1.0,0.0,17.0,3.0,3.0,80.0,0.0,4.0,2.0,3.0,3.0,2.0,2.0,2.0,0
35.0,1.0,0.0,0.0,185.0,0.0,1.0,0.0,23.0,4.0,0.0,1.0,0.0,0.0,0.0,0.0,1.0,1826.0,2.0,1.0,91.0,1.0,1.0,0.0,1.0,0.0,0.0,0.0,0.0,0.0,0.0,0.0,3.0,0.0,1.0,0.0,2705.0,9696.0,0.0,1.0,0.0,16.0,3.0,2.0,80.0,1.0,6.0,2.0,4.0,5.0,4.0,0.0,3.0,0
32.0,1.0,0.0,0.0,1018.0,0.0,1.0,0.0,2.0,4.0,0.0,1.0,0.0,0.0,0.0,0.0,1.0,439.0,1.0,0.0,74.0,4.0,2.0,0.0,0.0,0.0,0.0,0.0,1.0,0.0,0.0,0.0,4.0,1.0,0.0,0.0,5055.0,10557.0,7.0,1.0,0.0,16.0,3.0,3.0,80.0,0.0,10.0,0.0,2.0,7.0,7.0,0.0,7.0,0
38.0,1.0,0.0,0.0,1009.0,1.0,0.0,0.0,2.0,2.0,0.0,0.0,1.0,0.0,0.0,0.0,1.0,1355.0,2.0,0.0,31.0,3.0,2.0,0.0,0.0,1.0,0.0,0.0,0.0,0.0,0.0,0.0,1.0,0.0,0.0,1.0,6893.0,19461.0,3.0,1.0,0.0,15.0,3.0,4.0,80.0,1.0,11.0,3.0,3.0,7.0,7.0,1.0,7.0,0
22.0,1.0,0.0,0.0,1136.0,0.0,1.0,0.0,5.0,3.0,0.0,0.0,1.0,0.0,0.0,0.0,1.0,284.0,4.0,1.0,60.0,4.0,1.0,0.0,0.0,0.0,0.0,0.0,1.0,0.0,0.0,0.0,2.0,0.0,0.0,1.0,2328.0,12392.0,1.0,1.0,1.0,16.0,3.0,1.0,80.0,1.0,4.0,2.0,2.0,4.0,2.0,2.0,2.0,0
32.0,0.0,0.0,1.0,953.0,0.0,1.0,0.0,5.0,4.0,0.0,0.0,0.0,0.0,1.0,0.0,1.0,1764.0,2.0,1.0,65.0,3.0,1.0,0.0,0.0,0.0,0.0,0.0,1.0,0.0,0.0,0.0,2.0,1.0,0.0,0.0,2718.0,17674.0,2.0,1.0,0.0,14.0,3.0,2.0,80.0,0.0,12.0,3.0,3.0,7.0,7.0,0.0,7.0,0
37.0,0.0,1.0,0.0,663.0,0.0,1.0,0.0,11.0,3.0,0.0,0.0,0.0,0.0,0.0,1.0,1.0,306.0,2.0,1.0,47.0,3.0,3.0,0.0,0.0,0.0,0.0,1.0,0.0,0.0,0.0,0.0,4.0,0.0,0.0,1.0,12185.0,10056.0,1.0,1.0,1.0,14.0,3.0,3.0,80.0,3.0,10.0,1.0,3.0,10.0,8.0,0.0,7.0,0
32.0,0.0,0.0,1.0,1109.0,0.0,1.0,0.0,29.0,4.0,0.0,1.0,0.0,0.0,0.0,0.0,1.0,1046.0,4.0,0.0,69.0,3.0,1.0,0.0,1.0,0.0,0.0,0.0,0.0,0.0,0.0,0.0,3.0,1.0,0.0,0.0,4025.0,11135.0,9.0,1.0,0.0,12.0,3.0,2.0,80.0,0.0,10.0,2.0,3.0,8.0,7.0,7.0,7.0,0
48.0,1.0,0.0,0.0,163.0,1.0,0.0,0.0,2.0,5.0,1.0,0.0,0.0,0.0,0.0,0.0,1.0,595.0,2.0,0.0,37.0,3.0,2.0,0.0,0.0,1.0,0.0,0.0,0.0,0.0,0.0,0.0,4.0,0.0,1.0,0.0,4051.0,19658.0,2.0,1.0,0.0,14.0,3.0,1.0,80.0,1.0,14.0,2.0,3.0,9.0,7.0,6.0,7.0,0
34.0,1.0,0.0,0.0,1320.0,0.0,1.0,0.0,20.0,3.0,0.0,0.0,0.0,0.0,1.0,0.0,1.0,1265.0,3.0,0.0,89.0,4.0,1.0,0.0,0.0,0.0,0.0,0.0,1.0,0.0,0.0,0.0,3.0,0.0,1.0,0.0,2585.0,21643.0,0.0,1.0,0.0,17.0,3.0,4.0,80.0,0.0,2.0,5.0,2.0,1.0,0.0,0.0,0.0,0
28.0,1.0,0.0,0.0,304.0,1.0,0.0,0.0,9.0,4.0,0.0,0.0,1.0,0.0,0.0,0.0,1.0,498.0,2.0,1.0,92.0,3.0,2.0,0.0,0.0,1.0,0.0,0.0,0.0,0.0,0.0,0.0,4.0,1.0,0.0,0.0,5253.0,20750.0,1.0,1.0,0.0,16.0,3.0,4.0,80.0,0.0,7.0,1.0,3.0,7.0,5.0,0.0,7.0,0
51.0,1.0,0.0,0.0,684.0,0.0,1.0,0.0,6.0,3.0,0.0,0.0,1.0,0.0,0.0,0.0,1.0,162.0,1.0,1.0,51.0,3.0,5.0,0.0,0.0,0.0,0.0,1.0,0.0,0.0,0.0,0.0,3.0,1.0,0.0,0.0,19537.0,6462.0,7.0,1.0,0.0,13.0,3.0,3.0,80.0,0.0,23.0,5.0,3.0,20.0,18.0,15.0,15.0,0
37.0,1.0,0.0,0.0,309.0,1.0,0.0,0.0,10.0,4.0,0.0,0.0,1.0,0.0,0.0,0.0,1.0,1105.0,4.0,0.0,88.0,2.0,2.0,0.0,0.0,1.0,0.0,0.0,0.0,0.0,0.0,0.0,4.0,0.0,0.0,1.0,6694.0,24223.0,2.0,1.0,1.0,14.0,3.0,3.0,80.0,3.0,8.0,5.0,3.0,1.0,0.0,0.0,0.0,0
40.0,1.0,0.0,0.0,611.0,1.0,0.0,0.0,7.0,4.0,0.0,1.0,0.0,0.0,0.0,0.0,1.0,1740.0,2.0,1.0,88.0,3.0,5.0,1.0,0.0,0.0,0.0,0.0,0.0,0.0,0.0,0.0,2.0,1.0,0.0,0.0,19833.0,4349.0,1.0,1.0,0.0,14.0,3.0,2.0,80.0,0.0,21.0,3.0,2.0,21.0,8.0,12.0,8.0,0
27.0,1.0,0.0,0.0,728.0,1.0,0.0,0.0,23.0,1.0,0.0,1.0,0.0,0.0,0.0,0.0,1.0,1864.0,2.0,0.0,36.0,2.0,2.0,0.0,0.0,0.0,0.0,0.0,0.0,0.0,0.0,1.0,3.0,0.0,1.0,0.0,3540.0,7018.0,1.0,1.0,0.0,21.0,4.0,4.0,80.0,1.0,9.0,5.0,3.0,9.0,8.0,5.0,8.0,0
28.0,1.0,0.0,0.0,866.0,1.0,0.0,0.0,5.0,3.0,0.0,1.0,0.0,0.0,0.0,0.0,1.0,1469.0,4.0,1.0,84.0,3.0,2.0,0.0,0.0,1.0,0.0,0.0,0.0,0.0,0.0,0.0,1.0,1.0,0.0,0.0,8463.0,23490.0,0.0,1.0,0.0,18.0,3.0,4.0,80.0,0.0,6.0,4.0,3.0,5.0,4.0,1.0,3.0,0
45.0,1.0,0.0,0.0,252.0,0.0,1.0,0.0,1.0,3.0,0.0,0.0,0.0,0.0,0.0,1.0,1.0,336.0,3.0,1.0,70.0,4.0,5.0,1.0,0.0,0.0,0.0,0.0,0.0,0.0,0.0,0.0,4.0,0.0,1.0,0.0,19202.0,15970.0,0.0,1.0,0.0,11.0,3.0,3.0,80.0,1.0,25.0,2.0,3.0,24.0,0.0,1.0,7.0,0
32.0,1.0,0.0,0.0,964.0,1.0,0.0,0.0,1.0,2.0,0.0,0.0,1.0,0.0,0.0,0.0,1.0,1734.0,1.0,1.0,34.0,1.0,2.0,0.0,0.0,1.0,0.0,0.0,0.0,0.0,0.0,0.0,2.0,1.0,0.0,0.0,6735.0,12147.0,6.0,1.0,0.0,15.0,3.0,2.0,80.0,0.0,10.0,2.0,3.0,0.0,0.0,0.0,0.0,1
48.0,1.0,0.0,0.0,1108.0,0.0,1.0,0.0,15.0,4.0,0.0,0.0,0.0,0.0,0.0,1.0,1.0,1576.0,3.0,0.0,65.0,3.0,1.0,0.0,0.0,0.0,0.0,0.0,1.0,0.0,0.0,0.0,1.0,0.0,1.0,0.0,2367.0,16530.0,8.0,1.0,0.0,12.0,3.0,4.0,80.0,1.0,10.0,3.0,2.0,8.0,2.0,7.0,6.0,0
39.0,1.0,0.0,0.0,119.0,1.0,0.0,0.0,15.0,4.0,1.0,0.0,0.0,0.0,0.0,0.0,1.0,1975.0,2.0,1.0,77.0,3.0,4.0,0.0,0.0,1.0,0.0,0.0,0.0,0.0,0.0,0.0,1.0,1.0,0.0,0.0,13341.0,25098.0,0.0,1.0,0.0,12.0,3.0,1.0,80.0,0.0,21.0,3.0,3.0,20.0,8.0,11.0,10.0,0
41.0,1.0,0.0,0.0,933.0,0.0,1.0,0.0,9.0,4.0,0.0,0.0,1.0,0.0,0.0,0.0,1.0,200.0,3.0,1.0,94.0,3.0,1.0,0.0,1.0,0.0,0.0,0.0,0.0,0.0,0.0,0.0,1.0,0.0,1.0,0.0,2238.0,6961.0,2.0,1.0,0.0,21.0,4.0,4.0,80.0,1.0,7.0,2.0,3.0,5.0,0.0,1.0,4.0,0
42.0,1.0,0.0,0.0,319.0,0.0,1.0,0.0,24.0,3.0,0.0,1.0,0.0,0.0,0.0,0.0,1.0,605.0,4.0,1.0,56.0,3.0,3.0,0.0,0.0,0.0,1.0,0.0,0.0,0.0,0.0,0.0,1.0,0.0,1.0,0.0,7406.0,6950.0,1.0,1.0,1.0,21.0,4.0,4.0,80.0,1.0,10.0,5.0,2.0,10.0,9.0,5.0,8.0,0
29.0,0.0,1.0,0.0,410.0,0.0,1.0,0.0,2.0,1.0,0.0,0.0,1.0,0.0,0.0,0.0,1.0,1513.0,4.0,0.0,97.0,3.0,1.0,0.0,1.0,0.0,0.0,0.0,0.0,0.0,0.0,0.0,2.0,0.0,1.0,0.0,3180.0,4668.0,0.0,1.0,0.0,13.0,3.0,3.0,80.0,3.0,4.0,3.0,3.0,3.0,2.0,0.0,2.0,0
46.0,1.0,0.0,0.0,1402.0,1.0,0.0,0.0,2.0,3.0,1.0,0.0,0.0,0.0,0.0,0.0,1.0,1204.0,3.0,0.0,69.0,3.0,4.0,1.0,0.0,0.0,0.0,0.0,0.0,0.0,0.0,0.0,1.0,0.0,1.0,0.0,17048.0,24097.0,8.0,1.0,0.0,23.0,4.0,1.0,80.0,0.0,28.0,2.0,3.0,26.0,15.0,15.0,9.0,0
37.0,1.0,0.0,0.0,558.0,1.0,0.0,0.0,2.0,3.0,1.0,0.0,0.0,0.0,0.0,0.0,1.0,656.0,4.0,1.0,75.0,3.0,2.0,0.0,0.0,1.0,0.0,0.0,0.0,0.0,0.0,0.0,3.0,0.0,1.0,0.0,9602.0,3010.0,4.0,1.0,1.0,11.0,3.0,3.0,80.0,1.0,17.0,3.0,2.0,3.0,0.0,1.0,0.0,0
41.0,1.0,0.0,0.0,314.0,0.0,0.0,1.0,1.0,3.0,0.0,0.0,0.0,1.0,0.0,0.0,1.0,734.0,4.0,1.0,59.0,2.0,5.0,1.0,0.0,0.0,0.0,0.0,0.0,0.0,0.0,0.0,3.0,0.0,1.0,0.0,19189.0,19562.0,1.0,1.0,0.0,12.0,3.0,2.0,80.0,1.0,22.0,3.0,3.0,22.0,7.0,2.0,10.0,0
26.0,1.0,0.0,0.0,192.0,0.0,1.0,0.0,1.0,2.0,0.0,1.0,0.0,0.0,0.0,0.0,1.0,1083.0,1.0,1.0,59.0,2.0,1.0,0.0,1.0,0.0,0.0,0.0,0.0,0.0,0.0,0.0,1.0,0.0,1.0,0.0,3955.0,11141.0,1.0,1.0,0.0,16.0,3.0,1.0,80.0,2.0,6.0,2.0,3.0,5.0,3.0,1.0,3.0,0
27.0,1.0,0.0,0.0,135.0,0.0,1.0,0.0,17.0,4.0,0.0,0.0,1.0,0.0,0.0,0.0,1.0,1405.0,4.0,0.0,51.0,3.0,1.0,0.0,0.0,0.0,0.0,0.0,1.0,0.0,0.0,0.0,3.0,1.0,0.0,0.0,2394.0,25681.0,1.0,1.0,1.0,13.0,3.0,4.0,80.0,0.0,8.0,2.0,3.0,8.0,2.0,7.0,7.0,1
28.0,1.0,0.0,0.0,1404.0,0.0,1.0,0.0,17.0,3.0,0.0,0.0,0.0,0.0,1.0,0.0,1.0,1960.0,3.0,1.0,32.0,2.0,1.0,0.0,1.0,0.0,0.0,0.0,0.0,0.0,0.0,0.0,4.0,0.0,0.0,1.0,2367.0,18779.0,5.0,1.0,0.0,12.0,3.0,1.0,80.0,1.0,6.0,2.0,2.0,4.0,1.0,0.0,3.0,1
55.0,1.0,0.0,0.0,1136.0,0.0,1.0,0.0,1.0,4.0,0.0,1.0,0.0,0.0,0.0,0.0,1.0,1424.0,2.0,1.0,81.0,4.0,4.0,0.0,0.0,0.0,0.0,1.0,0.0,0.0,0.0,0.0,4.0,0.0,0.0,1.0,14732.0,12414.0,2.0,1.0,0.0,13.0,3.0,4.0,80.0,2.0,31.0,4.0,4.0,7.0,7.0,0.0,0.0,0
41.0,0.0,0.0,1.0,552.0,0.0,0.0,1.0,4.0,3.0,0.0,0.0,0.0,1.0,0.0,0.0,1.0,1722.0,3.0,1.0,60.0,1.0,2.0,0.0,0.0,0.0,0.0,0.0,0.0,1.0,0.0,0.0,2.0,0.0,1.0,0.0,6430.0,20794.0,6.0,1.0,0.0,19.0,3.0,2.0,80.0,1.0,10.0,4.0,3.0,3.0,2.0,1.0,2.0,0
19.0,1.0,0.0,0.0,645.0,0.0,1.0,0.0,9.0,2.0,0.0,0.0,1.0,0.0,0.0,0.0,1.0,1193.0,3.0,1.0,54.0,3.0,1.0,0.0,0.0,0.0,0.0,0.0,1.0,0.0,0.0,0.0,1.0,1.0,0.0,0.0,2552.0,7172.0,1.0,1.0,0.0,25.0,4.0,3.0,80.0,0.0,1.0,4.0,3.0,1.0,1.0,0.0,0.0,0
37.0,1.0,0.0,0.0,342.0,1.0,0.0,0.0,16.0,4.0,1.0,0.0,0.0,0.0,0.0,0.0,1.0,868.0,4.0,1.0,66.0,2.0,2.0,0.0,0.0,1.0,0.0,0.0,0.0,0.0,0.0,0.0,3.0,0.0,0.0,1.0,6334.0,24558.0,4.0,1.0,0.0,19.0,3.0,4.0,80.0,2.0,9.0,2.0,3.0,1.0,0.0,0.0,0.0,0
30.0,1.0,0.0,0.0,1240.0,0.0,0.0,1.0,9.0,3.0,0.0,0.0,0.0,1.0,0.0,0.0,1.0,184.0,3.0,1.0,48.0,3.0,2.0,0.0,0.0,0.0,0.0,0.0,0.0,1.0,0.0,0.0,4.0,0.0,1.0,0.0,6347.0,13982.0,0.0,1.0,1.0,19.0,3.0,4.0,80.0,0.0,12.0,2.0,1.0,11.0,9.0,4.0,7.0,0
45.0,1.0,0.0,0.0,192.0,0.0,1.0,0.0,10.0,2.0,0.0,0.0,1.0,0.0,0.0,0.0,1.0,544.0,1.0,1.0,69.0,3.0,1.0,0.0,0.0,0.0,0.0,0.0,1.0,0.0,0.0,0.0,4.0,0.0,1.0,0.0,2654.0,9655.0,3.0,1.0,0.0,21.0,4.0,4.0,80.0,2.0,8.0,3.0,2.0,2.0,2.0,0.0,2.0,0
59.0,1.0,0.0,0.0,1324.0,0.0,1.0,0.0,3.0,3.0,0.0,1.0,0.0,0.0,0.0,0.0,1.0,10.0,3.0,0.0,81.0,4.0,1.0,0.0,1.0,0.0,0.0,0.0,0.0,0.0,0.0,0.0,1.0,0.0,1.0,0.0,2670.0,9964.0,4.0,1.0,1.0,20.0,4.0,1.0,80.0,3.0,12.0,3.0,2.0,1.0,0.0,0.0,0.0,0
36.0,1.0,0.0,0.0,430.0,0.0,1.0,0.0,2.0,4.0,0.0,0.0,0.0,0.0,0.0,1.0,1.0,1847.0,4.0,0.0,73.0,3.0,2.0,0.0,0.0,0.0,0.0,0.0,1.0,0.0,0.0,0.0,2.0,0.0,1.0,0.0,6962.0,19573.0,4.0,1.0,1.0,22.0,4.0,4.0,80.0,1.0,15.0,2.0,3.0,1.0,0.0,0.0,0.0,0
40.0,1.0,0.0,0.0,448.0,0.0,1.0,0.0,16.0,3.0,0.0,0.0,1.0,0.0,0.0,0.0,1.0,1641.0,3.0,0.0,84.0,3.0,3.0,0.0,0.0,0.0,1.0,0.0,0.0,0.0,0.0,0.0,4.0,1.0,0.0,0.0,7945.0,19948.0,6.0,1.0,1.0,15.0,3.0,4.0,80.0,0.0,18.0,2.0,2.0,4.0,2.0,3.0,3.0,0
31.0,1.0,0.0,0.0,408.0,0.0,1.0,0.0,9.0,4.0,0.0,0.0,1.0,0.0,0.0,0.0,1.0,493.0,3.0,1.0,42.0,2.0,1.0,0.0,0.0,0.0,0.0,0.0,1.0,0.0,0.0,0.0,2.0,1.0,0.0,0.0,2657.0,7551.0,0.0,1.0,1.0,16.0,3.0,4.0,80.0,0.0,3.0,5.0,3.0,2.0,2.0,2.0,2.0,0
39.0,1.0,0.0,0.0,722.0,1.0,0.0,0.0,24.0,1.0,1.0,0.0,0.0,0.0,0.0,0.0,1.0,2056.0,2.0,0.0,60.0,2.0,4.0,0.0,0.0,1.0,0.0,0.0,0.0,0.0,0.0,0.0,4.0,0.0,1.0,0.0,12031.0,8828.0,0.0,1.0,0.0,11.0,3.0,1.0,80.0,1.0,21.0,2.0,2.0,20.0,9.0,9.0,6.0,0
41.0,1.0,0.0,0.0,483.0,0.0,1.0,0.0,6.0,3.0,0.0,1.0,0.0,0.0,0.0,0.0,1.0,466.0,4.0,1.0,95.0,2.0,2.0,0.0,0.0,0.0,1.0,0.0,0.0,0.0,0.0,0.0,2.0,1.0,0.0,0.0,6032.0,10110.0,6.0,1.0,1.0,15.0,3.0,4.0,80.0,0.0,8.0,3.0,3.0,5.0,4.0,1.0,2.0,0
40.0,1.0,0.0,0.0,1342.0,1.0,0.0,0.0,9.0,2.0,0.0,1.0,0.0,0.0,0.0,0.0,1.0,1548.0,1.0,1.0,47.0,3.0,2.0,0.0,0.0,1.0,0.0,0.0,0.0,0.0,0.0,0.0,1.0,0.0,1.0,0.0,5473.0,19345.0,0.0,1.0,0.0,12.0,3.0,4.0,80.0,0.0,9.0,5.0,4.0,8.0,4.0,7.0,1.0,0
33.0,1.0,0.0,0.0,1242.0,1.0,0.0,0.0,8.0,4.0,0.0,0.0,1.0,0.0,0.0,0.0,1.0,1560.0,1.0,1.0,46.0,3.0,2.0,0.0,0.0,1.0,0.0,0.0,0.0,0.0,0.0,0.0,1.0,0.0,1.0,0.0,6392.0,10589.0,2.0,1.0,0.0,13.0,3.0,4.0,80.0,1.0,8.0,6.0,1.0,2.0,2.0,2.0,2.0,0
33.0,0.0,1.0,0.0,1303.0,0.0,1.0,0.0,7.0,2.0,0.0,0.0,1.0,0.0,0.0,0.0,1.0,1970.0,4.0,1.0,36.0,3.0,2.0,0.0,0.0,0.0,0.0,0.0,0.0,0.0,1.0,0.0,3.0,0.0,0.0,1.0,5968.0,18079.0,1.0,1.0,0.0,20.0,4.0,3.0,80.0,3.0,9.0,2.0,3.0,9.0,7.0,2.0,8.0,0
24.0,1.0,0.0,0.0,240.0,0.0,0.0,1.0,22.0,1.0,0.0,0.0,0.0,1.0,0.0,0.0,1.0,1714.0,4.0,1.0,58.0,1.0,1.0,0.0,0.0,0.0,0.0,0.0,0.0,1.0,0.0,0.0,3.0,0.0,1.0,0.0,1555.0,11585.0,1.0,1.0,0.0,11.0,3.0,3.0,80.0,1.0,1.0,2.0,3.0,1.0,0.0,0.0,0.0,1
39.0,0.0,0.0,1.0,592.0,0.0,1.0,0.0,2.0,3.0,0.0,0.0,1.0,0.0,0.0,0.0,1.0,1458.0,1.0,0.0,54.0,2.0,1.0,0.0,1.0,0.0,0.0,0.0,0.0,0.0,0.0,0.0,1.0,1.0,0.0,0.0,3646.0,17181.0,2.0,1.0,1.0,23.0,4.0,2.0,80.0,0.0,11.0,2.0,4.0,1.0,0.0,0.0,0.0,1
32.0,1.0,0.0,0.0,495.0,0.0,1.0,0.0,10.0,3.0,0.0,1.0,0.0,0.0,0.0,0.0,1.0,1516.0,3.0,1.0,64.0,3.0,3.0,1.0,0.0,0.0,0.0,0.0,0.0,0.0,0.0,0.0,4.0,1.0,0.0,0.0,11244.0,21072.0,2.0,1.0,0.0,25.0,4.0,2.0,80.0,0.0,10.0,5.0,4.0,5.0,2.0,0.0,0.0,0
28.0,0.0,1.0,0.0,289.0,0.0,1.0,0.0,2.0,2.0,0.0,1.0,0.0,0.0,0.0,0.0,1.0,1504.0,3.0,1.0,38.0,2.0,1.0,0.0,1.0,0.0,0.0,0.0,0.0,0.0,0.0,0.0,1.0,1.0,0.0,0.0,2561.0,5355.0,7.0,1.0,0.0,11.0,3.0,3.0,80.0,0.0,8.0,2.0,2.0,0.0,0.0,0.0,0.0,1
38.0,0.0,1.0,0.0,1394.0,0.0,1.0,0.0,8.0,3.0,0.0,1.0,0.0,0.0,0.0,0.0,1.0,1937.0,4.0,0.0,58.0,2.0,2.0,0.0,0.0,0.0,0.0,0.0,1.0,0.0,0.0,0.0,2.0,0.0,0.0,1.0,2133.0,18115.0,1.0,1.0,1.0,16.0,3.0,3.0,80.0,1.0,20.0,3.0,3.0,20.0,11.0,0.0,7.0,0
37.0,1.0,0.0,0.0,977.0,0.0,1.0,0.0,1.0,3.0,0.0,0.0,1.0,0.0,0.0,0.0,1.0,1196.0,4.0,0.0,56.0,2.0,2.0,0.0,0.0,0.0,1.0,0.0,0.0,0.0,0.0,0.0,4.0,0.0,1.0,0.0,6474.0,9961.0,1.0,1.0,0.0,13.0,3.0,2.0,80.0,1.0,14.0,2.0,2.0,14.0,8.0,3.0,11.0,0
30.0,1.0,0.0,0.0,330.0,0.0,0.0,1.0,1.0,3.0,0.0,0.0,1.0,0.0,0.0,0.0,1.0,1499.0,3.0,1.0,46.0,3.0,1.0,0.0,0.0,0.0,0.0,0.0,0.0,1.0,0.0,0.0,3.0,0.0,0.0,1.0,2064.0,15428.0,0.0,1.0,0.0,21.0,4.0,1.0,80.0,1.0,6.0,3.0,4.0,5.0,3.0,1.0,3.0,0
40.0,1.0,0.0,0.0,1492.0,0.0,1.0,0.0,20.0,4.0,0.0,0.0,0.0,0.0,1.0,0.0,1.0,1092.0,1.0,1.0,61.0,3.0,3.0,0.0,0.0,0.0,0.0,0.0,0.0,0.0,1.0,0.0,4.0,0.0,1.0,0.0,10322.0,26542.0,4.0,1.0,0.0,20.0,4.0,4.0,80.0,1.0,14.0,6.0,3.0,11.0,10.0,11.0,1.0,0
50.0,0.0,1.0,0.0,809.0,1.0,0.0,0.0,12.0,3.0,1.0,0.0,0.0,0.0,0.0,0.0,1.0,174.0,3.0,0.0,77.0,3.0,3.0,0.0,0.0,1.0,0.0,0.0,0.0,0.0,0.0,0.0,4.0,1.0,0.0,0.0,9208.0,6645.0,4.0,1.0,0.0,11.0,3.0,4.0,80.0,0.0,16.0,3.0,3.0,2.0,2.0,2.0,1.0,0
42.0,1.0,0.0,0.0,300.0,0.0,1.0,0.0,2.0,3.0,0.0,0.0,1.0,0.0,0.0,0.0,1.0,2031.0,1.0,1.0,56.0,3.0,5.0,1.0,0.0,0.0,0.0,0.0,0.0,0.0,0.0,0.0,3.0,0.0,1.0,0.0,18880.0,17312.0,5.0,1.0,0.0,11.0,3.0,1.0,80.0,0.0,24.0,2.0,2.0,22.0,6.0,4.0,14.0,0
43.0,1.0,0.0,0.0,589.0,0.0,1.0,0.0,14.0,2.0,0.0,0.0,1.0,0.0,0.0,0.0,1.0,843.0,2.0,1.0,94.0,3.0,4.0,0.0,0.0,0.0,0.0,1.0,0.0,0.0,0.0,0.0,1.0,0.0,1.0,0.0,17159.0,5200.0,6.0,1.0,0.0,24.0,4.0,3.0,80.0,1.0,22.0,3.0,3.0,4.0,1.0,1.0,0.0,0
46.0,1.0,0.0,0.0,488.0,1.0,0.0,0.0,2.0,3.0,0.0,0.0,0.0,0.0,1.0,0.0,1.0,363.0,3.0,0.0,75.0,1.0,4.0,1.0,0.0,0.0,0.0,0.0,0.0,0.0,0.0,0.0,2.0,0.0,1.0,0.0,16872.0,14977.0,3.0,1.0,1.0,12.0,3.0,2.0,80.0,1.0,28.0,2.0,2.0,7.0,7.0,7.0,7.0,0
33.0,0.0,1.0,0.0,827.0,0.0,1.0,0.0,1.0,4.0,0.0,0.0,0.0,0.0,0.0,1.0,1.0,998.0,3.0,0.0,84.0,4.0,2.0,0.0,0.0,0.0,0.0,0.0,0.0,0.0,1.0,0.0,2.0,0.0,1.0,0.0,5488.0,20161.0,1.0,1.0,1.0,13.0,3.0,1.0,80.0,1.0,6.0,2.0,3.0,6.0,5.0,1.0,2.0,0
31.0,0.0,1.0,0.0,715.0,1.0,0.0,0.0,2.0,4.0,0.0,0.0,0.0,0.0,0.0,1.0,1.0,1613.0,4.0,1.0,54.0,3.0,2.0,0.0,0.0,1.0,0.0,0.0,0.0,0.0,0.0,0.0,1.0,1.0,0.0,0.0,5332.0,21602.0,7.0,1.0,0.0,13.0,3.0,4.0,80.0,0.0,10.0,3.0,3.0,5.0,2.0,0.0,3.0,0
23.0,1.0,0.0,0.0,885.0,0.0,1.0,0.0,4.0,3.0,0.0,1.0,0.0,0.0,0.0,0.0,1.0,705.0,1.0,1.0,58.0,4.0,1.0,0.0,0.0,0.0,0.0,0.0,1.0,0.0,0.0,0.0,1.0,0.0,1.0,0.0,2819.0,8544.0,2.0,1.0,0.0,16.0,3.0,1.0,80.0,1.0,5.0,3.0,4.0,3.0,2.0,0.0,2.0,0
31.0,1.0,0.0,0.0,1154.0,1.0,0.0,0.0,2.0,2.0,0.0,0.0,1.0,0.0,0.0,0.0,1.0,1996.0,1.0,1.0,54.0,3.0,1.0,0.0,0.0,0.0,0.0,0.0,0.0,0.0,0.0,1.0,3.0,0.0,1.0,0.0,3067.0,6393.0,0.0,1.0,0.0,19.0,3.0,3.0,80.0,1.0,3.0,1.0,3.0,2.0,2.0,1.0,2.0,0
40.0,0.0,0.0,1.0,1479.0,1.0,0.0,0.0,24.0,3.0,0.0,0.0,1.0,0.0,0.0,0.0,1.0,986.0,2.0,0.0,100.0,4.0,4.0,0.0,0.0,1.0,0.0,0.0,0.0,0.0,0.0,0.0,2.0,1.0,0.0,0.0,13194.0,17071.0,4.0,1.0,1.0,16.0,3.0,4.0,80.0,0.0,22.0,2.0,2.0,1.0,0.0,0.0,0.0,1
26.0,0.0,0.0,1.0,786.0,0.0,1.0,0.0,7.0,3.0,0.0,1.0,0.0,0.0,0.0,0.0,1.0,1693.0,4.0,1.0,76.0,3.0,1.0,0.0,1.0,0.0,0.0,0.0,0.0,0.0,0.0,0.0,4.0,1.0,0.0,0.0,2570.0,11925.0,1.0,1.0,0.0,20.0,4.0,3.0,80.0,0.0,7.0,5.0,3.0,7.0,7.0,5.0,7.0,0
35.0,1.0,0.0,0.0,1146.0,0.0,0.0,1.0,26.0,4.0,0.0,0.0,1.0,0.0,0.0,0.0,1.0,2040.0,3.0,0.0,31.0,3.0,3.0,0.0,0.0,0.0,0.0,0.0,0.0,1.0,0.0,0.0,4.0,1.0,0.0,0.0,8837.0,16642.0,1.0,1.0,1.0,16.0,3.0,3.0,80.0,0.0,9.0,2.0,3.0,9.0,0.0,1.0,7.0,0
28.0,1.0,0.0,0.0,1117.0,0.0,1.0,0.0,8.0,2.0,0.0,0.0,1.0,0.0,0.0,0.0,1.0,395.0,4.0,0.0,66.0,3.0,1.0,0.0,0.0,0.0,0.0,0.0,1.0,0.0,0.0,0.0,4.0,1.0,0.0,0.0,3310.0,4488.0,1.0,1.0,0.0,21.0,4.0,4.0,80.0,0.0,5.0,3.0,3.0,5.0,3.0,0.0,2.0,0
31.0,1.0,0.0,0.0,140.0,0.0,1.0,0.0,12.0,1.0,0.0,1.0,0.0,0.0,0.0,0.0,1.0,246.0,3.0,0.0,95.0,3.0,1.0,0.0,0.0,0.0,0.0,0.0,1.0,0.0,0.0,0.0,4.0,0.0,1.0,0.0,3929.0,6984.0,8.0,1.0,1.0,23.0,4.0,3.0,80.0,1.0,7.0,0.0,3.0,4.0,2.0,0.0,2.0,0
30.0,1.0,0.0,0.0,1329.0,1.0,0.0,0.0,29.0,4.0,0.0,0.0,1.0,0.0,0.0,0.0,1.0,1211.0,3.0,1.0,61.0,3.0,2.0,0.0,0.0,1.0,0.0,0.0,0.0,0.0,0.0,0.0,1.0,0.0,0.0,1.0,4115.0,13192.0,8.0,1.0,0.0,19.0,3.0,3.0,80.0,3.0,8.0,3.0,3.0,4.0,3.0,0.0,3.0,0
40.0,1.0,0.0,0.0,300.0,1.0,0.0,0.0,26.0,3.0,1.0,0.0,0.0,0.0,0.0,0.0,1.0,1066.0,3.0,1.0,74.0,3.0,2.0,0.0,0.0,1.0,0.0,0.0,0.0,0.0,0.0,0.0,1.0,0.0,1.0,0.0,8396.0,22217.0,1.0,1.0,0.0,14.0,3.0,2.0,80.0,1.0,8.0,3.0,2.0,7.0,7.0,7.0,5.0,0
33.0,1.0,0.0,0.0,922.0,0.0,1.0,0.0,1.0,5.0,0.0,1.0,0.0,0.0,0.0,0.0,1.0,612.0,1.0,0.0,95.0,4.0,4.0,0.0,0.0,0.0,0.0,1.0,0.0,0.0,0.0,0.0,3.0,0.0,0.0,1.0,16184.0,22578.0,4.0,1.0,0.0,19.0,3.0,3.0,80.0,1.0,10.0,2.0,3.0,6.0,1.0,0.0,5.0,0
29.0,1.0,0.0,0.0,906.0,0.0,1.0,0.0,10.0,3.0,0.0,0.0,1.0,0.0,0.0,0.0,1.0,994.0,4.0,0.0,92.0,2.0,1.0,0.0,0.0,0.0,0.0,0.0,1.0,0.0,0.0,0.0,1.0,1.0,0.0,0.0,2404.0,11479.0,6.0,1.0,1.0,20.0,4.0,3.0,80.0,0.0,3.0,5.0,3.0,0.0,0.0,0.0,0.0,1
41.0,1.0,0.0,0.0,263.0,0.0,1.0,0.0,6.0,3.0,0.0,1.0,0.0,0.0,0.0,0.0,1.0,957.0,4.0,1.0,59.0,3.0,1.0,0.0,1.0,0.0,0.0,0.0,0.0,0.0,0.0,0.0,1.0,1.0,0.0,0.0,4721.0,3119.0,2.0,1.0,1.0,13.0,3.0,3.0,80.0,0.0,20.0,3.0,3.0,18.0,13.0,2.0,17.0,0
29.0,0.0,1.0,0.0,1404.0,1.0,0.0,0.0,20.0,3.0,0.0,0.0,0.0,0.0,1.0,0.0,1.0,974.0,3.0,0.0,84.0,3.0,1.0,0.0,0.0,0.0,0.0,0.0,0.0,0.0,0.0,1.0,4.0,0.0,1.0,0.0,2157.0,18203.0,1.0,1.0,0.0,15.0,3.0,2.0,80.0,1.0,3.0,5.0,3.0,3.0,1.0,0.0,2.0,0
39.0,1.0,0.0,0.0,1253.0,0.0,1.0,0.0,10.0,1.0,0.0,1.0,0.0,0.0,0.0,0.0,1.0,1800.0,3.0,1.0,65.0,3.0,3.0,0.0,0.0,0.0,0.0,1.0,0.0,0.0,0.0,0.0,3.0,1.0,0.0,0.0,13464.0,7914.0,7.0,1.0,0.0,21.0,4.0,3.0,80.0,0.0,9.0,3.0,3.0,4.0,3.0,2.0,2.0,0
19.0,1.0,0.0,0.0,528.0,1.0,0.0,0.0,22.0,1.0,1.0,0.0,0.0,0.0,0.0,0.0,1.0,167.0,4.0,1.0,50.0,3.0,1.0,0.0,0.0,0.0,0.0,0.0,0.0,0.0,0.0,1.0,3.0,1.0,0.0,0.0,1675.0,26820.0,1.0,1.0,1.0,19.0,3.0,4.0,80.0,0.0,0.0,2.0,2.0,0.0,0.0,0.0,0.0,1
30.0,1.0,0.0,0.0,501.0,1.0,0.0,0.0,27.0,5.0,1.0,0.0,0.0,0.0,0.0,0.0,1.0,747.0,3.0,1.0,99.0,3.0,2.0,0.0,0.0,1.0,0.0,0.0,0.0,0.0,0.0,0.0,4.0,0.0,0.0,1.0,5304.0,25275.0,7.0,1.0,0.0,23.0,4.0,4.0,80.0,1.0,10.0,2.0,2.0,8.0,7.0,7.0,7.0,0
19.0,0.0,0.0,1.0,504.0,0.0,1.0,0.0,10.0,3.0,0.0,1.0,0.0,0.0,0.0,0.0,1.0,1248.0,1.0,0.0,96.0,2.0,1.0,0.0,0.0,0.0,0.0,0.0,1.0,0.0,0.0,0.0,2.0,1.0,0.0,0.0,1859.0,6148.0,1.0,1.0,1.0,25.0,4.0,2.0,80.0,0.0,1.0,2.0,4.0,1.0,1.0,0.0,0.0,1
40.0,1.0,0.0,0.0,369.0,0.0,1.0,0.0,8.0,2.0,0.0,0.0,1.0,0.0,0.0,0.0,1.0,1724.0,2.0,0.0,92.0,3.0,2.0,0.0,0.0,0.0,1.0,0.0,0.0,0.0,0.0,0.0,1.0,0.0,1.0,0.0,6516.0,5041.0,2.0,1.0,1.0,16.0,3.0,2.0,80.0,1.0,18.0,3.0,3.0,1.0,0.0,0.0,0.0,0
31.0,1.0,0.0,0.0,741.0,0.0,1.0,0.0,2.0,4.0,0.0,0.0,1.0,0.0,0.0,0.0,1.0,1721.0,2.0,1.0,69.0,3.0,1.0,0.0,1.0,0.0,0.0,0.0,0.0,0.0,0.0,0.0,3.0,0.0,1.0,0.0,3477.0,18103.0,1.0,1.0,0.0,14.0,3.0,4.0,80.0,1.0,6.0,2.0,4.0,5.0,2.0,0.0,3.0,0
57.0,1.0,0.0,0.0,593.0,0.0,1.0,0.0,1.0,4.0,0.0,1.0,0.0,0.0,0.0,0.0,1.0,482.0,4.0,1.0,88.0,3.0,2.0,0.0,0.0,0.0,0.0,0.0,0.0,0.0,1.0,0.0,3.0,0.0,1.0,0.0,6755.0,2967.0,2.0,1.0,0.0,11.0,3.0,3.0,80.0,0.0,15.0,2.0,3.0,3.0,2.0,1.0,2.0,0
20.0,1.0,0.0,0.0,805.0,0.0,1.0,0.0,3.0,3.0,0.0,0.0,1.0,0.0,0.0,0.0,1.0,1198.0,1.0,1.0,87.0,2.0,1.0,0.0,1.0,0.0,0.0,0.0,0.0,0.0,0.0,0.0,3.0,1.0,0.0,0.0,3033.0,12828.0,1.0,1.0,0.0,12.0,3.0,1.0,80.0,0.0,2.0,2.0,2.0,2.0,2.0,1.0,2.0,0
28.0,1.0,0.0,0.0,580.0,0.0,1.0,0.0,27.0,3.0,0.0,1.0,0.0,0.0,0.0,0.0,1.0,1622.0,2.0,0.0,39.0,1.0,2.0,0.0,0.0,0.0,1.0,0.0,0.0,0.0,0.0,0.0,1.0,0.0,0.0,1.0,4877.0,20460.0,0.0,1.0,0.0,21.0,4.0,2.0,80.0,1.0,6.0,5.0,2.0,5.0,3.0,0.0,0.0,0
46.0,0.0,0.0,1.0,1144.0,0.0,1.0,0.0,7.0,4.0,0.0,1.0,0.0,0.0,0.0,0.0,1.0,487.0,3.0,0.0,30.0,3.0,2.0,0.0,0.0,0.0,1.0,0.0,0.0,0.0,0.0,0.0,3.0,0.0,1.0,0.0,5258.0,16044.0,2.0,1.0,0.0,14.0,3.0,3.0,80.0,0.0,7.0,2.0,4.0,1.0,0.0,0.0,0.0,0
40.0,0.0,0.0,1.0,1094.0,1.0,0.0,0.0,28.0,3.0,0.0,0.0,0.0,0.0,0.0,1.0,1.0,615.0,3.0,1.0,58.0,1.0,3.0,0.0,0.0,1.0,0.0,0.0,0.0,0.0,0.0,0.0,1.0,0.0,0.0,1.0,10932.0,11373.0,3.0,1.0,0.0,15.0,3.0,3.0,80.0,1.0,20.0,2.0,3.0,1.0,0.0,0.0,1.0,0
32.0,1.0,0.0,0.0,499.0,1.0,0.0,0.0,2.0,1.0,1.0,0.0,0.0,0.0,0.0,0.0,1.0,1396.0,3.0,1.0,36.0,3.0,2.0,0.0,0.0,1.0,0.0,0.0,0.0,0.0,0.0,0.0,2.0,0.0,1.0,0.0,4078.0,20497.0,0.0,1.0,1.0,13.0,3.0,1.0,80.0,3.0,4.0,3.0,2.0,3.0,2.0,1.0,2.0,0
38.0,1.0,0.0,0.0,345.0,1.0,0.0,0.0,10.0,2.0,0.0,0.0,1.0,0.0,0.0,0.0,1.0,2041.0,1.0,0.0,100.0,3.0,2.0,0.0,0.0,1.0,0.0,0.0,0.0,0.0,0.0,0.0,4.0,0.0,1.0,0.0,5343.0,5982.0,1.0,1.0,0.0,11.0,3.0,3.0,80.0,1.0,10.0,1.0,3.0,10.0,7.0,1.0,9.0,0
45.0,0.0,0.0,1.0,1050.0,1.0,0.0,0.0,9.0,4.0,0.0,0.0,1.0,0.0,0.0,0.0,1.0,1117.0,2.0,0.0,65.0,2.0,2.0,0.0,0.0,1.0,0.0,0.0,0.0,0.0,0.0,0.0,3.0,0.0,1.0,0.0,5593.0,17970.0,1.0,1.0,0.0,13.0,3.0,4.0,80.0,1.0,15.0,2.0,3.0,15.0,10.0,4.0,12.0,0
44.0,1.0,0.0,0.0,477.0,0.0,1.0,0.0,7.0,4.0,0.0,1.0,0.0,0.0,0.0,0.0,1.0,36.0,1.0,0.0,42.0,2.0,3.0,0.0,0.0,0.0,0.0,0.0,0.0,0.0,1.0,0.0,4.0,0.0,1.0,0.0,10248.0,2094.0,3.0,1.0,0.0,14.0,3.0,4.0,80.0,1.0,24.0,4.0,3.0,22.0,6.0,5.0,17.0,0
46.0,1.0,0.0,0.0,1254.0,1.0,0.0,0.0,10.0,3.0,0.0,0.0,1.0,0.0,0.0,0.0,1.0,1869.0,3.0,0.0,64.0,3.0,3.0,0.0,0.0,1.0,0.0,0.0,0.0,0.0,0.0,0.0,2.0,0.0,1.0,0.0,7314.0,14011.0,5.0,1.0,0.0,21.0,4.0,3.0,80.0,3.0,14.0,2.0,3.0,8.0,7.0,0.0,7.0,1
29.0,0.0,0.0,1.0,1496.0,0.0,1.0,0.0,1.0,1.0,0.0,0.0,0.0,0.0,1.0,0.0,1.0,208.0,4.0,1.0,41.0,3.0,2.0,0.0,0.0,0.0,1.0,0.0,0.0,0.0,0.0,0.0,3.0,0.0,1.0,0.0,4319.0,26283.0,1.0,1.0,0.0,13.0,3.0,1.0,80.0,1.0,10.0,1.0,3.0,10.0,7.0,0.0,9.0,0
36.0,1.0,0.0,0.0,1041.0,0.0,0.0,1.0,13.0,3.0,0.0,0.0,0.0,1.0,0.0,0.0,1.0,829.0,3.0,1.0,36.0,3.0,1.0,0.0,0.0,0.0,0.0,0.0,0.0,1.0,0.0,0.0,2.0,0.0,1.0,0.0,2143.0,25527.0,4.0,1.0,0.0,13.0,3.0,2.0,80.0,1.0,8.0,2.0,3.0,5.0,2.0,0.0,4.0,0
24.0,1.0,0.0,0.0,771.0,0.0,1.0,0.0,1.0,2.0,0.0,0.0,1.0,0.0,0.0,0.0,1.0,1981.0,2.0,1.0,45.0,2.0,2.0,0.0,0.0,0.0,0.0,0.0,0.0,0.0,1.0,0.0,3.0,1.0,0.0,0.0,4617.0,14120.0,1.0,1.0,0.0,12.0,3.0,2.0,80.0,0.0,4.0,2.0,2.0,4.0,3.0,1.0,2.0,0
47.0,1.0,0.0,0.0,202.0,0.0,1.0,0.0,2.0,2.0,0.0,0.0,0.0,0.0,0.0,1.0,1.0,820.0,3.0,0.0,33.0,3.0,4.0,1.0,0.0,0.0,0.0,0.0,0.0,0.0,0.0,0.0,4.0,0.0,1.0,0.0,16752.0,12982.0,1.0,1.0,1.0,11.0,3.0,3.0,80.0,1.0,26.0,3.0,2.0,26.0,14.0,3.0,0.0,0
30.0,0.0,1.0,0.0,1312.0,0.0,1.0,0.0,23.0,3.0,0.0,0.0,1.0,0.0,0.0,0.0,1.0,159.0,1.0,1.0,96.0,1.0,1.0,0.0,0.0,0.0,0.0,0.0,1.0,0.0,0.0,0.0,3.0,0.0,0.0,1.0,2613.0,22310.0,1.0,1.0,0.0,25.0,4.0,3.0,80.0,3.0,10.0,2.0,2.0,10.0,7.0,0.0,9.0,0
45.0,1.0,0.0,0.0,1015.0,0.0,1.0,0.0,5.0,5.0,0.0,1.0,0.0,0.0,0.0,0.0,1.0,1611.0,3.0,0.0,50.0,1.0,2.0,0.0,1.0,0.0,0.0,0.0,0.0,0.0,0.0,0.0,1.0,1.0,0.0,0.0,5769.0,23447.0,1.0,1.0,1.0,14.0,3.0,1.0,80.0,0.0,10.0,3.0,3.0,10.0,7.0,1.0,4.0,0
30.0,1.0,0.0,0.0,911.0,0.0,1.0,0.0,1.0,2.0,0.0,1.0,0.0,0.0,0.0,0.0,1.0,1989.0,4.0,1.0,76.0,3.0,1.0,0.0,1.0,0.0,0.0,0.0,0.0,0.0,0.0,0.0,2.0,0.0,1.0,0.0,3748.0,4077.0,1.0,1.0,0.0,13.0,3.0,3.0,80.0,0.0,12.0,6.0,2.0,12.0,8.0,1.0,7.0,0
26.0,1.0,0.0,0.0,157.0,0.0,1.0,0.0,1.0,3.0,0.0,1.0,0.0,0.0,0.0,0.0,1.0,1952.0,3.0,1.0,95.0,3.0,1.0,0.0,1.0,0.0,0.0,0.0,0.0,0.0,0.0,0.0,1.0,1.0,0.0,0.0,2867.0,20006.0,0.0,1.0,0.0,13.0,3.0,4.0,80.0,0.0,8.0,6.0,2.0,7.0,7.0,7.0,6.0,0
18.0,0.0,0.0,1.0,247.0,0.0,1.0,0.0,8.0,1.0,0.0,1.0,0.0,0.0,0.0,0.0,1.0,1156.0,3.0,1.0,80.0,3.0,1.0,0.0,1.0,0.0,0.0,0.0,0.0,0.0,0.0,0.0,3.0,1.0,0.0,0.0,1904.0,13556.0,1.0,1.0,0.0,12.0,3.0,4.0,80.0,0.0,0.0,0.0,3.0,0.0,0.0,0.0,0.0,1
29.0,1.0,0.0,0.0,408.0,0.0,1.0,0.0,25.0,5.0,0.0,0.0,0.0,0.0,1.0,0.0,1.0,565.0,3.0,0.0,71.0,2.0,1.0,0.0,0.0,0.0,0.0,0.0,1.0,0.0,0.0,0.0,2.0,0.0,1.0,0.0,2546.0,18300.0,5.0,1.0,0.0,16.0,3.0,2.0,80.0,0.0,6.0,2.0,4.0,2.0,2.0,1.0,1.0,1
33.0,1.0,0.0,0.0,217.0,1.0,0.0,0.0,10.0,4.0,1.0,0.0,0.0,0.0,0.0,0.0,1.0,1924.0,2.0,1.0,43.0,3.0,2.0,0.0,0.0,1.0,0.0,0.0,0.0,0.0,0.0,0.0,3.0,1.0,0.0,0.0,5487.0,10410.0,1.0,1.0,0.0,14.0,3.0,2.0,80.0,0.0,10.0,2.0,2.0,10.0,4.0,0.0,9.0,0
43.0,1.0,0.0,0.0,990.0,0.0,1.0,0.0,27.0,3.0,0.0,0.0,0.0,0.0,1.0,0.0,1.0,1599.0,4.0,1.0,87.0,4.0,1.0,0.0,1.0,0.0,0.0,0.0,0.0,0.0,0.0,0.0,2.0,0.0,0.0,1.0,4876.0,5855.0,5.0,1.0,0.0,12.0,3.0,3.0,80.0,1.0,8.0,0.0,3.0,6.0,4.0,0.0,2.0,0
39.0,1.0,0.0,0.0,1498.0,1.0,0.0,0.0,21.0,4.0,0.0,0.0,1.0,0.0,0.0,0.0,1.0,1390.0,1.0,1.0,44.0,2.0,2.0,0.0,0.0,1.0,0.0,0.0,0.0,0.0,0.0,0.0,4.0,0.0,1.0,0.0,6120.0,3567.0,3.0,1.0,1.0,12.0,3.0,4.0,80.0,2.0,8.0,2.0,4.0,5.0,4.0,1.0,4.0,0
27.0,0.0,0.0,1.0,1450.0,0.0,1.0,0.0,3.0,3.0,0.0,1.0,0.0,0.0,0.0,0.0,1.0,224.0,3.0,1.0,79.0,2.0,1.0,0.0,0.0,0.0,0.0,0.0,1.0,0.0,0.0,0.0,3.0,0.0,0.0,1.0,2566.0,25326.0,1.0,1.0,1.0,15.0,3.0,4.0,80.0,1.0,1.0,2.0,2.0,1.0,1.0,0.0,1.0,0
41.0,0.0,1.0,0.0,1200.0,0.0,1.0,0.0,22.0,3.0,0.0,0.0,1.0,0.0,0.0,0.0,1.0,1392.0,4.0,0.0,75.0,3.0,2.0,0.0,0.0,0.0,0.0,0.0,1.0,0.0,0.0,0.0,4.0,0.0,0.0,1.0,5467.0,13953.0,3.0,1.0,1.0,14.0,3.0,1.0,80.0,2.0,12.0,4.0,2.0,6.0,2.0,3.0,3.0,0
26.0,1.0,0.0,0.0,1355.0,0.0,0.0,1.0,25.0,1.0,0.0,0.0,1.0,0.0,0.0,0.0,1.0,177.0,3.0,0.0,61.0,3.0,1.0,0.0,0.0,0.0,0.0,0.0,0.0,1.0,0.0,0.0,3.0,0.0,1.0,0.0,2942.0,8916.0,1.0,1.0,0.0,23.0,4.0,4.0,80.0,1.0,8.0,3.0,3.0,8.0,7.0,5.0,7.0,0
53.0,1.0,0.0,0.0,1084.0,0.0,1.0,0.0,13.0,2.0,0.0,1.0,0.0,0.0,0.0,0.0,1.0,250.0,4.0,0.0,57.0,4.0,2.0,0.0,0.0,0.0,1.0,0.0,0.0,0.0,0.0,0.0,1.0,0.0,0.0,1.0,4450.0,26250.0,1.0,1.0,0.0,11.0,3.0,3.0,80.0,2.0,5.0,3.0,3.0,4.0,2.0,1.0,3.0,0
33.0,0.0,0.0,1.0,1313.0,0.0,1.0,0.0,1.0,2.0,0.0,1.0,0.0,0.0,0.0,0.0,1.0,1994.0,2.0,1.0,59.0,2.0,1.0,0.0,1.0,0.0,0.0,0.0,0.0,0.0,0.0,0.0,3.0,0.0,0.0,1.0,2008.0,20439.0,1.0,1.0,0.0,12.0,3.0,3.0,80.0,3.0,1.0,2.0,2.0,1.0,1.0,0.0,0.0,0
29.0,1.0,0.0,0.0,350.0,0.0,0.0,1.0,13.0,3.0,0.0,0.0,0.0,1.0,0.0,0.0,1.0,1844.0,1.0,1.0,56.0,2.0,1.0,0.0,0.0,0.0,0.0,0.0,0.0,1.0,0.0,0.0,1.0,0.0,0.0,1.0,2335.0,3157.0,4.0,1.0,1.0,15.0,3.0,4.0,80.0,3.0,4.0,3.0,3.0,2.0,2.0,2.0,0.0,1
30.0,0.0,0.0,1.0,1400.0,0.0,1.0,0.0,3.0,3.0,0.0,0.0,1.0,0.0,0.0,0.0,1.0,562.0,3.0,1.0,53.0,3.0,1.0,0.0,1.0,0.0,0.0,0.0,0.0,0.0,0.0,0.0,4.0,0.0,1.0,0.0,2097.0,16734.0,4.0,1.0,0.0,15.0,3.0,3.0,80.0,1.0,9.0,3.0,1.0,5.0,3.0,1.0,4.0,0
34.0,1.0,0.0,0.0,678.0,0.0,1.0,0.0,19.0,3.0,0.0,0.0,1.0,0.0,0.0,0.0,1.0,1701.0,2.0,0.0,35.0,2.0,1.0,0.0,0.0,0.0,0.0,0.0,1.0,0.0,0.0,0.0,4.0,0.0,1.0,0.0,2929.0,20338.0,1.0,1.0,0.0,12.0,3.0,2.0,80.0,0.0,10.0,3.0,3.0,10.0,9.0,8.0,7.0,0
36.0,0.0,1.0,0.0,884.0,0.0,1.0,0.0,23.0,2.0,0.0,1.0,0.0,0.0,0.0,0.0,1.0,2061.0,3.0,1.0,41.0,4.0,2.0,0.0,1.0,0.0,0.0,0.0,0.0,0.0,0.0,0.0,4.0,0.0,1.0,0.0,2571.0,12290.0,4.0,1.0,0.0,17.0,3.0,3.0,80.0,1.0,17.0,3.0,3.0,5.0,2.0,0.0,3.0,0
30.0,1.0,0.0,0.0,1358.0,1.0,0.0,0.0,16.0,1.0,0.0,0.0,1.0,0.0,0.0,0.0,1.0,1479.0,4.0,1.0,96.0,3.0,2.0,0.0,0.0,1.0,0.0,0.0,0.0,0.0,0.0,0.0,3.0,0.0,1.0,0.0,5301.0,2939.0,8.0,1.0,0.0,15.0,3.0,3.0,80.0,2.0,4.0,2.0,2.0,2.0,1.0,2.0,2.0,0
43.0,1.0,0.0,0.0,177.0,0.0,1.0,0.0,8.0,3.0,0.0,0.0,1.0,0.0,0.0,0.0,1.0,920.0,1.0,0.0,55.0,3.0,2.0,0.0,0.0,0.0,1.0,0.0,0.0,0.0,0.0,0.0,2.0,0.0,0.0,1.0,4765.0,23814.0,4.0,1.0,0.0,21.0,4.0,3.0,80.0,1.0,4.0,2.0,4.0,1.0,0.0,0.0,0.0,0
48.0,1.0,0.0,0.0,855.0,0.0,1.0,0.0,4.0,3.0,0.0,0.0,1.0,0.0,0.0,0.0,1.0,1363.0,4.0,1.0,54.0,3.0,3.0,0.0,0.0,0.0,1.0,0.0,0.0,0.0,0.0,0.0,4.0,1.0,0.0,0.0,7898.0,18706.0,1.0,1.0,0.0,11.0,3.0,3.0,80.0,0.0,11.0,2.0,3.0,10.0,9.0,0.0,8.0,0
30.0,0.0,0.0,1.0,1398.0,1.0,0.0,0.0,22.0,4.0,0.0,0.0,0.0,0.0,0.0,1.0,1.0,567.0,3.0,0.0,69.0,3.0,3.0,0.0,0.0,1.0,0.0,0.0,0.0,0.0,0.0,0.0,1.0,0.0,1.0,0.0,8412.0,2890.0,0.0,1.0,0.0,11.0,3.0,3.0,80.0,0.0,10.0,3.0,3.0,9.0,8.0,7.0,8.0,0
45.0,1.0,0.0,0.0,930.0,1.0,0.0,0.0,9.0,3.0,1.0,0.0,0.0,0.0,0.0,0.0,1.0,864.0,4.0,1.0,74.0,3.0,3.0,0.0,0.0,1.0,0.0,0.0,0.0,0.0,0.0,0.0,1.0,0.0,0.0,1.0,10761.0,19239.0,4.0,1.0,1.0,12.0,3.0,3.0,80.0,1.0,18.0,2.0,3.0,5.0,4.0,0.0,2.0,0
29.0,1.0,0.0,0.0,1252.0,0.0,1.0,0.0,23.0,2.0,0.0,0.0,1.0,0.0,0.0,0.0,1.0,824.0,3.0,1.0,81.0,4.0,1.0,0.0,0.0,0.0,0.0,0.0,1.0,0.0,0.0,0.0,3.0,0.0,1.0,0.0,2700.0,23779.0,1.0,1.0,0.0,24.0,4.0,3.0,80.0,1.0,10.0,3.0,3.0,10.0,7.0,0.0,7.0,0
35.0,1.0,0.0,0.0,607.0,0.0,1.0,0.0,9.0,3.0,0.0,0.0,1.0,0.0,0.0,0.0,1.0,880.0,4.0,0.0,66.0,2.0,3.0,0.0,0.0,0.0,1.0,0.0,0.0,0.0,0.0,0.0,3.0,0.0,1.0,0.0,10685.0,23457.0,1.0,1.0,1.0,20.0,4.0,2.0,80.0,1.0,17.0,2.0,3.0,17.0,14.0,5.0,15.0,0
30.0,0.0,0.0,1.0,879.0,0.0,1.0,0.0,9.0,2.0,0.0,1.0,0.0,0.0,0.0,0.0,1.0,1298.0,3.0,0.0,72.0,3.0,2.0,0.0,0.0,0.0,1.0,0.0,0.0,0.0,0.0,0.0,3.0,1.0,0.0,0.0,4695.0,12858.0,7.0,1.0,1.0,18.0,3.0,3.0,80.0,0.0,10.0,3.0,3.0,8.0,4.0,1.0,7.0,0
50.0,0.0,1.0,0.0,1421.0,0.0,1.0,0.0,2.0,3.0,0.0,1.0,0.0,0.0,0.0,0.0,1.0,1215.0,4.0,0.0,30.0,3.0,4.0,1.0,0.0,0.0,0.0,0.0,0.0,0.0,0.0,0.0,1.0,0.0,1.0,0.0,17856.0,9490.0,2.0,1.0,0.0,22.0,4.0,3.0,80.0,1.0,32.0,3.0,3.0,2.0,2.0,2.0,2.0,0
58.0,0.0,1.0,0.0,1216.0,0.0,1.0,0.0,15.0,4.0,0.0,0.0,1.0,0.0,0.0,0.0,1.0,1837.0,1.0,1.0,87.0,3.0,4.0,0.0,0.0,0.0,0.0,1.0,0.0,0.0,0.0,0.0,3.0,0.0,1.0,0.0,15787.0,21624.0,2.0,1.0,1.0,14.0,3.0,2.0,80.0,0.0,23.0,3.0,3.0,2.0,2.0,2.0,2.0,0
18.0,0.0,1.0,0.0,544.0,1.0,0.0,0.0,3.0,2.0,0.0,1.0,0.0,0.0,0.0,0.0,1.0,1624.0,2.0,0.0,70.0,3.0,1.0,0.0,0.0,0.0,0.0,0.0,0.0,0.0,0.0,1.0,4.0,1.0,0.0,0.0,1569.0,18420.0,1.0,1.0,1.0,12.0,3.0,3.0,80.0,0.0,0.0,2.0,4.0,0.0,0.0,0.0,0.0,1
40.0,1.0,0.0,0.0,555.0,0.0,1.0,0.0,2.0,3.0,0.0,1.0,0.0,0.0,0.0,0.0,1.0,521.0,2.0,0.0,78.0,2.0,2.0,0.0,1.0,0.0,0.0,0.0,0.0,0.0,0.0,0.0,3.0,0.0,1.0,0.0,3448.0,13436.0,6.0,1.0,0.0,22.0,4.0,2.0,80.0,1.0,20.0,3.0,3.0,1.0,0.0,0.0,0.0,0
46.0,1.0,0.0,0.0,566.0,0.0,1.0,0.0,7.0,2.0,0.0,1.0,0.0,0.0,0.0,0.0,1.0,1007.0,4.0,1.0,75.0,3.0,3.0,0.0,0.0,0.0,1.0,0.0,0.0,0.0,0.0,0.0,3.0,0.0,0.0,1.0,10845.0,24208.0,6.0,1.0,0.0,13.0,3.0,2.0,80.0,1.0,13.0,3.0,3.0,8.0,7.0,0.0,7.0,0
32.0,0.0,1.0,0.0,1318.0,1.0,0.0,0.0,10.0,4.0,1.0,0.0,0.0,0.0,0.0,0.0,1.0,1853.0,4.0,1.0,79.0,3.0,2.0,0.0,0.0,1.0,0.0,0.0,0.0,0.0,0.0,0.0,4.0,1.0,0.0,0.0,4648.0,26075.0,8.0,1.0,0.0,13.0,3.0,3.0,80.0,0.0,4.0,2.0,4.0,0.0,0.0,0.0,0.0,0
28.0,0.0,1.0,0.0,773.0,0.0,1.0,0.0,6.0,3.0,0.0,0.0,1.0,0.0,0.0,0.0,1.0,1154.0,3.0,1.0,39.0,2.0,1.0,0.0,0.0,0.0,0.0,0.0,1.0,0.0,0.0,0.0,3.0,0.0,0.0,1.0,2703.0,22088.0,1.0,1.0,1.0,14.0,3.0,4.0,80.0,1.0,3.0,2.0,3.0,3.0,1.0,0.0,2.0,0
40.0,1.0,0.0,0.0,1124.0,1.0,0.0,0.0,1.0,2.0,0.0,1.0,0.0,0.0,0.0,0.0,1.0,453.0,2.0,1.0,57.0,1.0,2.0,0.0,0.0,1.0,0.0,0.0,0.0,0.0,0.0,0.0,4.0,0.0,1.0,0.0,7457.0,13273.0,2.0,1.0,1.0,22.0,4.0,3.0,80.0,3.0,6.0,2.0,2.0,4.0,3.0,0.0,2.0,0
25.0,1.0,0.0,0.0,1280.0,0.0,1.0,0.0,7.0,1.0,0.0,1.0,0.0,0.0,0.0,0.0,1.0,143.0,4.0,1.0,64.0,2.0,1.0,0.0,0.0,0.0,0.0,0.0,1.0,0.0,0.0,0.0,4.0,0.0,1.0,0.0,2889.0,26897.0,1.0,1.0,0.0,11.0,3.0,3.0,80.0,2.0,2.0,2.0,3.0,2.0,2.0,2.0,1.0,0
31.0,1.0,0.0,0.0,192.0,0.0,1.0,0.0,2.0,4.0,0.0,0.0,1.0,0.0,0.0,0.0,1.0,426.0,3.0,1.0,32.0,3.0,1.0,0.0,0.0,0.0,0.0,0.0,1.0,0.0,0.0,0.0,4.0,0.0,0.0,1.0,2695.0,7747.0,0.0,1.0,1.0,18.0,3.0,2.0,80.0,1.0,3.0,2.0,1.0,2.0,2.0,2.0,2.0,0
38.0,1.0,0.0,0.0,119.0,1.0,0.0,0.0,3.0,3.0,0.0,0.0,1.0,0.0,0.0,0.0,1.0,307.0,1.0,1.0,76.0,3.0,3.0,0.0,0.0,1.0,0.0,0.0,0.0,0.0,0.0,0.0,3.0,0.0,0.0,1.0,10609.0,9647.0,0.0,1.0,0.0,12.0,3.0,3.0,80.0,2.0,17.0,6.0,2.0,16.0,10.0,5.0,13.0,0
44.0,1.0,0.0,0.0,1097.0,0.0,1.0,0.0,10.0,4.0,0.0,0.0,1.0,0.0,0.0,0.0,1.0,1200.0,3.0,1.0,96.0,3.0,1.0,0.0,0.0,0.0,0.0,0.0,1.0,0.0,0.0,0.0,3.0,1.0,0.0,0.0,2936.0,10826.0,1.0,1.0,1.0,11.0,3.0,3.0,80.0,0.0,6.0,4.0,3.0,6.0,4.0,0.0,2.0,1
46.0,1.0,0.0,0.0,430.0,0.0,1.0,0.0,1.0,4.0,0.0,1.0,0.0,0.0,0.0,0.0,1.0,1069.0,4.0,1.0,40.0,3.0,5.0,0.0,0.0,0.0,0.0,1.0,0.0,0.0,0.0,0.0,4.0,0.0,0.0,1.0,19627.0,21445.0,9.0,1.0,0.0,17.0,3.0,4.0,80.0,2.0,23.0,0.0,3.0,2.0,2.0,2.0,2.0,0
52.0,1.0,0.0,0.0,1030.0,1.0,0.0,0.0,5.0,3.0,0.0,0.0,1.0,0.0,0.0,0.0,1.0,1319.0,2.0,1.0,64.0,3.0,3.0,0.0,0.0,1.0,0.0,0.0,0.0,0.0,0.0,0.0,2.0,1.0,0.0,0.0,8446.0,21534.0,9.0,1.0,1.0,19.0,3.0,3.0,80.0,0.0,10.0,2.0,2.0,8.0,7.0,7.0,7.0,1
39.0,1.0,0.0,0.0,1132.0,0.0,1.0,0.0,1.0,3.0,0.0,1.0,0.0,0.0,0.0,0.0,1.0,417.0,3.0,1.0,48.0,4.0,3.0,0.0,0.0,0.0,0.0,0.0,0.0,0.0,1.0,0.0,4.0,0.0,0.0,1.0,9613.0,10942.0,0.0,1.0,0.0,17.0,3.0,1.0,80.0,3.0,19.0,5.0,2.0,18.0,10.0,3.0,7.0,0
36.0,1.0,0.0,0.0,885.0,0.0,1.0,0.0,16.0,4.0,0.0,0.0,1.0,0.0,0.0,0.0,1.0,1042.0,3.0,0.0,43.0,4.0,1.0,0.0,1.0,0.0,0.0,0.0,0.0,0.0,0.0,0.0,1.0,1.0,0.0,0.0,2743.0,8269.0,1.0,1.0,0.0,16.0,3.0,3.0,80.0,0.0,18.0,1.0,3.0,17.0,13.0,15.0,14.0,1
29.0,1.0,0.0,0.0,136.0,0.0,1.0,0.0,1.0,3.0,0.0,0.0,1.0,0.0,0.0,0.0,1.0,1954.0,1.0,1.0,89.0,3.0,2.0,0.0,0.0,0.0,0.0,0.0,0.0,0.0,1.0,0.0,1.0,0.0,1.0,0.0,5373.0,6225.0,0.0,1.0,0.0,12.0,3.0,1.0,80.0,1.0,6.0,5.0,2.0,5.0,3.0,0.0,2.0,0
37.0,1.0,0.0,0.0,1470.0,0.0,1.0,0.0,10.0,3.0,0.0,1.0,0.0,0.0,0.0,0.0,1.0,1640.0,2.0,0.0,71.0,3.0,1.0,0.0,0.0,0.0,0.0,0.0,1.0,0.0,0.0,0.0,2.0,0.0,1.0,0.0,3936.0,9953.0,1.0,1.0,0.0,11.0,3.0,1.0,80.0,1.0,8.0,2.0,1.0,8.0,4.0,7.0,7.0,0
48.0,1.0,0.0,0.0,1236.0,0.0,1.0,0.0,1.0,4.0,0.0,0.0,1.0,0.0,0.0,0.0,1.0,664.0,4.0,0.0,40.0,2.0,4.0,1.0,0.0,0.0,0.0,0.0,0.0,0.0,0.0,0.0,1.0,0.0,1.0,0.0,15402.0,17997.0,7.0,1.0,0.0,11.0,3.0,1.0,80.0,1.0,21.0,3.0,1.0,3.0,2.0,0.0,2.0,0
30.0,1.0,0.0,0.0,317.0,0.0,1.0,0.0,2.0,3.0,0.0,0.0,1.0,0.0,0.0,0.0,1.0,548.0,3.0,0.0,43.0,1.0,2.0,0.0,0.0,0.0,1.0,0.0,0.0,0.0,0.0,0.0,4.0,1.0,0.0,0.0,6091.0,24793.0,2.0,1.0,0.0,20.0,4.0,3.0,80.0,0.0,11.0,2.0,3.0,5.0,4.0,0.0,2.0,0
35.0,1.0,0.0,0.0,1296.0,0.0,1.0,0.0,5.0,4.0,0.0,0.0,0.0,0.0,1.0,0.0,1.0,464.0,3.0,1.0,62.0,3.0,3.0,0.0,0.0,0.0,1.0,0.0,0.0,0.0,0.0,0.0,2.0,1.0,0.0,0.0,8095.0,18264.0,0.0,1.0,0.0,13.0,3.0,4.0,80.0,0.0,17.0,5.0,3.0,16.0,6.0,0.0,13.0,0
30.0,1.0,0.0,0.0,1288.0,1.0,0.0,0.0,29.0,4.0,0.0,0.0,0.0,0.0,1.0,0.0,1.0,1568.0,3.0,1.0,33.0,3.0,3.0,0.0,0.0,1.0,0.0,0.0,0.0,0.0,0.0,0.0,2.0,0.0,1.0,0.0,9250.0,17799.0,3.0,1.0,0.0,12.0,3.0,2.0,80.0,1.0,9.0,3.0,3.0,4.0,2.0,1.0,3.0,0
26.0,1.0,0.0,0.0,390.0,0.0,1.0,0.0,17.0,4.0,0.0,1.0,0.0,0.0,0.0,0.0,1.0,1718.0,4.0,1.0,62.0,1.0,1.0,0.0,1.0,0.0,0.0,0.0,0.0,0.0,0.0,0.0,3.0,0.0,1.0,0.0,2305.0,6217.0,1.0,1.0,0.0,15.0,3.0,3.0,80.0,3.0,3.0,3.0,4.0,3.0,2.0,0.0,2.0,0
32.0,1.0,0.0,0.0,1093.0,1.0,0.0,0.0,6.0,4.0,0.0,1.0,0.0,0.0,0.0,0.0,1.0,125.0,2.0,1.0,87.0,3.0,2.0,0.0,0.0,1.0,0.0,0.0,0.0,0.0,0.0,0.0,3.0,1.0,0.0,0.0,5010.0,24301.0,1.0,1.0,0.0,16.0,3.0,1.0,80.0,0.0,12.0,0.0,3.0,11.0,8.0,5.0,7.0,0
46.0,0.0,0.0,1.0,849.0,1.0,0.0,0.0,26.0,2.0,0.0,0.0,1.0,0.0,0.0,0.0,1.0,1801.0,2.0,1.0,98.0,2.0,2.0,0.0,0.0,1.0,0.0,0.0,0.0,0.0,0.0,0.0,2.0,1.0,0.0,0.0,7991.0,25166.0,8.0,1.0,0.0,15.0,3.0,3.0,80.0,0.0,6.0,3.0,3.0,2.0,2.0,2.0,2.0,0
30.0,1.0,0.0,0.0,740.0,1.0,0.0,0.0,1.0,3.0,0.0,0.0,1.0,0.0,0.0,0.0,1.0,1562.0,2.0,1.0,64.0,2.0,2.0,0.0,0.0,1.0,0.0,0.0,0.0,0.0,0.0,0.0,1.0,0.0,1.0,0.0,9714.0,5323.0,1.0,1.0,0.0,11.0,3.0,4.0,80.0,1.0,10.0,4.0,3.0,10.0,8.0,6.0,7.0,1
28.0,0.0,0.0,1.0,280.0,0.0,0.0,1.0,1.0,2.0,0.0,0.0,1.0,0.0,0.0,0.0,1.0,1858.0,3.0,1.0,43.0,3.0,1.0,0.0,0.0,0.0,0.0,0.0,0.0,1.0,0.0,0.0,4.0,0.0,0.0,1.0,2706.0,10494.0,1.0,1.0,0.0,15.0,3.0,2.0,80.0,1.0,3.0,2.0,3.0,3.0,2.0,2.0,2.0,0
31.0,1.0,0.0,0.0,1003.0,1.0,0.0,0.0,5.0,3.0,0.0,0.0,0.0,0.0,1.0,0.0,1.0,1749.0,1.0,1.0,51.0,3.0,2.0,0.0,0.0,1.0,0.0,0.0,0.0,0.0,0.0,0.0,3.0,0.0,1.0,0.0,8346.0,20943.0,1.0,1.0,0.0,19.0,3.0,3.0,80.0,1.0,6.0,3.0,3.0,5.0,2.0,0.0,2.0,0
49.0,1.0,0.0,0.0,1184.0,1.0,0.0,0.0,11.0,3.0,1.0,0.0,0.0,0.0,0.0,0.0,1.0,840.0,3.0,0.0,43.0,3.0,3.0,0.0,0.0,1.0,0.0,0.0,0.0,0.0,0.0,0.0,4.0,0.0,1.0,0.0,7654.0,5860.0,1.0,1.0,0.0,18.0,3.0,1.0,80.0,2.0,9.0,3.0,4.0,9.0,8.0,7.0,7.0,1
25.0,1.0,0.0,0.0,977.0,0.0,1.0,0.0,2.0,1.0,0.0,0.0,0.0,0.0,0.0,1.0,1.0,1992.0,4.0,1.0,57.0,3.0,1.0,0.0,1.0,0.0,0.0,0.0,0.0,0.0,0.0,0.0,3.0,0.0,0.0,1.0,3977.0,7298.0,6.0,1.0,1.0,19.0,3.0,3.0,80.0,1.0,7.0,2.0,2.0,2.0,2.0,0.0,2.0,0
34.0,0.0,1.0,0.0,1069.0,0.0,1.0,0.0,2.0,1.0,0.0,0.0,1.0,0.0,0.0,0.0,1.0,256.0,4.0,1.0,45.0,2.0,2.0,0.0,0.0,0.0,1.0,0.0,0.0,0.0,0.0,0.0,3.0,0.0,1.0,0.0,9547.0,14074.0,1.0,1.0,0.0,17.0,3.0,3.0,80.0,0.0,10.0,2.0,2.0,10.0,9.0,1.0,9.0,0
30.0,1.0,0.0,0.0,946.0,0.0,1.0,0.0,2.0,3.0,0.0,1.0,0.0,0.0,0.0,0.0,1.0,833.0,3.0,0.0,52.0,2.0,2.0,0.0,0.0,0.0,1.0,0.0,0.0,0.0,0.0,0.0,4.0,1.0,0.0,0.0,6877.0,20234.0,5.0,1.0,1.0,24.0,4.0,2.0,80.0,0.0,12.0,4.0,2.0,0.0,0.0,0.0,0.0,0
31.0,0.0,1.0,0.0,534.0,0.0,1.0,0.0,20.0,3.0,0.0,0.0,1.0,0.0,0.0,0.0,1.0,587.0,1.0,1.0,66.0,3.0,3.0,0.0,0.0,0.0,0.0,0.0,0.0,0.0,1.0,0.0,3.0,0.0,1.0,0.0,9824.0,22908.0,3.0,1.0,0.0,12.0,3.0,1.0,80.0,0.0,12.0,2.0,3.0,1.0,0.0,0.0,0.0,1
53.0,0.0,1.0,0.0,124.0,1.0,0.0,0.0,2.0,3.0,1.0,0.0,0.0,0.0,0.0,0.0,1.0,1050.0,3.0,0.0,38.0,2.0,3.0,0.0,0.0,1.0,0.0,0.0,0.0,0.0,0.0,0.0,2.0,0.0,1.0,0.0,7525.0,23537.0,2.0,1.0,0.0,12.0,3.0,1.0,80.0,1.0,30.0,2.0,3.0,15.0,7.0,6.0,12.0,0
41.0,0.0,1.0,0.0,857.0,0.0,1.0,0.0,10.0,3.0,0.0,0.0,1.0,0.0,0.0,0.0,1.0,199.0,4.0,1.0,91.0,2.0,4.0,1.0,0.0,0.0,0.0,0.0,0.0,0.0,0.0,0.0,1.0,0.0,0.0,1.0,17181.0,12888.0,4.0,1.0,0.0,13.0,3.0,2.0,80.0,1.0,21.0,2.0,2.0,7.0,6.0,7.0,7.0,0
33.0,0.0,1.0,0.0,827.0,0.0,1.0,0.0,29.0,4.0,0.0,1.0,0.0,0.0,0.0,0.0,1.0,1101.0,1.0,0.0,54.0,2.0,2.0,0.0,0.0,0.0,0.0,0.0,1.0,0.0,0.0,0.0,3.0,1.0,0.0,0.0,4508.0,3129.0,1.0,1.0,0.0,22.0,4.0,2.0,80.0,0.0,14.0,4.0,3.0,13.0,7.0,3.0,8.0,1
30.0,1.0,0.0,0.0,979.0,1.0,0.0,0.0,15.0,2.0,1.0,0.0,0.0,0.0,0.0,0.0,1.0,1754.0,3.0,1.0,94.0,2.0,3.0,0.0,0.0,1.0,0.0,0.0,0.0,0.0,0.0,0.0,1.0,0.0,0.0,1.0,7140.0,3088.0,2.0,1.0,0.0,11.0,3.0,1.0,80.0,1.0,12.0,2.0,3.0,7.0,7.0,1.0,7.0,0
37.0,1.0,0.0,0.0,482.0,0.0,1.0,0.0,3.0,3.0,0.0,0.0,0.0,0.0,0.0,1.0,1.0,689.0,3.0,1.0,36.0,3.0,3.0,0.0,0.0,0.0,1.0,0.0,0.0,0.0,0.0,0.0,3.0,0.0,1.0,0.0,9434.0,9606.0,1.0,1.0,0.0,15.0,3.0,3.0,80.0,1.0,10.0,2.0,3.0,10.0,7.0,7.0,8.0,0
33.0,1.0,0.0,0.0,654.0,0.0,1.0,0.0,5.0,3.0,0.0,0.0,1.0,0.0,0.0,0.0,1.0,1099.0,4.0,1.0,34.0,2.0,3.0,0.0,0.0,0.0,0.0,0.0,0.0,0.0,1.0,0.0,4.0,0.0,0.0,1.0,7119.0,21214.0,4.0,1.0,0.0,15.0,3.0,3.0,80.0,1.0,9.0,2.0,3.0,3.0,2.0,1.0,2.0,0
31.0,1.0,0.0,0.0,1365.0,1.0,0.0,0.0,13.0,4.0,0.0,1.0,0.0,0.0,0.0,0.0,1.0,650.0,2.0,1.0,46.0,3.0,2.0,0.0,0.0,1.0,0.0,0.0,0.0,0.0,0.0,0.0,1.0,0.0,0.0,1.0,4233.0,11512.0,2.0,1.0,0.0,17.0,3.0,3.0,80.0,0.0,9.0,2.0,1.0,3.0,1.0,1.0,2.0,1
48.0,0.0,0.0,1.0,1262.0,0.0,1.0,0.0,1.0,4.0,0.0,1.0,0.0,0.0,0.0,0.0,1.0,1116.0,1.0,1.0,35.0,4.0,4.0,1.0,0.0,0.0,0.0,0.0,0.0,0.0,0.0,0.0,4.0,1.0,0.0,0.0,16885.0,16154.0,2.0,1.0,0.0,22.0,4.0,3.0,80.0,0.0,27.0,3.0,2.0,5.0,4.0,2.0,1.0,0
48.0,0.0,1.0,0.0,117.0,0.0,1.0,0.0,22.0,3.0,0.0,1.0,0.0,0.0,0.0,0.0,1.0,1900.0,4.0,0.0,58.0,3.0,4.0,1.0,0.0,0.0,0.0,0.0,0.0,0.0,0.0,0.0,4.0,0.0,0.0,1.0,17174.0,2437.0,3.0,1.0,0.0,11.0,3.0,2.0,80.0,1.0,24.0,3.0,3.0,22.0,17.0,4.0,7.0,0
26.0,0.0,1.0,0.0,887.0,0.0,1.0,0.0,5.0,2.0,0.0,1.0,0.0,0.0,0.0,0.0,1.0,848.0,3.0,0.0,88.0,2.0,1.0,0.0,0.0,0.0,0.0,0.0,1.0,0.0,0.0,0.0,3.0,0.0,1.0,0.0,2366.0,20898.0,1.0,1.0,1.0,14.0,3.0,1.0,80.0,1.0,8.0,2.0,3.0,8.0,7.0,1.0,7.0,1
37.0,0.0,0.0,1.0,142.0,1.0,0.0,0.0,9.0,4.0,0.0,1.0,0.0,0.0,0.0,0.0,1.0,626.0,1.0,1.0,69.0,3.0,3.0,0.0,0.0,1.0,0.0,0.0,0.0,0.0,0.0,0.0,2.0,0.0,0.0,1.0,8834.0,24666.0,1.0,1.0,0.0,13.0,3.0,4.0,80.0,1.0,9.0,6.0,3.0,9.0,5.0,7.0,7.0,0
33.0,1.0,0.0,0.0,931.0,0.0,1.0,0.0,14.0,3.0,0.0,1.0,0.0,0.0,0.0,0.0,1.0,252.0,4.0,0.0,72.0,3.0,1.0,0.0,0.0,0.0,0.0,0.0,1.0,0.0,0.0,0.0,2.0,0.0,1.0,0.0,2756.0,4673.0,1.0,1.0,0.0,13.0,3.0,4.0,80.0,1.0,8.0,5.0,3.0,8.0,7.0,1.0,6.0,0
34.0,0.0,1.0,0.0,618.0,0.0,1.0,0.0,3.0,1.0,0.0,0.0,1.0,0.0,0.0,0.0,1.0,1103.0,1.0,1.0,45.0,3.0,2.0,0.0,0.0,0.0,0.0,0.0,0.0,0.0,1.0,0.0,4.0,1.0,0.0,0.0,7756.0,22266.0,0.0,1.0,0.0,17.0,3.0,3.0,80.0,0.0,7.0,1.0,2.0,6.0,2.0,0.0,4.0,0
28.0,1.0,0.0,0.0,1451.0,0.0,1.0,0.0,2.0,1.0,0.0,0.0,1.0,0.0,0.0,0.0,1.0,1136.0,1.0,1.0,67.0,2.0,1.0,0.0,0.0,0.0,0.0,0.0,1.0,0.0,0.0,0.0,2.0,0.0,1.0,0.0,3201.0,19911.0,0.0,1.0,0.0,17.0,3.0,1.0,80.0,0.0,6.0,2.0,1.0,5.0,3.0,0.0,4.0,0
52.0,0.0,0.0,1.0,771.0,1.0,0.0,0.0,2.0,4.0,0.0,0.0,1.0,0.0,0.0,0.0,1.0,329.0,1.0,1.0,79.0,2.0,5.0,1.0,0.0,0.0,0.0,0.0,0.0,0.0,0.0,0.0,3.0,1.0,0.0,0.0,19068.0,21030.0,1.0,1.0,1.0,18.0,3.0,4.0,80.0,0.0,33.0,2.0,4.0,33.0,7.0,15.0,12.0,0
45.0,1.0,0.0,0.0,974.0,0.0,1.0,0.0,1.0,4.0,0.0,1.0,0.0,0.0,0.0,0.0,1.0,996.0,4.0,0.0,91.0,3.0,1.0,0.0,1.0,0.0,0.0,0.0,0.0,0.0,0.0,0.0,4.0,0.0,0.0,1.0,2270.0,11005.0,3.0,1.0,0.0,14.0,3.0,4.0,80.0,2.0,8.0,2.0,3.0,5.0,3.0,0.0,2.0,0
37.0,0.0,0.0,1.0,1413.0,0.0,1.0,0.0,5.0,2.0,0.0,0.0,0.0,0.0,1.0,0.0,1.0,1440.0,3.0,1.0,84.0,4.0,1.0,0.0,1.0,0.0,0.0,0.0,0.0,0.0,0.0,0.0,3.0,1.0,0.0,0.0,3500.0,25470.0,0.0,1.0,0.0,14.0,3.0,1.0,80.0,0.0,7.0,2.0,1.0,6.0,5.0,1.0,3.0,0
36.0,0.0,1.0,0.0,1213.0,0.0,0.0,1.0,2.0,1.0,0.0,0.0,0.0,1.0,0.0,0.0,1.0,1890.0,2.0,1.0,94.0,2.0,2.0,0.0,0.0,0.0,0.0,0.0,0.0,1.0,0.0,0.0,4.0,1.0,0.0,0.0,3886.0,4223.0,1.0,1.0,0.0,21.0,4.0,4.0,80.0,0.0,10.0,2.0,2.0,10.0,1.0,0.0,8.0,0
30.0,1.0,0.0,0.0,1465.0,0.0,1.0,0.0,1.0,3.0,0.0,1.0,0.0,0.0,0.0,0.0,1.0,1241.0,4.0,1.0,63.0,3.0,1.0,0.0,0.0,0.0,0.0,0.0,1.0,0.0,0.0,0.0,2.0,0.0,1.0,0.0,3579.0,9369.0,0.0,1.0,1.0,21.0,4.0,1.0,80.0,1.0,12.0,2.0,3.0,11.0,9.0,5.0,7.0,0
42.0,1.0,0.0,0.0,469.0,0.0,1.0,0.0,2.0,2.0,0.0,1.0,0.0,0.0,0.0,0.0,1.0,1109.0,4.0,1.0,35.0,3.0,4.0,1.0,0.0,0.0,0.0,0.0,0.0,0.0,0.0,0.0,1.0,0.0,1.0,0.0,17665.0,14399.0,0.0,1.0,0.0,17.0,3.0,4.0,80.0,1.0,23.0,3.0,3.0,22.0,6.0,13.0,7.0,0
36.0,0.0,0.0,1.0,894.0,0.0,1.0,0.0,1.0,4.0,0.0,1.0,0.0,0.0,0.0,0.0,1.0,1662.0,4.0,0.0,33.0,2.0,2.0,0.0,0.0,0.0,1.0,0.0,0.0,0.0,0.0,0.0,3.0,0.0,1.0,0.0,4374.0,15411.0,0.0,1.0,0.0,15.0,3.0,3.0,80.0,0.0,4.0,6.0,3.0,3.0,2.0,1.0,2.0,0
52.0,1.0,0.0,0.0,956.0,0.0,1.0,0.0,6.0,2.0,0.0,0.0,0.0,0.0,1.0,0.0,1.0,630.0,4.0,1.0,78.0,3.0,2.0,0.0,0.0,0.0,0.0,0.0,1.0,0.0,0.0,0.0,1.0,0.0,0.0,1.0,5577.0,22087.0,3.0,1.0,1.0,12.0,3.0,2.0,80.0,2.0,18.0,3.0,3.0,10.0,9.0,6.0,9.0,0
46.0,1.0,0.0,0.0,644.0,0.0,1.0,0.0,1.0,4.0,0.0,1.0,0.0,0.0,0.0,0.0,1.0,288.0,4.0,1.0,97.0,3.0,3.0,0.0,0.0,0.0,0.0,0.0,0.0,0.0,1.0,0.0,1.0,0.0,0.0,1.0,9396.0,12368.0,7.0,1.0,0.0,16.0,3.0,3.0,80.0,1.0,17.0,3.0,3.0,4.0,2.0,0.0,3.0,0
35.0,0.0,1.0,0.0,662.0,1.0,0.0,0.0,18.0,4.0,1.0,0.0,0.0,0.0,0.0,0.0,1.0,1380.0,4.0,0.0,67.0,3.0,2.0,0.0,0.0,1.0,0.0,0.0,0.0,0.0,0.0,0.0,3.0,0.0,1.0,0.0,4614.0,23288.0,0.0,1.0,1.0,18.0,3.0,3.0,80.0,1.0,5.0,0.0,2.0,4.0,2.0,3.0,2.0,1
39.0,1.0,0.0,0.0,1329.0,1.0,0.0,0.0,4.0,4.0,0.0,0.0,1.0,0.0,0.0,0.0,1.0,182.0,4.0,0.0,47.0,2.0,2.0,0.0,0.0,1.0,0.0,0.0,0.0,0.0,0.0,0.0,3.0,0.0,1.0,0.0,5902.0,14590.0,4.0,1.0,0.0,14.0,3.0,3.0,80.0,1.0,17.0,1.0,4.0,15.0,11.0,5.0,9.0,0
30.0,1.0,0.0,0.0,153.0,0.0,1.0,0.0,8.0,2.0,0.0,0.0,1.0,0.0,0.0,0.0,1.0,1015.0,2.0,0.0,73.0,4.0,3.0,0.0,0.0,0.0,0.0,1.0,0.0,0.0,0.0,0.0,1.0,0.0,1.0,0.0,11416.0,17802.0,0.0,1.0,1.0,12.0,3.0,3.0,80.0,3.0,9.0,4.0,2.0,8.0,7.0,1.0,7.0,0
40.0,0.0,0.0,1.0,1151.0,0.0,1.0,0.0,9.0,5.0,0.0,0.0,1.0,0.0,0.0,0.0,1.0,287.0,4.0,1.0,63.0,2.0,2.0,0.0,0.0,0.0,0.0,0.0,0.0,0.0,1.0,0.0,4.0,0.0,1.0,0.0,4876.0,14242.0,9.0,1.0,0.0,14.0,3.0,4.0,80.0,1.0,5.0,5.0,1.0,3.0,2.0,0.0,2.0,0
45.0,1.0,0.0,0.0,556.0,0.0,1.0,0.0,25.0,2.0,0.0,0.0,1.0,0.0,0.0,0.0,1.0,1888.0,2.0,0.0,93.0,2.0,2.0,0.0,0.0,0.0,1.0,0.0,0.0,0.0,0.0,0.0,4.0,0.0,1.0,0.0,5906.0,23888.0,0.0,1.0,0.0,13.0,3.0,4.0,80.0,2.0,10.0,2.0,2.0,9.0,8.0,3.0,8.0,0
50.0,1.0,0.0,0.0,1126.0,0.0,1.0,0.0,1.0,2.0,0.0,1.0,0.0,0.0,0.0,0.0,1.0,997.0,4.0,1.0,66.0,3.0,4.0,0.0,0.0,0.0,0.0,1.0,0.0,0.0,0.0,0.0,4.0,0.0,0.0,1.0,17399.0,6615.0,9.0,1.0,0.0,22.0,4.0,3.0,80.0,1.0,32.0,1.0,2.0,5.0,4.0,1.0,3.0,0
32.0,1.0,0.0,0.0,634.0,0.0,1.0,0.0,5.0,4.0,0.0,0.0,0.0,0.0,0.0,1.0,1.0,1607.0,2.0,0.0,35.0,4.0,1.0,0.0,0.0,0.0,0.0,0.0,1.0,0.0,0.0,0.0,4.0,0.0,1.0,0.0,3312.0,18783.0,3.0,1.0,0.0,17.0,3.0,4.0,80.0,2.0,6.0,3.0,3.0,3.0,2.0,0.0,2.0,0
39.0,1.0,0.0,0.0,1431.0,0.0,1.0,0.0,1.0,4.0,0.0,1.0,0.0,0.0,0.0,0.0,1.0,332.0,3.0,0.0,96.0,3.0,1.0,0.0,1.0,0.0,0.0,0.0,0.0,0.0,0.0,0.0,3.0,0.0,0.0,1.0,2232.0,15417.0,7.0,1.0,0.0,14.0,3.0,3.0,80.0,3.0,7.0,1.0,3.0,3.0,2.0,1.0,2.0,0
51.0,1.0,0.0,0.0,1323.0,0.0,1.0,0.0,4.0,4.0,0.0,0.0,1.0,0.0,0.0,0.0,1.0,1081.0,1.0,1.0,34.0,3.0,1.0,0.0,0.0,0.0,0.0,0.0,1.0,0.0,0.0,0.0,3.0,0.0,1.0,0.0,2461.0,10332.0,9.0,1.0,1.0,12.0,3.0,3.0,80.0,3.0,18.0,2.0,4.0,10.0,0.0,2.0,7.0,1
45.0,1.0,0.0,0.0,561.0,1.0,0.0,0.0,2.0,3.0,0.0,0.0,0.0,0.0,0.0,1.0,1.0,606.0,4.0,1.0,61.0,3.0,2.0,0.0,0.0,1.0,0.0,0.0,0.0,0.0,0.0,0.0,2.0,0.0,1.0,0.0,4805.0,16177.0,0.0,1.0,0.0,19.0,3.0,2.0,80.0,1.0,9.0,3.0,4.0,8.0,7.0,3.0,7.0,0
46.0,1.0,0.0,0.0,1009.0,0.0,1.0,0.0,2.0,3.0,0.0,0.0,1.0,0.0,0.0,0.0,1.0,575.0,1.0,1.0,51.0,3.0,4.0,0.0,0.0,0.0,0.0,1.0,0.0,0.0,0.0,0.0,3.0,0.0,1.0,0.0,17861.0,2288.0,6.0,1.0,0.0,13.0,3.0,3.0,80.0,0.0,26.0,2.0,1.0,3.0,2.0,0.0,1.0,0
46.0,0.0,1.0,0.0,1034.0,0.0,1.0,0.0,18.0,1.0,0.0,1.0,0.0,0.0,0.0,0.0,1.0,624.0,1.0,0.0,86.0,3.0,3.0,0.0,0.0,0.0,0.0,0.0,0.0,0.0,1.0,0.0,3.0,0.0,1.0,0.0,10527.0,8984.0,5.0,1.0,0.0,11.0,3.0,4.0,80.0,0.0,28.0,3.0,2.0,2.0,2.0,1.0,2.0,0
38.0,1.0,0.0,0.0,1180.0,0.0,1.0,0.0,29.0,1.0,0.0,1.0,0.0,0.0,0.0,0.0,1.0,282.0,2.0,1.0,70.0,3.0,2.0,0.0,0.0,0.0,0.0,0.0,0.0,0.0,1.0,0.0,1.0,0.0,1.0,0.0,6673.0,11354.0,7.0,1.0,1.0,19.0,3.0,2.0,80.0,0.0,17.0,2.0,3.0,1.0,0.0,0.0,0.0,1
22.0,1.0,0.0,0.0,617.0,0.0,1.0,0.0,3.0,1.0,0.0,0.0,1.0,0.0,0.0,0.0,1.0,926.0,2.0,0.0,34.0,3.0,2.0,0.0,0.0,0.0,1.0,0.0,0.0,0.0,0.0,0.0,3.0,0.0,1.0,0.0,4171.0,10022.0,0.0,1.0,1.0,19.0,3.0,1.0,80.0,1.0,4.0,3.0,4.0,3.0,2.0,0.0,2.0,1
27.0,1.0,0.0,0.0,798.0,0.0,1.0,0.0,6.0,4.0,0.0,1.0,0.0,0.0,0.0,0.0,1.0,655.0,1.0,0.0,66.0,2.0,1.0,0.0,0.0,0.0,0.0,0.0,1.0,0.0,0.0,0.0,3.0,0.0,0.0,1.0,2187.0,5013.0,0.0,1.0,0.0,12.0,3.0,3.0,80.0,2.0,6.0,5.0,2.0,5.0,3.0,0.0,3.0,0
21.0,1.0,0.0,0.0,337.0,1.0,0.0,0.0,7.0,1.0,1.0,0.0,0.0,0.0,0.0,0.0,1.0,1780.0,2.0,1.0,31.0,3.0,1.0,0.0,0.0,0.0,0.0,0.0,0.0,0.0,0.0,1.0,2.0,1.0,0.0,0.0,2679.0,4567.0,1.0,1.0,0.0,13.0,3.0,2.0,80.0,0.0,1.0,3.0,3.0,1.0,0.0,1.0,0.0,1
40.0,1.0,0.0,0.0,575.0,1.0,0.0,0.0,22.0,2.0,1.0,0.0,0.0,0.0,0.0,0.0,1.0,492.0,3.0,1.0,68.0,2.0,2.0,0.0,0.0,1.0,0.0,0.0,0.0,0.0,0.0,0.0,3.0,0.0,1.0,0.0,6380.0,6110.0,2.0,1.0,1.0,12.0,3.0,1.0,80.0,2.0,8.0,6.0,3.0,6.0,4.0,1.0,0.0,1
29.0,1.0,0.0,0.0,1107.0,0.0,1.0,0.0,28.0,4.0,0.0,0.0,1.0,0.0,0.0,0.0,1.0,1120.0,3.0,0.0,93.0,3.0,1.0,0.0,0.0,0.0,0.0,0.0,1.0,0.0,0.0,0.0,4.0,0.0,0.0,1.0,2514.0,26968.0,4.0,1.0,0.0,22.0,4.0,1.0,80.0,1.0,11.0,1.0,3.0,7.0,5.0,1.0,7.0,0
32.0,0.0,0.0,1.0,862.0,1.0,0.0,0.0,2.0,1.0,0.0,0.0,1.0,0.0,0.0,0.0,1.0,1190.0,3.0,0.0,76.0,3.0,1.0,0.0,0.0,0.0,0.0,0.0,0.0,0.0,0.0,1.0,1.0,0.0,0.0,1.0,2827.0,14947.0,1.0,1.0,0.0,12.0,3.0,3.0,80.0,3.0,1.0,3.0,3.0,1.0,0.0,0.0,0.0,0
24.0,1.0,0.0,0.0,1448.0,1.0,0.0,0.0,1.0,1.0,0.0,0.0,0.0,0.0,1.0,0.0,1.0,554.0,1.0,0.0,62.0,3.0,1.0,0.0,0.0,0.0,0.0,0.0,0.0,0.0,0.0,1.0,2.0,1.0,0.0,0.0,3202.0,21972.0,1.0,1.0,1.0,16.0,3.0,2.0,80.0,0.0,6.0,4.0,3.0,5.0,3.0,1.0,4.0,1
32.0,1.0,0.0,0.0,1373.0,0.0,1.0,0.0,5.0,4.0,0.0,0.0,1.0,0.0,0.0,0.0,1.0,1966.0,4.0,1.0,56.0,2.0,2.0,0.0,0.0,0.0,1.0,0.0,0.0,0.0,0.0,0.0,4.0,1.0,0.0,0.0,9679.0,10138.0,8.0,1.0,0.0,24.0,4.0,2.0,80.0,0.0,8.0,1.0,3.0,1.0,0.0,0.0,0.0,0
47.0,0.0,1.0,0.0,1379.0,0.0,1.0,0.0,16.0,4.0,0.0,1.0,0.0,0.0,0.0,0.0,1.0,987.0,3.0,1.0,64.0,4.0,2.0,0.0,0.0,0.0,1.0,0.0,0.0,0.0,0.0,0.0,3.0,0.0,0.0,1.0,5067.0,6759.0,1.0,1.0,1.0,19.0,3.0,3.0,80.0,0.0,20.0,3.0,4.0,19.0,10.0,2.0,7.0,0
23.0,1.0,0.0,0.0,1320.0,0.0,1.0,0.0,8.0,1.0,0.0,1.0,0.0,0.0,0.0,0.0,1.0,1684.0,4.0,1.0,93.0,2.0,1.0,0.0,1.0,0.0,0.0,0.0,0.0,0.0,0.0,0.0,3.0,1.0,0.0,0.0,3989.0,20586.0,1.0,1.0,1.0,11.0,3.0,1.0,80.0,0.0,5.0,2.0,3.0,5.0,4.0,1.0,2.0,1
28.0,1.0,0.0,0.0,1158.0,0.0,1.0,0.0,9.0,3.0,0.0,1.0,0.0,0.0,0.0,0.0,1.0,377.0,4.0,1.0,94.0,3.0,1.0,0.0,0.0,0.0,0.0,0.0,1.0,0.0,0.0,0.0,4.0,0.0,1.0,0.0,2070.0,2613.0,1.0,1.0,0.0,23.0,4.0,4.0,80.0,1.0,5.0,3.0,2.0,5.0,2.0,0.0,4.0,0
58.0,1.0,0.0,0.0,1272.0,0.0,1.0,0.0,5.0,3.0,0.0,0.0,0.0,0.0,1.0,0.0,1.0,940.0,3.0,0.0,37.0,2.0,3.0,0.0,0.0,0.0,0.0,0.0,0.0,0.0,1.0,0.0,2.0,0.0,0.0,1.0,10552.0,9255.0,2.0,1.0,1.0,13.0,3.0,4.0,80.0,1.0,24.0,3.0,3.0,6.0,0.0,0.0,4.0,0
33.0,1.0,0.0,0.0,267.0,0.0,1.0,0.0,21.0,3.0,0.0,1.0,0.0,0.0,0.0,0.0,1.0,1698.0,2.0,1.0,79.0,4.0,1.0,0.0,1.0,0.0,0.0,0.0,0.0,0.0,0.0,0.0,2.0,0.0,1.0,0.0,2028.0,13637.0,1.0,1.0,0.0,18.0,3.0,4.0,80.0,3.0,14.0,6.0,3.0,14.0,11.0,2.0,13.0,0
42.0,1.0,0.0,0.0,603.0,0.0,1.0,0.0,7.0,4.0,0.0,1.0,0.0,0.0,0.0,0.0,1.0,1292.0,2.0,0.0,78.0,4.0,2.0,0.0,0.0,0.0,0.0,0.0,1.0,0.0,0.0,0.0,2.0,0.0,1.0,0.0,2372.0,5628.0,6.0,1.0,1.0,16.0,3.0,4.0,80.0,0.0,18.0,2.0,3.0,1.0,0.0,0.0,0.0,0
40.0,1.0,0.0,0.0,658.0,1.0,0.0,0.0,10.0,4.0,1.0,0.0,0.0,0.0,0.0,0.0,1.0,954.0,1.0,1.0,67.0,2.0,3.0,0.0,0.0,1.0,0.0,0.0,0.0,0.0,0.0,0.0,2.0,0.0,0.0,1.0,9705.0,20652.0,2.0,1.0,0.0,12.0,3.0,2.0,80.0,1.0,11.0,2.0,2.0,1.0,0.0,0.0,0.0,0
26.0,0.0,1.0,0.0,1479.0,0.0,1.0,0.0,1.0,3.0,0.0,0.0,1.0,0.0,0.0,0.0,1.0,384.0,3.0,0.0,84.0,3.0,2.0,0.0,0.0,0.0,1.0,0.0,0.0,0.0,0.0,0.0,2.0,0.0,0.0,1.0,6397.0,26767.0,1.0,1.0,0.0,20.0,4.0,1.0,80.0,1.0,6.0,6.0,1.0,6.0,5.0,1.0,4.0,0
32.0,0.0,0.0,1.0,976.0,1.0,0.0,0.0,26.0,4.0,1.0,0.0,0.0,0.0,0.0,0.0,1.0,333.0,3.0,1.0,100.0,3.0,2.0,0.0,0.0,1.0,0.0,0.0,0.0,0.0,0.0,0.0,4.0,0.0,1.0,0.0,4465.0,12069.0,0.0,1.0,0.0,18.0,3.0,1.0,80.0,0.0,4.0,2.0,3.0,3.0,2.0,2.0,2.0,0
52.0,1.0,0.0,0.0,1490.0,0.0,1.0,0.0,4.0,2.0,0.0,0.0,1.0,0.0,0.0,0.0,1.0,546.0,4.0,0.0,30.0,3.0,4.0,1.0,0.0,0.0,0.0,0.0,0.0,0.0,0.0,0.0,4.0,0.0,1.0,0.0,16555.0,10310.0,2.0,1.0,0.0,13.0,3.0,4.0,80.0,0.0,31.0,2.0,1.0,5.0,2.0,1.0,4.0,0
20.0,1.0,0.0,0.0,654.0,1.0,0.0,0.0,21.0,3.0,1.0,0.0,0.0,0.0,0.0,0.0,1.0,1226.0,3.0,1.0,43.0,4.0,1.0,0.0,0.0,0.0,0.0,0.0,0.0,0.0,0.0,1.0,4.0,1.0,0.0,0.0,2678.0,5050.0,1.0,1.0,0.0,17.0,3.0,4.0,80.0,0.0,2.0,2.0,3.0,2.0,1.0,2.0,2.0,0
44.0,1.0,0.0,0.0,1467.0,0.0,1.0,0.0,20.0,3.0,0.0,0.0,1.0,0.0,0.0,0.0,1.0,1475.0,4.0,1.0,49.0,3.0,1.0,0.0,0.0,0.0,0.0,0.0,1.0,0.0,0.0,0.0,2.0,1.0,0.0,0.0,3420.0,21158.0,1.0,1.0,0.0,13.0,3.0,3.0,80.0,0.0,6.0,3.0,2.0,5.0,2.0,1.0,3.0,0
25.0,1.0,0.0,0.0,309.0,0.0,0.0,1.0,2.0,3.0,0.0,0.0,0.0,1.0,0.0,0.0,1.0,1987.0,3.0,0.0,82.0,3.0,1.0,0.0,0.0,0.0,0.0,0.0,0.0,1.0,0.0,0.0,2.0,0.0,1.0,0.0,2187.0,19655.0,4.0,1.0,0.0,14.0,3.0,3.0,80.0,0.0,6.0,3.0,3.0,2.0,0.0,1.0,2.0,0
25.0,1.0,0.0,0.0,1372.0,1.0,0.0,0.0,18.0,1.0,0.0,0.0,1.0,0.0,0.0,0.0,1.0,1399.0,1.0,1.0,93.0,4.0,2.0,0.0,0.0,1.0,0.0,0.0,0.0,0.0,0.0,0.0,3.0,0.0,1.0,0.0,6232.0,12477.0,2.0,1.0,0.0,11.0,3.0,2.0,80.0,0.0,6.0,3.0,2.0,3.0,2.0,1.0,2.0,0
32.0,0.0,0.0,1.0,1474.0,1.0,0.0,0.0,11.0,4.0,0.0,0.0,0.0,0.0,0.0,1.0,1.0,631.0,4.0,1.0,60.0,4.0,2.0,0.0,0.0,1.0,0.0,0.0,0.0,0.0,0.0,0.0,3.0,0.0,1.0,0.0,4707.0,23914.0,8.0,1.0,0.0,12.0,3.0,4.0,80.0,0.0,6.0,2.0,3.0,4.0,2.0,1.0,2.0,1
32.0,1.0,0.0,0.0,117.0,1.0,0.0,0.0,13.0,4.0,0.0,0.0,1.0,0.0,0.0,0.0,1.0,859.0,2.0,1.0,73.0,3.0,2.0,0.0,0.0,1.0,0.0,0.0,0.0,0.0,0.0,0.0,4.0,0.0,0.0,1.0,4403.0,9250.0,2.0,1.0,0.0,11.0,3.0,3.0,80.0,1.0,8.0,3.0,2.0,5.0,2.0,0.0,3.0,0
28.0,0.0,1.0,0.0,1496.0,1.0,0.0,0.0,1.0,3.0,0.0,0.0,0.0,0.0,1.0,0.0,1.0,1486.0,1.0,1.0,92.0,3.0,1.0,0.0,0.0,0.0,0.0,0.0,0.0,0.0,0.0,1.0,3.0,0.0,1.0,0.0,2909.0,15747.0,3.0,1.0,0.0,15.0,3.0,4.0,80.0,1.0,5.0,3.0,4.0,3.0,2.0,1.0,2.0,1
34.0,0.0,1.0,0.0,658.0,0.0,1.0,0.0,7.0,3.0,0.0,0.0,1.0,0.0,0.0,0.0,1.0,147.0,1.0,1.0,66.0,1.0,2.0,0.0,1.0,0.0,0.0,0.0,0.0,0.0,0.0,0.0,3.0,1.0,0.0,0.0,6074.0,22887.0,1.0,1.0,1.0,24.0,4.0,4.0,80.0,0.0,9.0,3.0,3.0,9.0,7.0,0.0,6.0,1
40.0,0.0,1.0,0.0,720.0,0.0,1.0,0.0,16.0,4.0,0.0,1.0,0.0,0.0,0.0,0.0,1.0,832.0,1.0,1.0,51.0,2.0,2.0,0.0,1.0,0.0,0.0,0.0,0.0,0.0,0.0,0.0,3.0,1.0,0.0,0.0,5094.0,11983.0,6.0,1.0,0.0,14.0,3.0,4.0,80.0,0.0,10.0,6.0,3.0,1.0,0.0,0.0,0.0,0
44.0,1.0,0.0,0.0,625.0,0.0,1.0,0.0,4.0,3.0,0.0,1.0,0.0,0.0,0.0,0.0,1.0,852.0,4.0,1.0,50.0,3.0,2.0,0.0,0.0,0.0,0.0,0.0,0.0,0.0,1.0,0.0,2.0,1.0,0.0,0.0,5933.0,5197.0,9.0,1.0,0.0,12.0,3.0,4.0,80.0,0.0,10.0,2.0,2.0,5.0,2.0,2.0,3.0,0
20.0,1.0,0.0,0.0,500.0,1.0,0.0,0.0,2.0,3.0,0.0,1.0,0.0,0.0,0.0,0.0,1.0,922.0,3.0,0.0,49.0,2.0,1.0,0.0,0.0,0.0,0.0,0.0,0.0,0.0,0.0,1.0,3.0,1.0,0.0,0.0,2044.0,22052.0,1.0,1.0,0.0,13.0,3.0,4.0,80.0,0.0,2.0,3.0,2.0,2.0,2.0,0.0,2.0,1
33.0,1.0,0.0,0.0,1075.0,0.0,0.0,1.0,3.0,2.0,0.0,0.0,0.0,1.0,0.0,0.0,1.0,910.0,4.0,1.0,57.0,3.0,1.0,0.0,0.0,0.0,0.0,0.0,0.0,1.0,0.0,0.0,2.0,0.0,0.0,1.0,2277.0,22650.0,3.0,1.0,1.0,11.0,3.0,3.0,80.0,1.0,7.0,4.0,4.0,4.0,3.0,0.0,3.0,0
45.0,1.0,0.0,0.0,1339.0,0.0,1.0,0.0,7.0,3.0,0.0,0.0,1.0,0.0,0.0,0.0,1.0,86.0,2.0,1.0,59.0,3.0,3.0,0.0,0.0,0.0,0.0,0.0,1.0,0.0,0.0,0.0,1.0,0.0,0.0,1.0,9724.0,18787.0,2.0,1.0,0.0,17.0,3.0,3.0,80.0,1.0,25.0,2.0,3.0,1.0,0.0,0.0,0.0,0
36.0,1.0,0.0,0.0,917.0,0.0,1.0,0.0,6.0,4.0,0.0,0.0,1.0,0.0,0.0,0.0,1.0,1221.0,3.0,1.0,60.0,1.0,1.0,0.0,1.0,0.0,0.0,0.0,0.0,0.0,0.0,0.0,3.0,0.0,0.0,1.0,2741.0,6865.0,1.0,1.0,0.0,14.0,3.0,3.0,80.0,1.0,7.0,4.0,3.0,7.0,7.0,1.0,7.0,0
21.0,1.0,0.0,0.0,1334.0,0.0,1.0,0.0,10.0,3.0,0.0,0.0,1.0,0.0,0.0,0.0,1.0,1079.0,3.0,0.0,36.0,2.0,1.0,0.0,1.0,0.0,0.0,0.0,0.0,0.0,0.0,0.0,1.0,1.0,0.0,0.0,1416.0,17258.0,1.0,1.0,0.0,13.0,3.0,1.0,80.0,0.0,1.0,6.0,2.0,1.0,0.0,1.0,0.0,1
35.0,1.0,0.0,0.0,622.0,0.0,1.0,0.0,14.0,4.0,0.0,0.0,0.0,0.0,0.0,1.0,1.0,1010.0,3.0,1.0,39.0,2.0,1.0,0.0,1.0,0.0,0.0,0.0,0.0,0.0,0.0,0.0,2.0,0.0,0.0,1.0,3743.0,10074.0,1.0,1.0,1.0,24.0,4.0,4.0,80.0,1.0,5.0,2.0,1.0,4.0,2.0,0.0,2.0,1
29.0,1.0,0.0,0.0,1092.0,0.0,1.0,0.0,1.0,4.0,0.0,1.0,0.0,0.0,0.0,0.0,1.0,2027.0,1.0,1.0,36.0,3.0,1.0,0.0,0.0,0.0,0.0,0.0,1.0,0.0,0.0,0.0,4.0,0.0,1.0,0.0,4787.0,26124.0,9.0,1.0,1.0,14.0,3.0,2.0,80.0,3.0,4.0,3.0,4.0,2.0,2.0,2.0,2.0,1
52.0,1.0,0.0,0.0,1325.0,0.0,1.0,0.0,11.0,4.0,0.0,0.0,1.0,0.0,0.0,0.0,1.0,813.0,4.0,0.0,82.0,3.0,2.0,0.0,1.0,0.0,0.0,0.0,0.0,0.0,0.0,0.0,3.0,0.0,1.0,0.0,3149.0,21821.0,8.0,1.0,0.0,20.0,4.0,2.0,80.0,1.0,9.0,3.0,3.0,5.0,2.0,1.0,4.0,0
26.0,1.0,0.0,0.0,482.0,0.0,1.0,0.0,1.0,2.0,0.0,0.0,1.0,0.0,0.0,0.0,1.0,1893.0,2.0,0.0,90.0,2.0,1.0,0.0,0.0,0.0,0.0,0.0,1.0,0.0,0.0,0.0,3.0,0.0,1.0,0.0,2933.0,14908.0,1.0,1.0,1.0,13.0,3.0,3.0,80.0,1.0,1.0,3.0,2.0,1.0,0.0,1.0,0.0,0
31.0,1.0,0.0,0.0,1222.0,0.0,1.0,0.0,11.0,4.0,0.0,0.0,1.0,0.0,0.0,0.0,1.0,895.0,4.0,1.0,48.0,3.0,1.0,0.0,0.0,0.0,0.0,0.0,1.0,0.0,0.0,0.0,4.0,0.0,1.0,0.0,2356.0,14871.0,3.0,1.0,1.0,19.0,3.0,2.0,80.0,1.0,8.0,2.0,3.0,6.0,4.0,0.0,2.0,0
36.0,0.0,1.0,0.0,566.0,0.0,1.0,0.0,18.0,4.0,0.0,0.0,1.0,0.0,0.0,0.0,1.0,407.0,3.0,1.0,81.0,4.0,1.0,0.0,1.0,0.0,0.0,0.0,0.0,0.0,0.0,0.0,4.0,0.0,1.0,0.0,3688.0,7122.0,4.0,1.0,0.0,18.0,3.0,4.0,80.0,2.0,4.0,2.0,3.0,1.0,0.0,0.0,0.0,0
39.0,0.0,1.0,0.0,766.0,1.0,0.0,0.0,20.0,3.0,0.0,0.0,1.0,0.0,0.0,0.0,1.0,1812.0,3.0,1.0,83.0,3.0,2.0,0.0,0.0,1.0,0.0,0.0,0.0,0.0,0.0,0.0,4.0,0.0,0.0,1.0,4127.0,19188.0,2.0,1.0,0.0,18.0,3.0,4.0,80.0,1.0,7.0,6.0,3.0,2.0,1.0,2.0,2.0,0
56.0,0.0,1.0,0.0,906.0,1.0,0.0,0.0,6.0,3.0,0.0,0.0,1.0,0.0,0.0,0.0,1.0,532.0,3.0,0.0,86.0,4.0,4.0,0.0,0.0,1.0,0.0,0.0,0.0,0.0,0.0,0.0,1.0,0.0,1.0,0.0,13212.0,18256.0,9.0,1.0,0.0,11.0,3.0,4.0,80.0,3.0,36.0,0.0,2.0,7.0,7.0,7.0,7.0,0
41.0,1.0,0.0,0.0,1356.0,1.0,0.0,0.0,20.0,2.0,1.0,0.0,0.0,0.0,0.0,0.0,1.0,248.0,2.0,0.0,70.0,3.0,1.0,0.0,0.0,0.0,0.0,0.0,0.0,0.0,0.0,1.0,2.0,1.0,0.0,0.0,3140.0,21728.0,1.0,1.0,1.0,22.0,4.0,4.0,80.0,0.0,4.0,5.0,2.0,4.0,3.0,0.0,2.0,1
41.0,1.0,0.0,0.0,802.0,1.0,0.0,0.0,9.0,1.0,0.0,0.0,1.0,0.0,0.0,0.0,1.0,176.0,3.0,1.0,96.0,3.0,3.0,0.0,0.0,1.0,0.0,0.0,0.0,0.0,0.0,0.0,3.0,0.0,0.0,1.0,8189.0,21196.0,3.0,1.0,1.0,13.0,3.0,3.0,80.0,1.0,12.0,2.0,3.0,9.0,7.0,0.0,7.0,0
41.0,1.0,0.0,0.0,918.0,1.0,0.0,0.0,6.0,3.0,1.0,0.0,0.0,0.0,0.0,0.0,1.0,1708.0,4.0,1.0,35.0,3.0,3.0,0.0,0.0,1.0,0.0,0.0,0.0,0.0,0.0,0.0,3.0,1.0,0.0,0.0,9241.0,15869.0,1.0,1.0,0.0,12.0,3.0,2.0,80.0,0.0,10.0,3.0,3.0,10.0,8.0,8.0,7.0,0
55.0,1.0,0.0,0.0,452.0,0.0,1.0,0.0,1.0,3.0,0.0,1.0,0.0,0.0,0.0,0.0,1.0,374.0,4.0,1.0,81.0,3.0,5.0,1.0,0.0,0.0,0.0,0.0,0.0,0.0,0.0,0.0,1.0,1.0,0.0,0.0,19045.0,18938.0,0.0,1.0,1.0,14.0,3.0,3.0,80.0,0.0,37.0,2.0,3.0,36.0,10.0,4.0,13.0,0
19.0,1.0,0.0,0.0,265.0,0.0,1.0,0.0,25.0,3.0,0.0,0.0,1.0,0.0,0.0,0.0,1.0,1269.0,2.0,0.0,57.0,4.0,1.0,0.0,0.0,0.0,0.0,0.0,1.0,0.0,0.0,0.0,4.0,1.0,0.0,0.0,2994.0,21221.0,1.0,1.0,1.0,12.0,3.0,4.0,80.0,0.0,1.0,2.0,3.0,1.0,0.0,0.0,1.0,0
54.0,0.0,1.0,0.0,966.0,0.0,1.0,0.0,1.0,4.0,0.0,0.0,1.0,0.0,0.0,0.0,1.0,1245.0,4.0,0.0,53.0,3.0,3.0,0.0,0.0,0.0,1.0,0.0,0.0,0.0,0.0,0.0,3.0,0.0,0.0,1.0,10502.0,9659.0,7.0,1.0,0.0,17.0,3.0,1.0,80.0,1.0,33.0,2.0,1.0,5.0,4.0,1.0,4.0,0
34.0,0.0,1.0,0.0,702.0,0.0,1.0,0.0,16.0,4.0,0.0,0.0,1.0,0.0,0.0,0.0,1.0,838.0,3.0,0.0,100.0,2.0,1.0,0.0,0.0,0.0,0.0,0.0,1.0,0.0,0.0,0.0,4.0,1.0,0.0,0.0,2553.0,8306.0,1.0,1.0,0.0,16.0,3.0,3.0,80.0,0.0,6.0,3.0,3.0,5.0,2.0,1.0,3.0,0
29.0,0.0,1.0,0.0,459.0,0.0,1.0,0.0,24.0,2.0,0.0,0.0,1.0,0.0,0.0,0.0,1.0,1868.0,4.0,1.0,73.0,2.0,1.0,0.0,0.0,0.0,0.0,0.0,1.0,0.0,0.0,0.0,4.0,1.0,0.0,0.0,2439.0,14753.0,1.0,1.0,1.0,24.0,4.0,2.0,80.0,0.0,1.0,3.0,2.0,1.0,0.0,1.0,0.0,1
45.0,1.0,0.0,0.0,194.0,0.0,1.0,0.0,9.0,3.0,0.0,0.0,1.0,0.0,0.0,0.0,1.0,206.0,2.0,1.0,60.0,3.0,2.0,0.0,1.0,0.0,0.0,0.0,0.0,0.0,0.0,0.0,2.0,0.0,0.0,1.0,2348.0,10901.0,8.0,1.0,0.0,18.0,3.0,3.0,80.0,1.0,20.0,2.0,1.0,17.0,9.0,0.0,15.0,0
45.0,1.0,0.0,0.0,1457.0,0.0,1.0,0.0,7.0,3.0,0.0,1.0,0.0,0.0,0.0,0.0,1.0,1195.0,1.0,0.0,83.0,3.0,1.0,0.0,0.0,0.0,0.0,0.0,1.0,0.0,0.0,0.0,3.0,0.0,1.0,0.0,4477.0,20100.0,4.0,1.0,1.0,19.0,3.0,3.0,80.0,1.0,7.0,2.0,2.0,3.0,2.0,0.0,2.0,0
40.0,1.0,0.0,0.0,676.0,0.0,1.0,0.0,9.0,4.0,0.0,0.0,1.0,0.0,0.0,0.0,1.0,1534.0,4.0,1.0,86.0,3.0,1.0,0.0,1.0,0.0,0.0,0.0,0.0,0.0,0.0,0.0,1.0,1.0,0.0,0.0,2018.0,21831.0,3.0,1.0,0.0,14.0,3.0,2.0,80.0,0.0,15.0,3.0,1.0,5.0,4.0,1.0,0.0,1
35.0,1.0,0.0,0.0,992.0,0.0,1.0,0.0,1.0,3.0,0.0,1.0,0.0,0.0,0.0,0.0,1.0,1564.0,4.0,1.0,68.0,2.0,1.0,0.0,1.0,0.0,0.0,0.0,0.0,0.0,0.0,0.0,1.0,1.0,0.0,0.0,2450.0,21731.0,1.0,1.0,0.0,19.0,3.0,2.0,80.0,0.0,3.0,3.0,3.0,3.0,0.0,1.0,2.0,0
34.0,0.0,0.0,1.0,697.0,0.0,1.0,0.0,3.0,4.0,0.0,0.0,1.0,0.0,0.0,0.0,1.0,1115.0,3.0,1.0,40.0,2.0,1.0,0.0,0.0,0.0,0.0,0.0,1.0,0.0,0.0,0.0,4.0,0.0,1.0,0.0,2979.0,22478.0,3.0,1.0,0.0,17.0,3.0,4.0,80.0,3.0,6.0,2.0,3.0,0.0,0.0,0.0,0.0,0
33.0,1.0,0.0,0.0,118.0,1.0,0.0,0.0,16.0,3.0,1.0,0.0,0.0,0.0,0.0,0.0,1.0,819.0,1.0,0.0,69.0,3.0,2.0,0.0,0.0,1.0,0.0,0.0,0.0,0.0,0.0,0.0,1.0,1.0,0.0,0.0,5324.0,26507.0,5.0,1.0,0.0,15.0,3.0,3.0,80.0,0.0,6.0,3.0,3.0,3.0,2.0,0.0,2.0,1
33.0,1.0,0.0,0.0,536.0,1.0,0.0,0.0,10.0,5.0,1.0,0.0,0.0,0.0,0.0,0.0,1.0,1268.0,4.0,1.0,82.0,4.0,3.0,0.0,0.0,1.0,0.0,0.0,0.0,0.0,0.0,0.0,3.0,0.0,0.0,1.0,8380.0,21708.0,0.0,1.0,1.0,14.0,3.0,4.0,80.0,2.0,10.0,3.0,3.0,9.0,8.0,0.0,8.0,0
31.0,1.0,0.0,0.0,691.0,0.0,1.0,0.0,5.0,4.0,0.0,0.0,0.0,0.0,1.0,0.0,1.0,423.0,3.0,1.0,86.0,3.0,1.0,0.0,0.0,0.0,0.0,0.0,1.0,0.0,0.0,0.0,4.0,0.0,1.0,0.0,4821.0,10077.0,0.0,1.0,1.0,12.0,3.0,3.0,80.0,1.0,6.0,4.0,3.0,5.0,2.0,0.0,3.0,0
30.0,1.0,0.0,0.0,1358.0,0.0,1.0,0.0,24.0,1.0,0.0,0.0,1.0,0.0,0.0,0.0,1.0,11.0,4.0,1.0,67.0,3.0,1.0,0.0,1.0,0.0,0.0,0.0,0.0,0.0,0.0,0.0,3.0,0.0,0.0,1.0,2693.0,13335.0,1.0,1.0,0.0,22.0,4.0,2.0,80.0,1.0,1.0,2.0,3.0,1.0,0.0,0.0,0.0,0
52.0,0.0,1.0,0.0,322.0,0.0,1.0,0.0,28.0,2.0,0.0,1.0,0.0,0.0,0.0,0.0,1.0,1401.0,4.0,0.0,59.0,4.0,4.0,0.0,0.0,0.0,1.0,0.0,0.0,0.0,0.0,0.0,3.0,0.0,1.0,0.0,13247.0,9731.0,2.0,1.0,1.0,11.0,3.0,2.0,80.0,1.0,24.0,3.0,2.0,5.0,3.0,0.0,2.0,0
46.0,1.0,0.0,0.0,377.0,1.0,0.0,0.0,9.0,3.0,1.0,0.0,0.0,0.0,0.0,0.0,1.0,1457.0,1.0,1.0,52.0,3.0,3.0,0.0,0.0,1.0,0.0,0.0,0.0,0.0,0.0,0.0,4.0,0.0,0.0,1.0,10096.0,15986.0,4.0,1.0,0.0,11.0,3.0,1.0,80.0,1.0,28.0,1.0,4.0,7.0,7.0,4.0,3.0,1
50.0,0.0,1.0,0.0,959.0,1.0,0.0,0.0,1.0,4.0,0.0,0.0,0.0,0.0,0.0,1.0,1.0,1113.0,4.0,1.0,81.0,3.0,2.0,0.0,0.0,1.0,0.0,0.0,0.0,0.0,0.0,0.0,3.0,1.0,0.0,0.0,4728.0,17251.0,3.0,1.0,1.0,14.0,3.0,4.0,80.0,0.0,5.0,4.0,3.0,0.0,0.0,0.0,0.0,1
29.0,1.0,0.0,0.0,1283.0,0.0,1.0,0.0,23.0,3.0,0.0,0.0,1.0,0.0,0.0,0.0,1.0,495.0,4.0,1.0,54.0,3.0,1.0,0.0,0.0,0.0,0.0,0.0,1.0,0.0,0.0,0.0,4.0,1.0,0.0,0.0,2201.0,18168.0,9.0,1.0,0.0,16.0,3.0,4.0,80.0,0.0,6.0,4.0,3.0,3.0,2.0,1.0,2.0,0
57.0,1.0,0.0,0.0,405.0,0.0,1.0,0.0,1.0,2.0,0.0,0.0,1.0,0.0,0.0,0.0,1.0,1483.0,2.0,1.0,93.0,4.0,2.0,0.0,0.0,0.0,0.0,0.0,1.0,0.0,0.0,0.0,3.0,0.0,1.0,0.0,4900.0,2721.0,0.0,1.0,0.0,24.0,4.0,1.0,80.0,1.0,13.0,2.0,2.0,12.0,9.0,2.0,8.0,0
24.0,1.0,0.0,0.0,1476.0,1.0,0.0,0.0,4.0,1.0,0.0,1.0,0.0,0.0,0.0,0.0,1.0,1445.0,4.0,0.0,42.0,3.0,2.0,0.0,0.0,1.0,0.0,0.0,0.0,0.0,0.0,0.0,3.0,0.0,1.0,0.0,4162.0,15211.0,1.0,1.0,1.0,12.0,3.0,3.0,80.0,2.0,5.0,3.0,3.0,5.0,4.0,0.0,3.0,0
46.0,1.0,0.0,0.0,669.0,1.0,0.0,0.0,9.0,2.0,0.0,1.0,0.0,0.0,0.0,0.0,1.0,118.0,3.0,1.0,64.0,2.0,3.0,0.0,0.0,1.0,0.0,0.0,0.0,0.0,0.0,0.0,4.0,1.0,0.0,0.0,9619.0,13596.0,1.0,1.0,0.0,16.0,3.0,4.0,80.0,0.0,9.0,3.0,3.0,9.0,8.0,4.0,7.0,1
31.0,1.0,0.0,0.0,542.0,1.0,0.0,0.0,20.0,3.0,0.0,0.0,1.0,0.0,0.0,0.0,1.0,175.0,2.0,0.0,71.0,1.0,2.0,0.0,0.0,1.0,0.0,0.0,0.0,0.0,0.0,0.0,3.0,0.0,1.0,0.0,4559.0,24788.0,3.0,1.0,1.0,11.0,3.0,3.0,80.0,1.0,4.0,2.0,3.0,2.0,2.0,2.0,2.0,1
49.0,0.0,1.0,0.0,1475.0,0.0,1.0,0.0,28.0,2.0,0.0,0.0,1.0,0.0,0.0,0.0,1.0,1420.0,1.0,1.0,97.0,2.0,2.0,0.0,1.0,0.0,0.0,0.0,0.0,0.0,0.0,0.0,1.0,1.0,0.0,0.0,4284.0,22710.0,3.0,1.0,0.0,20.0,4.0,1.0,80.0,0.0,20.0,2.0,3.0,4.0,3.0,1.0,3.0,1
22.0,0.0,0.0,1.0,457.0,0.0,1.0,0.0,26.0,2.0,0.0,0.0,0.0,0.0,0.0,1.0,1.0,1605.0,2.0,0.0,85.0,2.0,1.0,0.0,0.0,0.0,0.0,0.0,1.0,0.0,0.0,0.0,3.0,0.0,1.0,0.0,2814.0,10293.0,1.0,1.0,1.0,14.0,3.0,2.0,80.0,0.0,4.0,2.0,2.0,4.0,2.0,1.0,3.0,0
26.0,1.0,0.0,0.0,583.0,0.0,1.0,0.0,4.0,2.0,0.0,0.0,1.0,0.0,0.0,0.0,1.0,1275.0,3.0,1.0,53.0,3.0,1.0,0.0,0.0,0.0,0.0,0.0,1.0,0.0,0.0,0.0,4.0,1.0,0.0,0.0,2875.0,9973.0,1.0,1.0,1.0,20.0,4.0,2.0,80.0,0.0,8.0,2.0,2.0,8.0,5.0,2.0,2.0,0
35.0,1.0,0.0,0.0,755.0,0.0,1.0,0.0,9.0,4.0,0.0,0.0,1.0,0.0,0.0,0.0,1.0,496.0,3.0,1.0,97.0,2.0,2.0,0.0,0.0,0.0,0.0,0.0,0.0,0.0,1.0,0.0,2.0,1.0,0.0,0.0,6540.0,19394.0,9.0,1.0,0.0,19.0,3.0,3.0,80.0,0.0,10.0,5.0,3.0,1.0,1.0,0.0,0.0,0
27.0,0.0,1.0,0.0,1410.0,1.0,0.0,0.0,3.0,1.0,0.0,1.0,0.0,0.0,0.0,0.0,1.0,714.0,4.0,0.0,71.0,4.0,2.0,0.0,0.0,1.0,0.0,0.0,0.0,0.0,0.0,0.0,4.0,0.0,0.0,1.0,4647.0,16673.0,1.0,1.0,1.0,20.0,4.0,2.0,80.0,2.0,6.0,3.0,3.0,6.0,5.0,0.0,4.0,0
36.0,1.0,0.0,0.0,1120.0,1.0,0.0,0.0,11.0,4.0,1.0,0.0,0.0,0.0,0.0,0.0,1.0,2045.0,2.0,0.0,100.0,2.0,2.0,0.0,0.0,1.0,0.0,0.0,0.0,0.0,0.0,0.0,4.0,0.0,1.0,0.0,6652.0,14369.0,4.0,1.0,0.0,13.0,3.0,1.0,80.0,1.0,8.0,2.0,2.0,6.0,3.0,0.0,0.0,0
33.0,1.0,0.0,0.0,1198.0,0.0,1.0,0.0,1.0,4.0,0.0,0.0,0.0,0.0,0.0,1.0,1.0,939.0,3.0,1.0,100.0,2.0,1.0,0.0,0.0,0.0,0.0,0.0,1.0,0.0,0.0,0.0,1.0,1.0,0.0,0.0,2799.0,3339.0,3.0,1.0,1.0,11.0,3.0,2.0,80.0,0.0,6.0,1.0,3.0,3.0,2.0,0.0,2.0,0
38.0,1.0,0.0,0.0,243.0,1.0,0.0,0.0,7.0,4.0,1.0,0.0,0.0,0.0,0.0,0.0,1.0,709.0,4.0,0.0,46.0,2.0,2.0,0.0,0.0,1.0,0.0,0.0,0.0,0.0,0.0,0.0,4.0,1.0,0.0,0.0,4028.0,7791.0,0.0,1.0,0.0,20.0,4.0,1.0,80.0,0.0,8.0,2.0,3.0,7.0,7.0,0.0,5.0,0
28.0,1.0,0.0,0.0,1423.0,0.0,1.0,0.0,1.0,3.0,0.0,0.0,1.0,0.0,0.0,0.0,1.0,1506.0,1.0,1.0,72.0,2.0,1.0,0.0,0.0,0.0,0.0,0.0,1.0,0.0,0.0,0.0,3.0,0.0,0.0,1.0,1563.0,12530.0,1.0,1.0,0.0,14.0,3.0,4.0,80.0,1.0,1.0,2.0,1.0,1.0,0.0,0.0,0.0,0
41.0,1.0,0.0,0.0,427.0,0.0,0.0,1.0,10.0,4.0,0.0,0.0,0.0,1.0,0.0,0.0,1.0,731.0,2.0,1.0,73.0,2.0,5.0,1.0,0.0,0.0,0.0,0.0,0.0,0.0,0.0,0.0,4.0,0.0,0.0,1.0,19141.0,8861.0,3.0,1.0,0.0,15.0,3.0,2.0,80.0,3.0,23.0,2.0,2.0,21.0,6.0,12.0,6.0,0
37.0,0.0,1.0,0.0,319.0,1.0,0.0,0.0,4.0,4.0,1.0,0.0,0.0,0.0,0.0,0.0,1.0,311.0,1.0,1.0,41.0,3.0,1.0,0.0,0.0,0.0,0.0,0.0,0.0,0.0,0.0,1.0,4.0,0.0,0.0,1.0,2793.0,2539.0,4.0,1.0,0.0,17.0,3.0,3.0,80.0,1.0,13.0,2.0,3.0,9.0,8.0,5.0,8.0,0
44.0,0.0,0.0,1.0,111.0,0.0,1.0,0.0,17.0,3.0,0.0,0.0,1.0,0.0,0.0,0.0,1.0,1206.0,4.0,1.0,74.0,1.0,1.0,0.0,0.0,0.0,0.0,0.0,1.0,0.0,0.0,0.0,3.0,1.0,0.0,0.0,2290.0,4279.0,2.0,1.0,0.0,13.0,3.0,4.0,80.0,0.0,6.0,3.0,3.0,0.0,0.0,0.0,0.0,0
28.0,0.0,1.0,0.0,467.0,1.0,0.0,0.0,7.0,3.0,0.0,0.0,1.0,0.0,0.0,0.0,1.0,1507.0,3.0,1.0,55.0,3.0,2.0,0.0,0.0,1.0,0.0,0.0,0.0,0.0,0.0,0.0,1.0,1.0,0.0,0.0,4898.0,11827.0,0.0,1.0,0.0,14.0,3.0,4.0,80.0,0.0,5.0,5.0,3.0,4.0,2.0,1.0,3.0,0
29.0,1.0,0.0,0.0,1082.0,0.0,1.0,0.0,9.0,4.0,0.0,1.0,0.0,0.0,0.0,0.0,1.0,1709.0,4.0,0.0,43.0,3.0,1.0,0.0,1.0,0.0,0.0,0.0,0.0,0.0,0.0,0.0,3.0,0.0,1.0,0.0,2974.0,25412.0,9.0,1.0,0.0,17.0,3.0,3.0,80.0,1.0,9.0,2.0,3.0,5.0,3.0,1.0,2.0,0
47.0,0.0,0.0,1.0,543.0,1.0,0.0,0.0,2.0,4.0,1.0,0.0,0.0,0.0,0.0,0.0,1.0,1731.0,3.0,1.0,87.0,3.0,2.0,0.0,0.0,1.0,0.0,0.0,0.0,0.0,0.0,0.0,2.0,0.0,1.0,0.0,4978.0,3536.0,7.0,1.0,0.0,11.0,3.0,4.0,80.0,1.0,4.0,3.0,1.0,1.0,0.0,0.0,0.0,0
34.0,1.0,0.0,0.0,1397.0,0.0,1.0,0.0,1.0,5.0,0.0,0.0,1.0,0.0,0.0,0.0,1.0,683.0,2.0,1.0,42.0,3.0,1.0,0.0,0.0,0.0,0.0,0.0,1.0,0.0,0.0,0.0,4.0,0.0,1.0,0.0,2691.0,7660.0,1.0,1.0,0.0,12.0,3.0,4.0,80.0,1.0,10.0,4.0,2.0,10.0,9.0,8.0,8.0,0
33.0,1.0,0.0,0.0,213.0,0.0,1.0,0.0,7.0,3.0,0.0,1.0,0.0,0.0,0.0,0.0,1.0,817.0,3.0,1.0,49.0,3.0,3.0,0.0,0.0,0.0,0.0,1.0,0.0,0.0,0.0,0.0,3.0,0.0,1.0,0.0,11691.0,25995.0,0.0,1.0,0.0,11.0,3.0,4.0,80.0,0.0,14.0,3.0,4.0,13.0,9.0,3.0,7.0,0
33.0,1.0,0.0,0.0,832.0,0.0,1.0,0.0,5.0,4.0,0.0,0.0,1.0,0.0,0.0,0.0,1.0,338.0,3.0,0.0,63.0,2.0,1.0,0.0,0.0,0.0,0.0,0.0,1.0,0.0,0.0,0.0,4.0,0.0,1.0,0.0,2911.0,14776.0,1.0,1.0,0.0,13.0,3.0,3.0,80.0,1.0,2.0,2.0,2.0,2.0,2.0,0.0,2.0,0
30.0,1.0,0.0,0.0,1092.0,0.0,1.0,0.0,10.0,3.0,0.0,1.0,0.0,0.0,0.0,0.0,1.0,1816.0,1.0,0.0,64.0,3.0,3.0,0.0,0.0,0.0,1.0,0.0,0.0,0.0,0.0,0.0,3.0,1.0,0.0,0.0,9667.0,2739.0,9.0,1.0,0.0,14.0,3.0,2.0,80.0,0.0,9.0,3.0,3.0,7.0,7.0,0.0,2.0,0
35.0,1.0,0.0,0.0,1142.0,0.0,1.0,0.0,23.0,4.0,0.0,1.0,0.0,0.0,0.0,0.0,1.0,75.0,3.0,0.0,30.0,3.0,1.0,0.0,1.0,0.0,0.0,0.0,0.0,0.0,0.0,0.0,1.0,0.0,1.0,0.0,4014.0,16002.0,3.0,1.0,1.0,15.0,3.0,3.0,80.0,1.0,4.0,3.0,3.0,2.0,2.0,2.0,2.0,0
36.0,0.0,1.0,0.0,1480.0,0.0,1.0,0.0,3.0,2.0,0.0,1.0,0.0,0.0,0.0,0.0,1.0,238.0,4.0,1.0,30.0,3.0,1.0,0.0,1.0,0.0,0.0,0.0,0.0,0.0,0.0,0.0,2.0,1.0,0.0,0.0,2088.0,15062.0,4.0,1.0,0.0,12.0,3.0,3.0,80.0,0.0,13.0,3.0,2.0,8.0,7.0,7.0,2.0,0
33.0,0.0,0.0,1.0,1283.0,1.0,0.0,0.0,2.0,3.0,1.0,0.0,0.0,0.0,0.0,0.0,1.0,1756.0,4.0,0.0,62.0,3.0,2.0,0.0,0.0,1.0,0.0,0.0,0.0,0.0,0.0,0.0,2.0,1.0,0.0,0.0,5147.0,10697.0,8.0,1.0,0.0,15.0,3.0,4.0,80.0,0.0,13.0,2.0,2.0,11.0,7.0,1.0,7.0,0
50.0,1.0,0.0,0.0,797.0,0.0,1.0,0.0,4.0,1.0,0.0,0.0,1.0,0.0,0.0,0.0,1.0,385.0,1.0,1.0,96.0,3.0,5.0,0.0,0.0,0.0,0.0,1.0,0.0,0.0,0.0,0.0,2.0,0.0,0.0,1.0,19144.0,15815.0,3.0,1.0,0.0,14.0,3.0,1.0,80.0,2.0,28.0,4.0,2.0,10.0,4.0,1.0,6.0,0
37.0,1.0,0.0,0.0,367.0,0.0,1.0,0.0,25.0,2.0,0.0,1.0,0.0,0.0,0.0,0.0,1.0,1161.0,3.0,0.0,52.0,2.0,2.0,0.0,0.0,0.0,0.0,0.0,0.0,0.0,1.0,0.0,4.0,0.0,0.0,1.0,5731.0,17171.0,7.0,1.0,0.0,13.0,3.0,3.0,80.0,2.0,9.0,2.0,3.0,6.0,2.0,1.0,3.0,0
37.0,0.0,1.0,0.0,504.0,0.0,1.0,0.0,10.0,3.0,0.0,1.0,0.0,0.0,0.0,0.0,1.0,342.0,1.0,1.0,61.0,3.0,3.0,0.0,0.0,0.0,1.0,0.0,0.0,0.0,0.0,0.0,3.0,0.0,0.0,1.0,10048.0,22573.0,6.0,1.0,0.0,11.0,3.0,2.0,80.0,2.0,17.0,5.0,3.0,1.0,0.0,0.0,0.0,1
36.0,1.0,0.0,0.0,1157.0,1.0,0.0,0.0,2.0,4.0,0.0,0.0,1.0,0.0,0.0,0.0,1.0,1556.0,3.0,1.0,70.0,3.0,1.0,0.0,0.0,0.0,0.0,0.0,0.0,0.0,0.0,1.0,4.0,1.0,0.0,0.0,2644.0,17001.0,3.0,1.0,1.0,21.0,4.0,4.0,80.0,0.0,7.0,3.0,2.0,3.0,2.0,1.0,2.0,0
53.0,1.0,0.0,0.0,1282.0,0.0,1.0,0.0,5.0,3.0,0.0,0.0,0.0,0.0,0.0,1.0,1.0,32.0,3.0,0.0,58.0,3.0,5.0,1.0,0.0,0.0,0.0,0.0,0.0,0.0,0.0,0.0,3.0,0.0,0.0,1.0,19094.0,10735.0,4.0,1.0,0.0,11.0,3.0,4.0,80.0,1.0,26.0,3.0,2.0,14.0,13.0,4.0,8.0,0
39.0,0.0,1.0,0.0,672.0,0.0,1.0,0.0,7.0,2.0,0.0,1.0,0.0,0.0,0.0,0.0,1.0,444.0,3.0,1.0,54.0,2.0,5.0,1.0,0.0,0.0,0.0,0.0,0.0,0.0,0.0,0.0,4.0,0.0,1.0,0.0,19272.0,21141.0,1.0,1.0,0.0,15.0,3.0,1.0,80.0,1.0,21.0,2.0,3.0,21.0,9.0,13.0,3.0,0
27.0,0.0,1.0,0.0,1297.0,0.0,1.0,0.0,5.0,2.0,0.0,0.0,1.0,0.0,0.0,0.0,1.0,1850.0,4.0,0.0,53.0,3.0,1.0,0.0,1.0,0.0,0.0,0.0,0.0,0.0,0.0,0.0,4.0,1.0,0.0,0.0,2379.0,19826.0,0.0,1.0,1.0,14.0,3.0,3.0,80.0,0.0,6.0,3.0,2.0,5.0,4.0,0.0,2.0,0
38.0,0.0,1.0,0.0,693.0,0.0,1.0,0.0,7.0,3.0,0.0,0.0,1.0,0.0,0.0,0.0,1.0,1382.0,4.0,1.0,57.0,4.0,1.0,0.0,0.0,0.0,0.0,0.0,1.0,0.0,0.0,0.0,3.0,0.0,0.0,1.0,2610.0,15748.0,1.0,1.0,0.0,11.0,3.0,4.0,80.0,3.0,4.0,2.0,3.0,4.0,2.0,0.0,3.0,0
35.0,0.0,1.0,0.0,853.0,1.0,0.0,0.0,18.0,5.0,0.0,0.0,1.0,0.0,0.0,0.0,1.0,74.0,2.0,1.0,71.0,3.0,3.0,0.0,0.0,1.0,0.0,0.0,0.0,0.0,0.0,0.0,1.0,0.0,1.0,0.0,9069.0,11031.0,1.0,1.0,0.0,22.0,4.0,4.0,80.0,1.0,9.0,3.0,2.0,9.0,8.0,1.0,8.0,0
27.0,0.0,0.0,1.0,443.0,0.0,1.0,0.0,3.0,3.0,0.0,1.0,0.0,0.0,0.0,0.0,1.0,850.0,4.0,1.0,50.0,3.0,1.0,0.0,0.0,0.0,0.0,0.0,1.0,0.0,0.0,0.0,4.0,0.0,1.0,0.0,1706.0,16571.0,1.0,1.0,0.0,11.0,3.0,3.0,80.0,3.0,0.0,6.0,2.0,0.0,0.0,0.0,0.0,0
31.0,0.0,0.0,1.0,979.0,0.0,1.0,0.0,1.0,4.0,0.0,1.0,0.0,0.0,0.0,0.0,1.0,308.0,3.0,1.0,90.0,1.0,2.0,0.0,0.0,0.0,1.0,0.0,0.0,0.0,0.0,0.0,3.0,0.0,1.0,0.0,4345.0,4381.0,0.0,1.0,0.0,12.0,3.0,4.0,80.0,1.0,6.0,2.0,3.0,5.0,4.0,1.0,4.0,0
53.0,1.0,0.0,0.0,868.0,1.0,0.0,0.0,8.0,3.0,1.0,0.0,0.0,0.0,0.0,0.0,1.0,897.0,1.0,1.0,73.0,3.0,4.0,0.0,0.0,1.0,0.0,0.0,0.0,0.0,0.0,0.0,4.0,0.0,1.0,0.0,11836.0,22789.0,5.0,1.0,0.0,14.0,3.0,3.0,80.0,1.0,28.0,3.0,3.0,2.0,0.0,2.0,2.0,0
30.0,0.0,1.0,0.0,721.0,0.0,1.0,0.0,1.0,2.0,0.0,1.0,0.0,0.0,0.0,0.0,1.0,57.0,3.0,0.0,58.0,3.0,2.0,0.0,1.0,0.0,0.0,0.0,0.0,0.0,0.0,0.0,4.0,1.0,0.0,0.0,4011.0,10781.0,1.0,1.0,0.0,23.0,4.0,4.0,80.0,0.0,12.0,2.0,3.0,12.0,8.0,3.0,7.0,0
26.0,1.0,0.0,0.0,1330.0,0.0,1.0,0.0,21.0,3.0,0.0,1.0,0.0,0.0,0.0,0.0,1.0,1107.0,1.0,1.0,37.0,3.0,1.0,0.0,1.0,0.0,0.0,0.0,0.0,0.0,0.0,0.0,3.0,0.0,0.0,1.0,2377.0,19373.0,1.0,1.0,0.0,20.0,4.0,3.0,80.0,1.0,1.0,0.0,2.0,1.0,1.0,0.0,0.0,1
45.0,1.0,0.0,0.0,549.0,0.0,1.0,0.0,8.0,4.0,0.0,0.0,0.0,0.0,0.0,1.0,1.0,452.0,4.0,1.0,75.0,3.0,2.0,0.0,0.0,0.0,0.0,0.0,1.0,0.0,0.0,0.0,4.0,0.0,1.0,0.0,3697.0,9278.0,9.0,1.0,0.0,14.0,3.0,1.0,80.0,2.0,12.0,3.0,3.0,10.0,9.0,9.0,8.0,0
35.0,0.0,1.0,0.0,1182.0,1.0,0.0,0.0,11.0,2.0,1.0,0.0,0.0,0.0,0.0,0.0,1.0,1137.0,4.0,1.0,54.0,3.0,2.0,0.0,0.0,1.0,0.0,0.0,0.0,0.0,0.0,0.0,4.0,0.0,0.0,1.0,4968.0,18500.0,1.0,1.0,0.0,11.0,3.0,4.0,80.0,1.0,5.0,3.0,3.0,5.0,2.0,0.0,2.0,0
43.0,1.0,0.0,0.0,1473.0,0.0,1.0,0.0,8.0,4.0,0.0,0.0,0.0,0.0,0.0,1.0,1.0,526.0,3.0,0.0,74.0,3.0,2.0,0.0,0.0,0.0,0.0,0.0,0.0,0.0,1.0,0.0,3.0,0.0,0.0,1.0,4522.0,2227.0,4.0,1.0,1.0,14.0,3.0,4.0,80.0,0.0,8.0,3.0,3.0,5.0,2.0,0.0,2.0,0
34.0,1.0,0.0,0.0,1354.0,0.0,1.0,0.0,5.0,3.0,0.0,1.0,0.0,0.0,0.0,0.0,1.0,153.0,3.0,0.0,45.0,2.0,3.0,1.0,0.0,0.0,0.0,0.0,0.0,0.0,0.0,0.0,1.0,1.0,0.0,0.0,11631.0,5615.0,2.0,1.0,0.0,12.0,3.0,4.0,80.0,0.0,14.0,6.0,3.0,11.0,10.0,5.0,8.0,0
35.0,1.0,0.0,0.0,1232.0,1.0,0.0,0.0,16.0,3.0,1.0,0.0,0.0,0.0,0.0,0.0,1.0,406.0,3.0,1.0,96.0,3.0,3.0,0.0,0.0,1.0,0.0,0.0,0.0,0.0,0.0,0.0,2.0,0.0,1.0,0.0,8020.0,5100.0,0.0,1.0,0.0,15.0,3.0,3.0,80.0,2.0,12.0,3.0,2.0,11.0,9.0,6.0,9.0,0
43.0,1.0,0.0,0.0,1001.0,0.0,1.0,0.0,7.0,3.0,0.0,0.0,1.0,0.0,0.0,0.0,1.0,451.0,3.0,0.0,43.0,3.0,3.0,0.0,0.0,0.0,0.0,0.0,0.0,0.0,1.0,0.0,1.0,0.0,1.0,0.0,9985.0,9262.0,8.0,1.0,0.0,16.0,3.0,1.0,80.0,1.0,10.0,1.0,2.0,1.0,0.0,0.0,0.0,0
46.0,1.0,0.0,0.0,1125.0,1.0,0.0,0.0,10.0,3.0,1.0,0.0,0.0,0.0,0.0,0.0,1.0,580.0,3.0,0.0,94.0,2.0,3.0,0.0,0.0,1.0,0.0,0.0,0.0,0.0,0.0,0.0,4.0,0.0,1.0,0.0,9071.0,11563.0,2.0,1.0,1.0,19.0,3.0,3.0,80.0,1.0,15.0,3.0,3.0,3.0,2.0,1.0,2.0,0
49.0,0.0,1.0,0.0,1023.0,1.0,0.0,0.0,2.0,3.0,0.0,1.0,0.0,0.0,0.0,0.0,1.0,2065.0,4.0,1.0,63.0,2.0,2.0,0.0,0.0,1.0,0.0,0.0,0.0,0.0,0.0,0.0,2.0,0.0,1.0,0.0,5390.0,13243.0,2.0,1.0,0.0,14.0,3.0,4.0,80.0,0.0,17.0,3.0,2.0,9.0,6.0,0.0,8.0,0
29.0,1.0,0.0,0.0,726.0,0.0,1.0,0.0,29.0,1.0,0.0,0.0,1.0,0.0,0.0,0.0,1.0,1859.0,4.0,1.0,93.0,1.0,2.0,0.0,0.0,0.0,0.0,0.0,0.0,0.0,1.0,0.0,3.0,0.0,0.0,1.0,6384.0,21143.0,8.0,1.0,0.0,17.0,3.0,4.0,80.0,2.0,11.0,3.0,3.0,7.0,0.0,1.0,6.0,0
21.0,1.0,0.0,0.0,1427.0,0.0,1.0,0.0,18.0,1.0,0.0,0.0,0.0,0.0,0.0,1.0,1.0,923.0,4.0,0.0,65.0,3.0,1.0,0.0,0.0,0.0,0.0,0.0,1.0,0.0,0.0,0.0,4.0,1.0,0.0,0.0,2693.0,8870.0,1.0,1.0,0.0,19.0,3.0,1.0,80.0,0.0,1.0,3.0,2.0,1.0,0.0,0.0,0.0,1
27.0,0.0,1.0,0.0,472.0,0.0,1.0,0.0,1.0,1.0,0.0,0.0,0.0,0.0,1.0,0.0,1.0,274.0,3.0,1.0,60.0,2.0,2.0,0.0,0.0,0.0,1.0,0.0,0.0,0.0,0.0,0.0,1.0,0.0,1.0,0.0,4298.0,9679.0,5.0,1.0,0.0,19.0,3.0,3.0,80.0,1.0,6.0,1.0,3.0,2.0,2.0,2.0,0.0,0
42.0,0.0,1.0,0.0,532.0,0.0,1.0,0.0,29.0,2.0,0.0,0.0,1.0,0.0,0.0,0.0,1.0,547.0,1.0,0.0,92.0,3.0,2.0,0.0,0.0,0.0,0.0,0.0,1.0,0.0,0.0,0.0,3.0,0.0,0.0,1.0,4556.0,12932.0,2.0,1.0,0.0,11.0,3.0,2.0,80.0,1.0,19.0,3.0,3.0,5.0,4.0,0.0,2.0,0
37.0,1.0,0.0,0.0,408.0,0.0,1.0,0.0,19.0,2.0,0.0,0.0,1.0,0.0,0.0,0.0,1.0,61.0,2.0,1.0,73.0,3.0,1.0,0.0,0.0,0.0,0.0,0.0,1.0,0.0,0.0,0.0,2.0,0.0,1.0,0.0,3022.0,10227.0,4.0,1.0,0.0,21.0,4.0,1.0,80.0,0.0,8.0,1.0,3.0,1.0,0.0,0.0,0.0,0
39.0,0.0,0.0,1.0,439.0,0.0,1.0,0.0,9.0,3.0,0.0,0.0,1.0,0.0,0.0,0.0,1.0,1132.0,3.0,1.0,70.0,3.0,2.0,0.0,1.0,0.0,0.0,0.0,0.0,0.0,0.0,0.0,2.0,1.0,0.0,0.0,6782.0,8770.0,9.0,1.0,0.0,15.0,3.0,3.0,80.0,0.0,9.0,2.0,2.0,5.0,4.0,0.0,3.0,0
40.0,1.0,0.0,0.0,302.0,0.0,1.0,0.0,6.0,3.0,0.0,0.0,1.0,0.0,0.0,0.0,1.0,601.0,2.0,0.0,75.0,3.0,4.0,0.0,0.0,0.0,1.0,0.0,0.0,0.0,0.0,0.0,3.0,1.0,0.0,0.0,13237.0,20364.0,7.0,1.0,0.0,15.0,3.0,3.0,80.0,0.0,22.0,3.0,3.0,20.0,6.0,5.0,13.0,0
31.0,1.0,0.0,0.0,154.0,1.0,0.0,0.0,7.0,4.0,0.0,0.0,1.0,0.0,0.0,0.0,1.0,941.0,2.0,1.0,41.0,2.0,1.0,0.0,0.0,0.0,0.0,0.0,0.0,0.0,0.0,1.0,3.0,0.0,1.0,0.0,2329.0,11737.0,3.0,1.0,0.0,15.0,3.0,2.0,80.0,0.0,13.0,2.0,4.0,7.0,7.0,5.0,2.0,0
44.0,1.0,0.0,0.0,1117.0,0.0,1.0,0.0,2.0,1.0,0.0,0.0,1.0,0.0,0.0,0.0,1.0,1246.0,1.0,0.0,72.0,4.0,1.0,0.0,0.0,0.0,0.0,0.0,1.0,0.0,0.0,0.0,4.0,0.0,1.0,0.0,2011.0,19982.0,1.0,1.0,0.0,13.0,3.0,4.0,80.0,1.0,10.0,5.0,3.0,10.0,5.0,7.0,7.0,0
29.0,1.0,0.0,0.0,718.0,0.0,1.0,0.0,8.0,1.0,0.0,1.0,0.0,0.0,0.0,0.0,1.0,1150.0,2.0,1.0,79.0,2.0,2.0,0.0,0.0,0.0,1.0,0.0,0.0,0.0,0.0,0.0,4.0,0.0,1.0,0.0,5056.0,17689.0,1.0,1.0,1.0,15.0,3.0,3.0,80.0,1.0,10.0,2.0,2.0,10.0,7.0,1.0,2.0,0
30.0,1.0,0.0,0.0,921.0,0.0,1.0,0.0,1.0,3.0,0.0,0.0,1.0,0.0,0.0,0.0,1.0,806.0,4.0,1.0,38.0,1.0,1.0,0.0,1.0,0.0,0.0,0.0,0.0,0.0,0.0,0.0,3.0,0.0,1.0,0.0,3833.0,24375.0,3.0,1.0,0.0,21.0,4.0,3.0,80.0,2.0,7.0,2.0,3.0,2.0,2.0,0.0,2.0,0
35.0,1.0,0.0,0.0,1017.0,0.0,1.0,0.0,6.0,4.0,0.0,0.0,1.0,0.0,0.0,0.0,1.0,691.0,2.0,1.0,82.0,1.0,2.0,0.0,0.0,0.0,0.0,0.0,1.0,0.0,0.0,0.0,4.0,1.0,0.0,0.0,6646.0,19368.0,1.0,1.0,0.0,13.0,3.0,2.0,80.0,0.0,17.0,3.0,3.0,17.0,11.0,11.0,8.0,0
31.0,0.0,1.0,0.0,1327.0,0.0,1.0,0.0,3.0,4.0,0.0,1.0,0.0,0.0,0.0,0.0,1.0,337.0,2.0,1.0,73.0,3.0,3.0,0.0,0.0,0.0,0.0,1.0,0.0,0.0,0.0,0.0,3.0,0.0,0.0,1.0,13675.0,13523.0,9.0,1.0,0.0,12.0,3.0,1.0,80.0,1.0,9.0,3.0,3.0,2.0,2.0,2.0,2.0,0
36.0,0.0,1.0,0.0,688.0,0.0,1.0,0.0,4.0,2.0,0.0,0.0,1.0,0.0,0.0,0.0,1.0,2025.0,4.0,0.0,97.0,3.0,2.0,0.0,0.0,0.0,1.0,0.0,0.0,0.0,0.0,0.0,2.0,0.0,0.0,1.0,5131.0,9192.0,7.0,1.0,0.0,13.0,3.0,2.0,80.0,3.0,18.0,3.0,3.0,4.0,2.0,0.0,2.0,0
36.0,1.0,0.0,0.0,1396.0,0.0,1.0,0.0,5.0,2.0,0.0,0.0,1.0,0.0,0.0,0.0,1.0,304.0,4.0,1.0,62.0,3.0,2.0,0.0,1.0,0.0,0.0,0.0,0.0,0.0,0.0,0.0,2.0,1.0,0.0,0.0,5914.0,9945.0,8.0,1.0,0.0,16.0,3.0,4.0,80.0,0.0,16.0,3.0,4.0,13.0,11.0,3.0,7.0,0
47.0,1.0,0.0,0.0,703.0,1.0,0.0,0.0,14.0,4.0,1.0,0.0,0.0,0.0,0.0,0.0,1.0,728.0,4.0,1.0,42.0,3.0,2.0,0.0,0.0,1.0,0.0,0.0,0.0,0.0,0.0,0.0,1.0,1.0,0.0,0.0,4960.0,11825.0,2.0,1.0,0.0,12.0,3.0,4.0,80.0,0.0,20.0,2.0,3.0,7.0,7.0,1.0,7.0,0
39.0,1.0,0.0,0.0,1387.0,0.0,1.0,0.0,10.0,5.0,0.0,1.0,0.0,0.0,0.0,0.0,1.0,1618.0,2.0,1.0,76.0,3.0,2.0,0.0,0.0,0.0,1.0,0.0,0.0,0.0,0.0,0.0,1.0,0.0,1.0,0.0,5377.0,3835.0,2.0,1.0,0.0,13.0,3.0,4.0,80.0,3.0,10.0,3.0,3.0,7.0,7.0,7.0,7.0,0
38.0,1.0,0.0,0.0,330.0,0.0,1.0,0.0,17.0,1.0,0.0,0.0,1.0,0.0,0.0,0.0,1.0,1088.0,3.0,0.0,65.0,2.0,3.0,0.0,0.0,0.0,0.0,0.0,0.0,0.0,1.0,0.0,3.0,0.0,1.0,0.0,8823.0,24608.0,0.0,1.0,0.0,18.0,3.0,1.0,80.0,1.0,20.0,4.0,2.0,19.0,9.0,1.0,9.0,0
25.0,1.0,0.0,0.0,266.0,0.0,1.0,0.0,1.0,3.0,0.0,1.0,0.0,0.0,0.0,0.0,1.0,1303.0,4.0,0.0,40.0,3.0,1.0,0.0,0.0,0.0,0.0,0.0,1.0,0.0,0.0,0.0,2.0,1.0,0.0,0.0,2096.0,18830.0,1.0,1.0,0.0,18.0,3.0,4.0,80.0,0.0,2.0,3.0,2.0,2.0,2.0,2.0,1.0,0
41.0,1.0,0.0,0.0,509.0,0.0,1.0,0.0,7.0,2.0,0.0,0.0,0.0,0.0,1.0,0.0,1.0,1085.0,2.0,0.0,43.0,4.0,1.0,0.0,0.0,0.0,0.0,0.0,1.0,0.0,0.0,0.0,3.0,0.0,1.0,0.0,3376.0,18863.0,1.0,1.0,0.0,13.0,3.0,3.0,80.0,0.0,10.0,3.0,3.0,10.0,6.0,0.0,8.0,0
29.0,1.0,0.0,0.0,991.0,1.0,0.0,0.0,5.0,3.0,0.0,1.0,0.0,0.0,0.0,0.0,1.0,1669.0,1.0,1.0,43.0,2.0,2.0,0.0,0.0,1.0,0.0,0.0,0.0,0.0,0.0,0.0,2.0,0.0,0.0,1.0,4187.0,3356.0,1.0,1.0,1.0,13.0,3.0,2.0,80.0,1.0,10.0,3.0,2.0,10.0,0.0,0.0,9.0,0
20.0,1.0,0.0,0.0,959.0,0.0,1.0,0.0,1.0,3.0,0.0,0.0,1.0,0.0,0.0,0.0,1.0,657.0,4.0,0.0,83.0,2.0,1.0,0.0,0.0,0.0,0.0,0.0,1.0,0.0,0.0,0.0,2.0,1.0,0.0,0.0,2836.0,11757.0,1.0,1.0,0.0,13.0,3.0,4.0,80.0,0.0,1.0,0.0,4.0,1.0,0.0,0.0,0.0,0
32.0,0.0,1.0,0.0,1316.0,0.0,1.0,0.0,2.0,2.0,0.0,0.0,1.0,0.0,0.0,0.0,1.0,1235.0,4.0,0.0,38.0,3.0,2.0,0.0,0.0,0.0,0.0,0.0,1.0,0.0,0.0,0.0,3.0,1.0,0.0,0.0,4998.0,2338.0,4.0,1.0,1.0,14.0,3.0,4.0,80.0,0.0,10.0,2.0,3.0,8.0,7.0,0.0,7.0,0
29.0,1.0,0.0,0.0,1370.0,0.0,1.0,0.0,3.0,1.0,0.0,1.0,0.0,0.0,0.0,0.0,1.0,1586.0,2.0,1.0,87.0,3.0,1.0,0.0,1.0,0.0,0.0,0.0,0.0,0.0,0.0,0.0,1.0,1.0,0.0,0.0,4723.0,16213.0,1.0,1.0,1.0,18.0,3.0,4.0,80.0,0.0,10.0,3.0,3.0,10.0,9.0,1.0,5.0,0
40.0,1.0,0.0,0.0,1322.0,0.0,1.0,0.0,2.0,4.0,0.0,0.0,1.0,0.0,0.0,0.0,1.0,2048.0,3.0,1.0,52.0,2.0,1.0,0.0,0.0,0.0,0.0,0.0,1.0,0.0,0.0,0.0,3.0,1.0,0.0,0.0,2809.0,2725.0,2.0,1.0,0.0,14.0,3.0,4.0,80.0,0.0,8.0,2.0,3.0,2.0,2.0,2.0,2.0,0
36.0,0.0,0.0,1.0,1229.0,1.0,0.0,0.0,8.0,4.0,0.0,0.0,0.0,0.0,1.0,0.0,1.0,990.0,1.0,1.0,84.0,3.0,2.0,0.0,0.0,1.0,0.0,0.0,0.0,0.0,0.0,0.0,4.0,0.0,0.0,1.0,5079.0,25952.0,4.0,1.0,0.0,13.0,3.0,4.0,80.0,2.0,12.0,3.0,3.0,7.0,7.0,0.0,7.0,0
41.0,1.0,0.0,0.0,1085.0,0.0,1.0,0.0,2.0,4.0,0.0,0.0,1.0,0.0,0.0,0.0,1.0,927.0,2.0,0.0,57.0,1.0,1.0,0.0,1.0,0.0,0.0,0.0,0.0,0.0,0.0,0.0,4.0,0.0,0.0,1.0,2778.0,17725.0,4.0,1.0,1.0,13.0,3.0,3.0,80.0,1.0,10.0,1.0,2.0,7.0,7.0,1.0,0.0,1
23.0,1.0,0.0,0.0,310.0,0.0,1.0,0.0,10.0,1.0,0.0,1.0,0.0,0.0,0.0,0.0,1.0,784.0,1.0,1.0,79.0,4.0,1.0,0.0,0.0,0.0,0.0,0.0,1.0,0.0,0.0,0.0,3.0,1.0,0.0,0.0,3505.0,19630.0,1.0,1.0,0.0,18.0,3.0,4.0,80.0,0.0,2.0,3.0,3.0,2.0,2.0,0.0,2.0,0
41.0,1.0,0.0,0.0,896.0,1.0,0.0,0.0,6.0,3.0,0.0,0.0,1.0,0.0,0.0,0.0,1.0,298.0,4.0,0.0,75.0,3.0,3.0,1.0,0.0,0.0,0.0,0.0,0.0,0.0,0.0,0.0,4.0,1.0,0.0,0.0,13591.0,14674.0,3.0,1.0,1.0,18.0,3.0,3.0,80.0,0.0,16.0,3.0,3.0,1.0,0.0,0.0,0.0,0
26.0,0.0,1.0,0.0,496.0,0.0,1.0,0.0,11.0,2.0,0.0,1.0,0.0,0.0,0.0,0.0,1.0,390.0,1.0,1.0,60.0,3.0,2.0,0.0,0.0,0.0,0.0,0.0,0.0,0.0,1.0,0.0,1.0,0.0,1.0,0.0,4741.0,22722.0,1.0,1.0,1.0,13.0,3.0,3.0,80.0,1.0,5.0,3.0,3.0,5.0,3.0,3.0,3.0,0
38.0,1.0,0.0,0.0,1035.0,1.0,0.0,0.0,3.0,4.0,0.0,0.0,1.0,0.0,0.0,0.0,1.0,1036.0,2.0,1.0,42.0,3.0,2.0,0.0,0.0,1.0,0.0,0.0,0.0,0.0,0.0,0.0,4.0,1.0,0.0,0.0,6861.0,4981.0,8.0,1.0,1.0,12.0,3.0,3.0,80.0,0.0,19.0,1.0,3.0,1.0,0.0,0.0,0.0,0
55.0,1.0,0.0,0.0,836.0,0.0,1.0,0.0,8.0,3.0,0.0,1.0,0.0,0.0,0.0,0.0,1.0,84.0,4.0,0.0,33.0,3.0,4.0,1.0,0.0,0.0,0.0,0.0,0.0,0.0,0.0,0.0,3.0,0.0,0.0,1.0,14756.0,19730.0,2.0,1.0,1.0,14.0,3.0,3.0,80.0,3.0,21.0,2.0,3.0,5.0,0.0,0.0,2.0,0
23.0,1.0,0.0,0.0,427.0,1.0,0.0,0.0,7.0,3.0,0.0,0.0,1.0,0.0,0.0,0.0,1.0,1702.0,3.0,1.0,99.0,3.0,1.0,0.0,0.0,0.0,0.0,0.0,0.0,0.0,0.0,1.0,4.0,0.0,0.0,1.0,2275.0,25103.0,1.0,1.0,1.0,21.0,4.0,2.0,80.0,1.0,3.0,2.0,3.0,3.0,2.0,0.0,2.0,1
43.0,0.0,0.0,1.0,343.0,0.0,1.0,0.0,9.0,3.0,0.0,0.0,1.0,0.0,0.0,0.0,1.0,1813.0,1.0,1.0,52.0,3.0,1.0,0.0,0.0,0.0,0.0,0.0,1.0,0.0,0.0,0.0,3.0,1.0,0.0,0.0,2438.0,24978.0,4.0,1.0,0.0,13.0,3.0,3.0,80.0,0.0,7.0,2.0,2.0,3.0,2.0,1.0,2.0,0
39.0,1.0,0.0,0.0,116.0,0.0,1.0,0.0,24.0,1.0,0.0,0.0,1.0,0.0,0.0,0.0,1.0,2014.0,1.0,1.0,52.0,3.0,2.0,0.0,0.0,0.0,0.0,0.0,1.0,0.0,0.0,0.0,4.0,1.0,0.0,0.0,4108.0,5340.0,7.0,1.0,0.0,13.0,3.0,1.0,80.0,0.0,18.0,2.0,3.0,7.0,7.0,1.0,7.0,0
40.0,0.0,1.0,0.0,530.0,0.0,1.0,0.0,1.0,4.0,0.0,0.0,1.0,0.0,0.0,0.0,1.0,119.0,3.0,1.0,78.0,2.0,4.0,0.0,0.0,0.0,0.0,0.0,0.0,0.0,1.0,0.0,2.0,0.0,1.0,0.0,13503.0,14115.0,1.0,1.0,0.0,22.0,4.0,4.0,80.0,1.0,22.0,3.0,2.0,22.0,3.0,11.0,11.0,0
43.0,0.0,1.0,0.0,394.0,1.0,0.0,0.0,26.0,2.0,0.0,0.0,1.0,0.0,0.0,0.0,1.0,158.0,3.0,1.0,92.0,3.0,4.0,1.0,0.0,0.0,0.0,0.0,0.0,0.0,0.0,0.0,4.0,0.0,1.0,0.0,16959.0,19494.0,1.0,1.0,1.0,12.0,3.0,4.0,80.0,2.0,25.0,3.0,4.0,25.0,12.0,4.0,12.0,0
34.0,0.0,1.0,0.0,829.0,0.0,1.0,0.0,15.0,3.0,0.0,1.0,0.0,0.0,0.0,0.0,1.0,1485.0,2.0,1.0,71.0,3.0,4.0,0.0,0.0,0.0,0.0,1.0,0.0,0.0,0.0,0.0,1.0,0.0,0.0,1.0,17007.0,11929.0,7.0,1.0,0.0,14.0,3.0,4.0,80.0,2.0,16.0,3.0,2.0,14.0,8.0,6.0,9.0,0
34.0,1.0,0.0,0.0,419.0,0.0,1.0,0.0,7.0,4.0,0.0,0.0,1.0,0.0,0.0,0.0,1.0,28.0,1.0,0.0,53.0,3.0,3.0,0.0,0.0,0.0,0.0,1.0,0.0,0.0,0.0,0.0,2.0,1.0,0.0,0.0,11994.0,21293.0,0.0,1.0,0.0,11.0,3.0,3.0,80.0,0.0,13.0,4.0,3.0,12.0,6.0,2.0,11.0,0
25.0,0.0,1.0,0.0,772.0,0.0,1.0,0.0,2.0,1.0,0.0,0.0,1.0,0.0,0.0,0.0,1.0,1653.0,4.0,1.0,77.0,4.0,2.0,0.0,0.0,0.0,1.0,0.0,0.0,0.0,0.0,0.0,3.0,0.0,0.0,1.0,5206.0,4973.0,1.0,1.0,0.0,17.0,3.0,3.0,80.0,2.0,7.0,6.0,3.0,7.0,7.0,0.0,7.0,0
41.0,1.0,0.0,0.0,1411.0,0.0,1.0,0.0,19.0,2.0,0.0,0.0,1.0,0.0,0.0,0.0,1.0,334.0,3.0,1.0,36.0,3.0,2.0,0.0,0.0,0.0,0.0,0.0,1.0,0.0,0.0,0.0,1.0,0.0,0.0,1.0,3072.0,19877.0,2.0,1.0,0.0,16.0,3.0,1.0,80.0,2.0,17.0,2.0,2.0,1.0,0.0,0.0,0.0,0
54.0,1.0,0.0,0.0,397.0,0.0,0.0,1.0,19.0,4.0,0.0,1.0,0.0,0.0,0.0,0.0,1.0,698.0,3.0,1.0,88.0,3.0,3.0,0.0,0.0,0.0,0.0,0.0,0.0,1.0,0.0,0.0,2.0,0.0,1.0,0.0,10725.0,6729.0,2.0,1.0,0.0,15.0,3.0,3.0,80.0,1.0,16.0,1.0,4.0,9.0,7.0,7.0,1.0,0
49.0,1.0,0.0,0.0,1490.0,0.0,1.0,0.0,7.0,4.0,0.0,0.0,1.0,0.0,0.0,0.0,1.0,1484.0,3.0,1.0,35.0,3.0,3.0,0.0,0.0,0.0,0.0,0.0,0.0,0.0,1.0,0.0,2.0,0.0,0.0,1.0,10466.0,20948.0,3.0,1.0,0.0,14.0,3.0,2.0,80.0,2.0,29.0,3.0,3.0,8.0,7.0,0.0,7.0,0
45.0,1.0,0.0,0.0,954.0,1.0,0.0,0.0,2.0,2.0,0.0,0.0,0.0,0.0,1.0,0.0,1.0,783.0,2.0,1.0,46.0,1.0,2.0,0.0,0.0,0.0,0.0,0.0,0.0,0.0,0.0,1.0,3.0,1.0,0.0,0.0,6632.0,12388.0,0.0,1.0,0.0,13.0,3.0,1.0,80.0,0.0,9.0,3.0,3.0,8.0,7.0,3.0,1.0,0
38.0,1.0,0.0,0.0,702.0,1.0,0.0,0.0,1.0,4.0,0.0,0.0,1.0,0.0,0.0,0.0,1.0,230.0,1.0,0.0,59.0,2.0,2.0,0.0,0.0,1.0,0.0,0.0,0.0,0.0,0.0,0.0,4.0,1.0,0.0,0.0,8686.0,12930.0,4.0,1.0,0.0,22.0,4.0,3.0,80.0,0.0,12.0,2.0,4.0,8.0,3.0,0.0,7.0,0
38.0,1.0,0.0,0.0,1380.0,0.0,1.0,0.0,9.0,2.0,0.0,0.0,1.0,0.0,0.0,0.0,1.0,245.0,3.0,0.0,75.0,3.0,1.0,0.0,1.0,0.0,0.0,0.0,0.0,0.0,0.0,0.0,4.0,1.0,0.0,0.0,2288.0,6319.0,1.0,1.0,0.0,12.0,3.0,3.0,80.0,0.0,2.0,3.0,3.0,2.0,2.0,2.0,1.0,0
41.0,1.0,0.0,0.0,334.0,1.0,0.0,0.0,2.0,4.0,0.0,0.0,1.0,0.0,0.0,0.0,1.0,410.0,4.0,1.0,88.0,3.0,4.0,1.0,0.0,0.0,0.0,0.0,0.0,0.0,0.0,0.0,2.0,1.0,0.0,0.0,16015.0,15896.0,1.0,1.0,0.0,19.0,3.0,2.0,80.0,0.0,22.0,2.0,3.0,22.0,10.0,0.0,4.0,0
35.0,1.0,0.0,0.0,672.0,0.0,1.0,0.0,25.0,3.0,0.0,0.0,0.0,0.0,1.0,0.0,1.0,899.0,4.0,1.0,78.0,2.0,3.0,0.0,0.0,0.0,1.0,0.0,0.0,0.0,0.0,0.0,2.0,0.0,1.0,0.0,10903.0,9129.0,3.0,1.0,0.0,16.0,3.0,1.0,80.0,0.0,16.0,2.0,3.0,13.0,10.0,4.0,8.0,0
34.0,0.0,1.0,0.0,735.0,0.0,1.0,0.0,22.0,4.0,0.0,0.0,0.0,0.0,0.0,1.0,1.0,1932.0,3.0,1.0,86.0,2.0,2.0,0.0,0.0,0.0,0.0,0.0,1.0,0.0,0.0,0.0,4.0,0.0,1.0,0.0,5747.0,26496.0,1.0,1.0,1.0,15.0,3.0,2.0,80.0,0.0,16.0,3.0,3.0,15.0,10.0,6.0,11.0,0
36.0,1.0,0.0,0.0,1351.0,0.0,1.0,0.0,26.0,4.0,0.0,0.0,1.0,0.0,0.0,0.0,1.0,1682.0,1.0,1.0,80.0,3.0,2.0,0.0,0.0,0.0,0.0,0.0,0.0,0.0,1.0,0.0,3.0,0.0,1.0,0.0,5347.0,7419.0,6.0,1.0,0.0,14.0,3.0,2.0,80.0,2.0,10.0,2.0,2.0,3.0,2.0,0.0,2.0,0
37.0,1.0,0.0,0.0,783.0,0.0,1.0,0.0,7.0,4.0,0.0,1.0,0.0,0.0,0.0,0.0,1.0,1885.0,4.0,1.0,78.0,3.0,2.0,0.0,0.0,0.0,0.0,0.0,1.0,0.0,0.0,0.0,1.0,0.0,1.0,0.0,4284.0,13588.0,5.0,1.0,1.0,22.0,4.0,3.0,80.0,1.0,16.0,2.0,3.0,5.0,3.0,0.0,4.0,0
49.0,1.0,0.0,0.0,1098.0,0.0,1.0,0.0,4.0,2.0,0.0,1.0,0.0,0.0,0.0,0.0,1.0,1256.0,1.0,1.0,85.0,2.0,5.0,1.0,0.0,0.0,0.0,0.0,0.0,0.0,0.0,0.0,3.0,0.0,1.0,0.0,18711.0,12124.0,2.0,1.0,0.0,13.0,3.0,3.0,80.0,1.0,23.0,2.0,4.0,1.0,0.0,0.0,0.0,0
35.0,1.0,0.0,0.0,662.0,1.0,0.0,0.0,1.0,5.0,1.0,0.0,0.0,0.0,0.0,0.0,1.0,204.0,3.0,1.0,94.0,3.0,3.0,0.0,0.0,1.0,0.0,0.0,0.0,0.0,0.0,0.0,2.0,0.0,1.0,0.0,7295.0,11439.0,1.0,1.0,0.0,13.0,3.0,1.0,80.0,2.0,10.0,3.0,3.0,10.0,8.0,0.0,6.0,0
32.0,1.0,0.0,0.0,1401.0,1.0,0.0,0.0,4.0,2.0,0.0,0.0,1.0,0.0,0.0,0.0,1.0,330.0,3.0,0.0,56.0,3.0,1.0,0.0,0.0,0.0,0.0,0.0,0.0,0.0,0.0,1.0,2.0,0.0,1.0,0.0,3931.0,20990.0,2.0,1.0,0.0,11.0,3.0,1.0,80.0,1.0,6.0,5.0,3.0,4.0,3.0,1.0,2.0,0
35.0,0.0,1.0,0.0,482.0,0.0,1.0,0.0,4.0,4.0,0.0,0.0,1.0,0.0,0.0,0.0,1.0,1350.0,3.0,1.0,87.0,3.0,2.0,0.0,0.0,0.0,0.0,0.0,1.0,0.0,0.0,0.0,3.0,1.0,0.0,0.0,4249.0,2690.0,1.0,1.0,1.0,11.0,3.0,2.0,80.0,0.0,9.0,3.0,3.0,9.0,6.0,1.0,1.0,0
34.0,1.0,0.0,0.0,937.0,1.0,0.0,0.0,1.0,3.0,1.0,0.0,0.0,0.0,0.0,0.0,1.0,1950.0,1.0,1.0,32.0,3.0,3.0,0.0,0.0,1.0,0.0,0.0,0.0,0.0,0.0,0.0,4.0,1.0,0.0,0.0,9888.0,6770.0,1.0,1.0,0.0,21.0,4.0,1.0,80.0,0.0,14.0,3.0,2.0,14.0,8.0,2.0,1.0,0
42.0,1.0,0.0,0.0,1210.0,0.0,1.0,0.0,2.0,3.0,0.0,1.0,0.0,0.0,0.0,0.0,1.0,1542.0,3.0,1.0,68.0,2.0,1.0,0.0,1.0,0.0,0.0,0.0,0.0,0.0,0.0,0.0,2.0,0.0,1.0,0.0,4841.0,24052.0,4.0,1.0,0.0,14.0,3.0,2.0,80.0,1.0,4.0,3.0,3.0,1.0,0.0,0.0,0.0,0
52.0,0.0,0.0,1.0,585.0,1.0,0.0,0.0,29.0,4.0,0.0,0.0,1.0,0.0,0.0,0.0,1.0,2019.0,1.0,1.0,40.0,3.0,1.0,0.0,0.0,0.0,0.0,0.0,0.0,0.0,0.0,1.0,4.0,0.0,0.0,1.0,3482.0,19788.0,2.0,1.0,0.0,15.0,3.0,2.0,80.0,2.0,16.0,3.0,2.0,9.0,8.0,0.0,0.0,0
33.0,0.0,0.0,1.0,1038.0,1.0,0.0,0.0,8.0,1.0,0.0,0.0,1.0,0.0,0.0,0.0,1.0,1044.0,2.0,0.0,88.0,2.0,1.0,0.0,0.0,0.0,0.0,0.0,0.0,0.0,0.0,1.0,4.0,1.0,0.0,0.0,2342.0,21437.0,0.0,1.0,0.0,19.0,3.0,4.0,80.0,0.0,3.0,2.0,2.0,2.0,2.0,2.0,2.0,0
43.0,0.0,1.0,0.0,807.0,0.0,1.0,0.0,17.0,3.0,0.0,0.0,0.0,0.0,1.0,0.0,1.0,1767.0,3.0,1.0,38.0,2.0,1.0,0.0,0.0,0.0,0.0,0.0,1.0,0.0,0.0,0.0,3.0,0.0,1.0,0.0,2437.0,15587.0,9.0,1.0,1.0,16.0,3.0,4.0,80.0,1.0,6.0,4.0,3.0,1.0,0.0,0.0,0.0,1
30.0,1.0,0.0,0.0,231.0,1.0,0.0,0.0,8.0,2.0,0.0,0.0,0.0,0.0,0.0,1.0,1.0,982.0,3.0,1.0,62.0,3.0,3.0,0.0,0.0,1.0,0.0,0.0,0.0,0.0,0.0,0.0,3.0,0.0,0.0,1.0,7264.0,9977.0,5.0,1.0,0.0,11.0,3.0,1.0,80.0,1.0,10.0,2.0,4.0,8.0,4.0,7.0,7.0,0
36.0,0.0,0.0,1.0,427.0,0.0,1.0,0.0,8.0,3.0,0.0,0.0,1.0,0.0,0.0,0.0,1.0,742.0,1.0,0.0,63.0,4.0,3.0,0.0,0.0,0.0,0.0,1.0,0.0,0.0,0.0,0.0,1.0,0.0,1.0,0.0,11713.0,20335.0,9.0,1.0,0.0,14.0,3.0,1.0,80.0,1.0,10.0,2.0,3.0,8.0,7.0,0.0,5.0,0
53.0,1.0,0.0,0.0,607.0,0.0,1.0,0.0,2.0,5.0,0.0,0.0,0.0,0.0,1.0,0.0,1.0,1572.0,3.0,0.0,78.0,2.0,3.0,0.0,0.0,0.0,1.0,0.0,0.0,0.0,0.0,0.0,4.0,0.0,1.0,0.0,10169.0,14618.0,0.0,1.0,0.0,16.0,3.0,2.0,80.0,1.0,34.0,4.0,3.0,33.0,7.0,1.0,9.0,1
43.0,0.0,1.0,0.0,185.0,0.0,1.0,0.0,10.0,4.0,0.0,0.0,1.0,0.0,0.0,0.0,1.0,430.0,3.0,0.0,33.0,3.0,1.0,0.0,1.0,0.0,0.0,0.0,0.0,0.0,0.0,0.0,4.0,1.0,0.0,0.0,2455.0,10675.0,0.0,1.0,0.0,19.0,3.0,1.0,80.0,0.0,9.0,5.0,3.0,8.0,7.0,1.0,7.0,0
53.0,1.0,0.0,0.0,1223.0,0.0,1.0,0.0,7.0,2.0,0.0,1.0,0.0,0.0,0.0,0.0,1.0,1201.0,4.0,0.0,50.0,3.0,5.0,1.0,0.0,0.0,0.0,0.0,0.0,0.0,0.0,0.0,3.0,0.0,0.0,1.0,18606.0,18640.0,3.0,1.0,0.0,18.0,3.0,2.0,80.0,1.0,26.0,6.0,3.0,7.0,7.0,4.0,7.0,0
32.0,1.0,0.0,0.0,824.0,0.0,1.0,0.0,5.0,2.0,0.0,0.0,1.0,0.0,0.0,0.0,1.0,1555.0,4.0,0.0,67.0,2.0,2.0,0.0,0.0,0.0,0.0,0.0,1.0,0.0,0.0,0.0,2.0,0.0,1.0,0.0,5878.0,15624.0,3.0,1.0,0.0,12.0,3.0,1.0,80.0,1.0,12.0,2.0,3.0,7.0,1.0,2.0,5.0,0
28.0,1.0,0.0,0.0,1181.0,0.0,1.0,0.0,1.0,3.0,0.0,0.0,1.0,0.0,0.0,0.0,1.0,1799.0,3.0,1.0,82.0,3.0,1.0,0.0,0.0,0.0,0.0,0.0,1.0,0.0,0.0,0.0,4.0,0.0,1.0,0.0,2044.0,5531.0,1.0,1.0,0.0,11.0,3.0,3.0,80.0,1.0,5.0,6.0,4.0,5.0,3.0,0.0,3.0,0
53.0,1.0,0.0,0.0,1395.0,0.0,1.0,0.0,24.0,4.0,0.0,1.0,0.0,0.0,0.0,0.0,1.0,1689.0,2.0,1.0,48.0,4.0,3.0,0.0,0.0,0.0,0.0,0.0,0.0,0.0,1.0,0.0,4.0,0.0,1.0,0.0,7005.0,3458.0,3.0,1.0,0.0,15.0,3.0,3.0,80.0,0.0,11.0,2.0,3.0,4.0,3.0,1.0,2.0,0
34.0,1.0,0.0,0.0,829.0,0.0,0.0,1.0,3.0,2.0,0.0,0.0,0.0,1.0,0.0,0.0,1.0,847.0,3.0,1.0,88.0,3.0,1.0,0.0,0.0,0.0,0.0,0.0,0.0,1.0,0.0,0.0,4.0,0.0,1.0,0.0,3737.0,2243.0,0.0,1.0,0.0,19.0,3.0,3.0,80.0,1.0,4.0,1.0,1.0,3.0,2.0,0.0,2.0,0
32.0,1.0,0.0,0.0,414.0,1.0,0.0,0.0,2.0,4.0,1.0,0.0,0.0,0.0,0.0,0.0,1.0,1862.0,3.0,1.0,82.0,2.0,2.0,0.0,0.0,1.0,0.0,0.0,0.0,0.0,0.0,0.0,2.0,1.0,0.0,0.0,9907.0,26186.0,7.0,1.0,1.0,12.0,3.0,3.0,80.0,0.0,7.0,3.0,2.0,2.0,2.0,2.0,2.0,1
32.0,1.0,0.0,0.0,638.0,0.0,1.0,0.0,8.0,2.0,0.0,1.0,0.0,0.0,0.0,0.0,1.0,865.0,3.0,0.0,91.0,4.0,2.0,0.0,0.0,0.0,0.0,0.0,1.0,0.0,0.0,0.0,3.0,0.0,1.0,0.0,5175.0,22162.0,5.0,1.0,0.0,12.0,3.0,3.0,80.0,1.0,9.0,3.0,2.0,5.0,3.0,1.0,3.0,0
43.0,1.0,0.0,0.0,1291.0,0.0,1.0,0.0,15.0,2.0,0.0,0.0,1.0,0.0,0.0,0.0,1.0,1666.0,3.0,1.0,65.0,2.0,4.0,0.0,0.0,0.0,0.0,1.0,0.0,0.0,0.0,0.0,3.0,0.0,1.0,0.0,17603.0,3525.0,1.0,1.0,0.0,24.0,4.0,1.0,80.0,1.0,14.0,3.0,3.0,14.0,10.0,6.0,11.0,0
40.0,1.0,0.0,0.0,989.0,0.0,1.0,0.0,4.0,1.0,0.0,1.0,0.0,0.0,0.0,0.0,1.0,253.0,4.0,0.0,46.0,3.0,5.0,1.0,0.0,0.0,0.0,0.0,0.0,0.0,0.0,0.0,3.0,0.0,1.0,0.0,19033.0,6499.0,1.0,1.0,0.0,14.0,3.0,2.0,80.0,1.0,21.0,2.0,3.0,20.0,8.0,9.0,9.0,0
40.0,1.0,0.0,0.0,523.0,0.0,1.0,0.0,2.0,3.0,0.0,0.0,1.0,0.0,0.0,0.0,1.0,1346.0,3.0,1.0,98.0,3.0,2.0,0.0,0.0,0.0,0.0,0.0,1.0,0.0,0.0,0.0,4.0,1.0,0.0,0.0,4661.0,22455.0,1.0,1.0,0.0,13.0,3.0,3.0,80.0,0.0,9.0,4.0,3.0,9.0,8.0,8.0,8.0,0
27.0,0.0,1.0,0.0,994.0,1.0,0.0,0.0,8.0,3.0,0.0,0.0,1.0,0.0,0.0,0.0,1.0,56.0,4.0,1.0,37.0,3.0,3.0,0.0,0.0,1.0,0.0,0.0,0.0,0.0,0.0,0.0,3.0,1.0,0.0,0.0,8726.0,2975.0,1.0,1.0,0.0,15.0,3.0,4.0,80.0,0.0,9.0,0.0,3.0,9.0,8.0,1.0,7.0,0
32.0,1.0,0.0,0.0,334.0,0.0,1.0,0.0,5.0,2.0,0.0,0.0,1.0,0.0,0.0,0.0,1.0,21.0,1.0,1.0,80.0,4.0,1.0,0.0,0.0,0.0,0.0,0.0,1.0,0.0,0.0,0.0,2.0,0.0,0.0,1.0,3298.0,15053.0,0.0,1.0,1.0,12.0,3.0,4.0,80.0,2.0,7.0,5.0,2.0,6.0,2.0,0.0,5.0,0
33.0,1.0,0.0,0.0,350.0,1.0,0.0,0.0,5.0,3.0,1.0,0.0,0.0,0.0,0.0,0.0,1.0,485.0,4.0,0.0,34.0,3.0,1.0,0.0,0.0,0.0,0.0,0.0,0.0,0.0,0.0,1.0,3.0,1.0,0.0,0.0,2851.0,9150.0,1.0,1.0,1.0,13.0,3.0,2.0,80.0,0.0,1.0,2.0,3.0,1.0,0.0,0.0,0.0,1
36.0,1.0,0.0,0.0,318.0,0.0,1.0,0.0,9.0,3.0,0.0,1.0,0.0,0.0,0.0,0.0,1.0,90.0,4.0,1.0,79.0,2.0,1.0,0.0,0.0,0.0,0.0,0.0,1.0,0.0,0.0,0.0,3.0,0.0,1.0,0.0,3388.0,21777.0,0.0,1.0,1.0,17.0,3.0,1.0,80.0,1.0,2.0,0.0,2.0,1.0,0.0,0.0,0.0,1
32.0,0.0,1.0,0.0,689.0,1.0,0.0,0.0,9.0,2.0,0.0,1.0,0.0,0.0,0.0,0.0,1.0,195.0,4.0,1.0,35.0,1.0,2.0,0.0,0.0,1.0,0.0,0.0,0.0,0.0,0.0,0.0,4.0,0.0,0.0,1.0,4668.0,22812.0,0.0,1.0,0.0,17.0,3.0,4.0,80.0,3.0,9.0,2.0,4.0,8.0,7.0,0.0,7.0,0
43.0,0.0,1.0,0.0,957.0,0.0,1.0,0.0,28.0,3.0,0.0,1.0,0.0,0.0,0.0,0.0,1.0,171.0,2.0,0.0,72.0,4.0,1.0,0.0,0.0,0.0,0.0,0.0,1.0,0.0,0.0,0.0,3.0,1.0,0.0,0.0,4739.0,16090.0,4.0,1.0,0.0,12.0,3.0,4.0,80.0,0.0,18.0,2.0,3.0,3.0,2.0,1.0,2.0,0
34.0,1.0,0.0,0.0,1157.0,0.0,1.0,0.0,5.0,2.0,0.0,1.0,0.0,0.0,0.0,0.0,1.0,1696.0,2.0,1.0,57.0,2.0,2.0,0.0,1.0,0.0,0.0,0.0,0.0,0.0,0.0,0.0,4.0,0.0,1.0,0.0,3986.0,11912.0,1.0,1.0,0.0,14.0,3.0,3.0,80.0,1.0,15.0,3.0,4.0,15.0,10.0,4.0,13.0,0
47.0,1.0,0.0,0.0,1180.0,0.0,1.0,0.0,25.0,3.0,0.0,1.0,0.0,0.0,0.0,0.0,1.0,1993.0,1.0,1.0,84.0,3.0,3.0,0.0,0.0,0.0,0.0,0.0,0.0,0.0,1.0,0.0,3.0,1.0,0.0,0.0,8633.0,13084.0,2.0,1.0,0.0,23.0,4.0,2.0,80.0,0.0,25.0,3.0,3.0,17.0,14.0,12.0,11.0,0
54.0,1.0,0.0,0.0,1441.0,0.0,1.0,0.0,17.0,3.0,0.0,0.0,0.0,0.0,1.0,0.0,1.0,1013.0,3.0,0.0,56.0,3.0,3.0,0.0,0.0,0.0,1.0,0.0,0.0,0.0,0.0,0.0,3.0,0.0,1.0,0.0,10739.0,13943.0,8.0,1.0,0.0,11.0,3.0,3.0,80.0,1.0,22.0,2.0,3.0,10.0,7.0,0.0,8.0,0
27.0,1.0,0.0,0.0,1291.0,1.0,0.0,0.0,11.0,3.0,0.0,1.0,0.0,0.0,0.0,0.0,1.0,1364.0,3.0,0.0,98.0,4.0,1.0,0.0,0.0,0.0,0.0,0.0,0.0,0.0,0.0,1.0,4.0,0.0,1.0,0.0,2534.0,6527.0,8.0,1.0,0.0,14.0,3.0,2.0,80.0,1.0,5.0,4.0,3.0,1.0,0.0,0.0,0.0,0
41.0,1.0,0.0,0.0,167.0,0.0,1.0,0.0,12.0,4.0,0.0,0.0,1.0,0.0,0.0,0.0,1.0,1158.0,2.0,1.0,46.0,3.0,1.0,0.0,1.0,0.0,0.0,0.0,0.0,0.0,0.0,0.0,4.0,0.0,1.0,0.0,4766.0,9051.0,3.0,1.0,1.0,11.0,3.0,1.0,80.0,1.0,6.0,4.0,3.0,1.0,0.0,0.0,0.0,0
41.0,1.0,0.0,0.0,1360.0,0.0,1.0,0.0,12.0,3.0,0.0,0.0,0.0,0.0,1.0,0.0,1.0,58.0,2.0,0.0,49.0,3.0,5.0,0.0,0.0,0.0,0.0,1.0,0.0,0.0,0.0,0.0,3.0,0.0,1.0,0.0,19545.0,16280.0,1.0,1.0,0.0,12.0,3.0,4.0,80.0,0.0,23.0,0.0,3.0,22.0,15.0,15.0,8.0,1
42.0,1.0,0.0,0.0,1147.0,0.0,0.0,1.0,10.0,3.0,0.0,0.0,0.0,1.0,0.0,0.0,1.0,1408.0,3.0,0.0,31.0,3.0,4.0,1.0,0.0,0.0,0.0,0.0,0.0,0.0,0.0,0.0,1.0,0.0,1.0,0.0,16799.0,16616.0,0.0,1.0,0.0,14.0,3.0,3.0,80.0,1.0,21.0,5.0,3.0,20.0,7.0,0.0,9.0,0
33.0,1.0,0.0,0.0,1017.0,0.0,1.0,0.0,25.0,3.0,0.0,1.0,0.0,0.0,0.0,0.0,1.0,1108.0,1.0,1.0,55.0,2.0,1.0,0.0,0.0,0.0,0.0,0.0,1.0,0.0,0.0,0.0,2.0,1.0,0.0,0.0,2313.0,2993.0,4.0,1.0,1.0,20.0,4.0,2.0,80.0,0.0,5.0,0.0,3.0,2.0,2.0,2.0,2.0,1
48.0,0.0,1.0,0.0,708.0,1.0,0.0,0.0,7.0,2.0,0.0,1.0,0.0,0.0,0.0,0.0,1.0,1691.0,4.0,0.0,95.0,3.0,1.0,0.0,0.0,0.0,0.0,0.0,0.0,0.0,0.0,1.0,3.0,0.0,1.0,0.0,2655.0,11740.0,2.0,1.0,1.0,11.0,3.0,3.0,80.0,2.0,19.0,3.0,3.0,9.0,7.0,7.0,7.0,1
41.0,0.0,0.0,1.0,267.0,1.0,0.0,0.0,10.0,2.0,0.0,0.0,1.0,0.0,0.0,0.0,1.0,599.0,4.0,1.0,56.0,3.0,2.0,0.0,0.0,1.0,0.0,0.0,0.0,0.0,0.0,0.0,4.0,1.0,0.0,0.0,6230.0,13430.0,7.0,1.0,0.0,14.0,3.0,4.0,80.0,0.0,16.0,3.0,3.0,14.0,3.0,1.0,10.0,0
58.0,1.0,0.0,0.0,147.0,0.0,1.0,0.0,23.0,4.0,0.0,1.0,0.0,0.0,0.0,0.0,1.0,165.0,4.0,0.0,94.0,3.0,3.0,0.0,0.0,0.0,0.0,0.0,0.0,0.0,1.0,0.0,4.0,0.0,1.0,0.0,10312.0,3465.0,1.0,1.0,0.0,12.0,3.0,4.0,80.0,1.0,40.0,3.0,2.0,40.0,10.0,15.0,6.0,1
29.0,1.0,0.0,0.0,121.0,1.0,0.0,0.0,27.0,3.0,1.0,0.0,0.0,0.0,0.0,0.0,1.0,283.0,2.0,0.0,35.0,3.0,3.0,0.0,0.0,1.0,0.0,0.0,0.0,0.0,0.0,0.0,4.0,0.0,1.0,0.0,7639.0,24525.0,1.0,1.0,0.0,22.0,4.0,4.0,80.0,3.0,10.0,3.0,2.0,10.0,4.0,1.0,9.0,1
27.0,1.0,0.0,0.0,894.0,0.0,1.0,0.0,9.0,3.0,0.0,1.0,0.0,0.0,0.0,0.0,1.0,260.0,4.0,0.0,99.0,3.0,1.0,0.0,0.0,0.0,0.0,0.0,1.0,0.0,0.0,0.0,2.0,1.0,0.0,0.0,2279.0,11781.0,1.0,1.0,0.0,16.0,3.0,4.0,80.0,0.0,7.0,2.0,2.0,7.0,7.0,0.0,3.0,0
31.0,1.0,0.0,0.0,311.0,0.0,1.0,0.0,20.0,3.0,0.0,0.0,1.0,0.0,0.0,0.0,1.0,1881.0,2.0,1.0,89.0,3.0,2.0,0.0,1.0,0.0,0.0,0.0,0.0,0.0,0.0,0.0,3.0,0.0,0.0,1.0,4197.0,18624.0,1.0,1.0,0.0,11.0,3.0,1.0,80.0,1.0,10.0,2.0,3.0,10.0,8.0,0.0,2.0,0
26.0,1.0,0.0,0.0,1443.0,1.0,0.0,0.0,23.0,3.0,1.0,0.0,0.0,0.0,0.0,0.0,1.0,72.0,3.0,0.0,47.0,2.0,2.0,0.0,0.0,1.0,0.0,0.0,0.0,0.0,0.0,0.0,4.0,0.0,1.0,0.0,4157.0,21436.0,7.0,1.0,1.0,19.0,3.0,3.0,80.0,1.0,5.0,2.0,2.0,2.0,2.0,0.0,0.0,0
26.0,1.0,0.0,0.0,1146.0,1.0,0.0,0.0,8.0,3.0,0.0,0.0,0.0,0.0,1.0,0.0,1.0,796.0,4.0,1.0,38.0,2.0,2.0,0.0,0.0,1.0,0.0,0.0,0.0,0.0,0.0,0.0,1.0,1.0,0.0,0.0,5326.0,3064.0,6.0,1.0,0.0,17.0,3.0,3.0,80.0,0.0,6.0,2.0,2.0,4.0,3.0,1.0,2.0,1
45.0,0.0,0.0,1.0,1238.0,0.0,1.0,0.0,1.0,1.0,0.0,0.0,1.0,0.0,0.0,0.0,1.0,1712.0,3.0,1.0,74.0,2.0,3.0,0.0,0.0,0.0,0.0,0.0,0.0,0.0,1.0,0.0,3.0,0.0,1.0,0.0,10748.0,3395.0,3.0,1.0,0.0,23.0,4.0,4.0,80.0,1.0,25.0,3.0,2.0,23.0,15.0,14.0,4.0,0
30.0,1.0,0.0,0.0,138.0,0.0,1.0,0.0,22.0,3.0,0.0,0.0,1.0,0.0,0.0,0.0,1.0,1004.0,1.0,0.0,48.0,3.0,1.0,0.0,0.0,0.0,0.0,0.0,1.0,0.0,0.0,0.0,3.0,0.0,1.0,0.0,2132.0,11539.0,4.0,1.0,1.0,11.0,3.0,2.0,80.0,0.0,7.0,2.0,3.0,5.0,2.0,0.0,1.0,1
32.0,1.0,0.0,0.0,588.0,1.0,0.0,0.0,8.0,2.0,0.0,0.0,0.0,0.0,1.0,0.0,1.0,436.0,3.0,0.0,65.0,2.0,2.0,0.0,0.0,1.0,0.0,0.0,0.0,0.0,0.0,0.0,2.0,0.0,1.0,0.0,5228.0,24624.0,1.0,1.0,1.0,11.0,3.0,4.0,80.0,0.0,13.0,2.0,3.0,13.0,12.0,11.0,9.0,0
42.0,1.0,0.0,0.0,1396.0,0.0,1.0,0.0,6.0,3.0,0.0,1.0,0.0,0.0,0.0,0.0,1.0,1911.0,3.0,1.0,83.0,3.0,3.0,0.0,0.0,0.0,0.0,1.0,0.0,0.0,0.0,0.0,1.0,0.0,1.0,0.0,13348.0,14842.0,9.0,1.0,0.0,13.0,3.0,2.0,80.0,1.0,18.0,3.0,4.0,13.0,7.0,5.0,7.0,0
34.0,1.0,0.0,0.0,810.0,1.0,0.0,0.0,8.0,2.0,0.0,0.0,0.0,0.0,1.0,0.0,1.0,1823.0,2.0,1.0,92.0,4.0,2.0,0.0,0.0,1.0,0.0,0.0,0.0,0.0,0.0,0.0,3.0,0.0,1.0,0.0,6799.0,22128.0,1.0,1.0,0.0,21.0,4.0,3.0,80.0,2.0,10.0,5.0,3.0,10.0,8.0,4.0,8.0,0
26.0,0.0,1.0,0.0,426.0,0.0,0.0,1.0,17.0,4.0,0.0,0.0,1.0,0.0,0.0,0.0,1.0,608.0,2.0,0.0,58.0,3.0,1.0,0.0,0.0,0.0,0.0,0.0,0.0,1.0,0.0,0.0,3.0,0.0,0.0,1.0,2741.0,22808.0,0.0,1.0,1.0,11.0,3.0,2.0,80.0,1.0,8.0,2.0,2.0,7.0,7.0,1.0,0.0,1
43.0,0.0,0.0,1.0,1344.0,0.0,1.0,0.0,7.0,3.0,0.0,1.0,0.0,0.0,0.0,0.0,1.0,262.0,4.0,1.0,37.0,4.0,1.0,0.0,0.0,0.0,0.0,0.0,1.0,0.0,0.0,0.0,4.0,0.0,0.0,1.0,2089.0,5228.0,4.0,1.0,0.0,14.0,3.0,4.0,80.0,3.0,7.0,3.0,4.0,5.0,4.0,2.0,2.0,0
45.0,0.0,0.0,1.0,248.0,0.0,1.0,0.0,23.0,2.0,0.0,0.0,1.0,0.0,0.0,0.0,1.0,1002.0,4.0,1.0,42.0,3.0,2.0,0.0,1.0,0.0,0.0,0.0,0.0,0.0,0.0,0.0,1.0,0.0,1.0,0.0,3633.0,14039.0,1.0,1.0,1.0,15.0,3.0,3.0,80.0,1.0,9.0,2.0,3.0,9.0,8.0,0.0,8.0,0
29.0,1.0,0.0,0.0,590.0,0.0,1.0,0.0,4.0,3.0,0.0,0.0,0.0,0.0,1.0,0.0,1.0,1762.0,4.0,0.0,91.0,2.0,1.0,0.0,0.0,0.0,0.0,0.0,1.0,0.0,0.0,0.0,1.0,0.0,0.0,1.0,2109.0,10007.0,1.0,1.0,0.0,13.0,3.0,3.0,80.0,1.0,1.0,2.0,3.0,1.0,0.0,0.0,0.0,0
44.0,1.0,0.0,0.0,986.0,0.0,1.0,0.0,8.0,4.0,0.0,0.0,1.0,0.0,0.0,0.0,1.0,874.0,1.0,1.0,62.0,4.0,1.0,0.0,1.0,0.0,0.0,0.0,0.0,0.0,0.0,0.0,4.0,0.0,1.0,0.0,2818.0,5044.0,2.0,1.0,1.0,24.0,4.0,3.0,80.0,1.0,10.0,2.0,2.0,3.0,2.0,0.0,2.0,0
38.0,1.0,0.0,0.0,1404.0,1.0,0.0,0.0,1.0,3.0,0.0,0.0,1.0,0.0,0.0,0.0,1.0,1961.0,1.0,1.0,59.0,2.0,1.0,0.0,0.0,0.0,0.0,0.0,0.0,0.0,0.0,1.0,1.0,1.0,0.0,0.0,2858.0,11473.0,4.0,1.0,0.0,14.0,3.0,1.0,80.0,0.0,20.0,3.0,2.0,1.0,0.0,0.0,0.0,0
31.0,1.0,0.0,0.0,616.0,0.0,1.0,0.0,12.0,3.0,0.0,1.0,0.0,0.0,0.0,0.0,1.0,961.0,4.0,0.0,41.0,3.0,2.0,0.0,0.0,0.0,0.0,0.0,0.0,0.0,1.0,0.0,4.0,0.0,1.0,0.0,5855.0,17369.0,0.0,1.0,1.0,11.0,3.0,3.0,80.0,2.0,10.0,2.0,1.0,9.0,7.0,8.0,5.0,0
34.0,1.0,0.0,0.0,1442.0,0.0,1.0,0.0,9.0,3.0,0.0,1.0,0.0,0.0,0.0,0.0,1.0,717.0,4.0,0.0,46.0,2.0,3.0,0.0,0.0,0.0,0.0,0.0,0.0,0.0,1.0,0.0,2.0,1.0,0.0,0.0,8621.0,17654.0,1.0,1.0,0.0,14.0,3.0,2.0,80.0,0.0,9.0,3.0,4.0,8.0,7.0,7.0,7.0,0
36.0,1.0,0.0,0.0,506.0,0.0,1.0,0.0,3.0,3.0,0.0,0.0,0.0,0.0,1.0,0.0,1.0,397.0,3.0,1.0,30.0,3.0,2.0,0.0,0.0,0.0,0.0,0.0,1.0,0.0,0.0,0.0,2.0,1.0,0.0,0.0,4485.0,26285.0,4.0,1.0,0.0,12.0,3.0,4.0,80.0,0.0,10.0,2.0,3.0,8.0,0.0,7.0,7.0,0
49.0,1.0,0.0,0.0,1418.0,0.0,1.0,0.0,1.0,3.0,0.0,0.0,0.0,0.0,1.0,0.0,1.0,887.0,3.0,0.0,36.0,3.0,1.0,0.0,0.0,0.0,0.0,0.0,1.0,0.0,0.0,0.0,1.0,0.0,1.0,0.0,3580.0,10554.0,2.0,1.0,0.0,16.0,3.0,2.0,80.0,1.0,7.0,2.0,3.0,4.0,2.0,0.0,2.0,0
60.0,1.0,0.0,0.0,696.0,1.0,0.0,0.0,7.0,4.0,1.0,0.0,0.0,0.0,0.0,0.0,1.0,1233.0,2.0,1.0,52.0,4.0,2.0,0.0,0.0,1.0,0.0,0.0,0.0,0.0,0.0,0.0,4.0,0.0,0.0,1.0,5220.0,10893.0,0.0,1.0,1.0,18.0,3.0,2.0,80.0,1.0,12.0,3.0,3.0,11.0,7.0,1.0,9.0,0
52.0,1.0,0.0,0.0,699.0,0.0,1.0,0.0,1.0,4.0,0.0,0.0,1.0,0.0,0.0,0.0,1.0,259.0,3.0,1.0,65.0,2.0,5.0,1.0,0.0,0.0,0.0,0.0,0.0,0.0,0.0,0.0,3.0,0.0,1.0,0.0,19999.0,5678.0,0.0,1.0,0.0,14.0,3.0,1.0,80.0,1.0,34.0,5.0,3.0,33.0,18.0,11.0,9.0,0
38.0,0.0,0.0,1.0,152.0,1.0,0.0,0.0,10.0,3.0,0.0,0.0,0.0,0.0,1.0,0.0,1.0,983.0,3.0,0.0,85.0,3.0,2.0,0.0,0.0,1.0,0.0,0.0,0.0,0.0,0.0,0.0,4.0,1.0,0.0,0.0,5666.0,19899.0,1.0,1.0,1.0,13.0,3.0,2.0,80.0,0.0,6.0,1.0,3.0,5.0,3.0,1.0,3.0,0
33.0,1.0,0.0,0.0,867.0,0.0,1.0,0.0,8.0,4.0,0.0,0.0,1.0,0.0,0.0,0.0,1.0,1798.0,4.0,1.0,90.0,4.0,1.0,0.0,0.0,0.0,0.0,0.0,1.0,0.0,0.0,0.0,1.0,0.0,1.0,0.0,3143.0,6076.0,6.0,1.0,0.0,19.0,3.0,2.0,80.0,1.0,14.0,1.0,3.0,10.0,8.0,7.0,6.0,0
51.0,1.0,0.0,0.0,1405.0,0.0,1.0,0.0,11.0,2.0,0.0,0.0,0.0,0.0,1.0,0.0,1.0,1367.0,4.0,0.0,82.0,2.0,4.0,0.0,0.0,0.0,1.0,0.0,0.0,0.0,0.0,0.0,2.0,1.0,0.0,0.0,13142.0,24439.0,3.0,1.0,0.0,16.0,3.0,2.0,80.0,0.0,29.0,1.0,2.0,5.0,2.0,0.0,3.0,0
27.0,1.0,0.0,0.0,1354.0,0.0,1.0,0.0,2.0,4.0,0.0,0.0,0.0,0.0,1.0,0.0,1.0,1931.0,2.0,1.0,41.0,3.0,1.0,0.0,0.0,0.0,0.0,0.0,1.0,0.0,0.0,0.0,2.0,0.0,1.0,0.0,2226.0,6073.0,1.0,1.0,0.0,11.0,3.0,3.0,80.0,1.0,6.0,3.0,2.0,5.0,3.0,1.0,2.0,0
35.0,1.0,0.0,0.0,1370.0,0.0,1.0,0.0,27.0,4.0,0.0,0.0,1.0,0.0,0.0,0.0,1.0,1728.0,4.0,1.0,49.0,3.0,2.0,0.0,0.0,0.0,1.0,0.0,0.0,0.0,0.0,0.0,3.0,0.0,1.0,0.0,6883.0,5151.0,2.0,1.0,0.0,16.0,3.0,2.0,80.0,1.0,17.0,3.0,3.0,7.0,7.0,0.0,7.0,0
29.0,1.0,0.0,0.0,1176.0,1.0,0.0,0.0,3.0,2.0,0.0,1.0,0.0,0.0,0.0,0.0,1.0,690.0,2.0,0.0,62.0,3.0,2.0,0.0,0.0,1.0,0.0,0.0,0.0,0.0,0.0,0.0,3.0,0.0,1.0,0.0,5561.0,3487.0,1.0,1.0,0.0,14.0,3.0,1.0,80.0,1.0,6.0,5.0,2.0,6.0,0.0,1.0,2.0,0
41.0,0.0,0.0,1.0,247.0,0.0,1.0,0.0,7.0,1.0,0.0,0.0,1.0,0.0,0.0,0.0,1.0,1035.0,2.0,0.0,55.0,1.0,5.0,0.0,0.0,0.0,0.0,1.0,0.0,0.0,0.0,0.0,3.0,0.0,0.0,1.0,19973.0,20284.0,1.0,1.0,0.0,22.0,4.0,2.0,80.0,2.0,21.0,3.0,3.0,21.0,16.0,5.0,10.0,0
34.0,1.0,0.0,0.0,1346.0,0.0,1.0,0.0,19.0,2.0,0.0,1.0,0.0,0.0,0.0,0.0,1.0,18.0,2.0,1.0,93.0,3.0,1.0,0.0,1.0,0.0,0.0,0.0,0.0,0.0,0.0,0.0,4.0,0.0,0.0,1.0,2661.0,8758.0,0.0,1.0,0.0,11.0,3.0,3.0,80.0,1.0,3.0,2.0,3.0,2.0,2.0,1.0,2.0,0
34.0,1.0,0.0,0.0,1239.0,1.0,0.0,0.0,13.0,4.0,0.0,1.0,0.0,0.0,0.0,0.0,1.0,1951.0,4.0,1.0,39.0,3.0,3.0,0.0,0.0,1.0,0.0,0.0,0.0,0.0,0.0,0.0,3.0,0.0,0.0,1.0,8628.0,22914.0,1.0,1.0,0.0,18.0,3.0,3.0,80.0,1.0,9.0,2.0,2.0,8.0,7.0,1.0,1.0,0
29.0,1.0,0.0,0.0,992.0,0.0,1.0,0.0,1.0,3.0,0.0,0.0,0.0,0.0,1.0,0.0,1.0,300.0,3.0,1.0,85.0,3.0,1.0,0.0,0.0,0.0,0.0,0.0,1.0,0.0,0.0,0.0,3.0,1.0,0.0,0.0,2058.0,19757.0,0.0,1.0,0.0,14.0,3.0,4.0,80.0,0.0,7.0,1.0,2.0,6.0,2.0,1.0,5.0,1
35.0,1.0,0.0,0.0,660.0,1.0,0.0,0.0,7.0,1.0,0.0,0.0,1.0,0.0,0.0,0.0,1.0,1492.0,4.0,1.0,76.0,3.0,1.0,0.0,0.0,0.0,0.0,0.0,0.0,0.0,0.0,1.0,3.0,0.0,1.0,0.0,2404.0,16192.0,1.0,1.0,0.0,13.0,3.0,1.0,80.0,1.0,1.0,3.0,3.0,1.0,0.0,0.0,0.0,0
37.0,1.0,0.0,0.0,1439.0,0.0,1.0,0.0,4.0,1.0,0.0,0.0,1.0,0.0,0.0,0.0,1.0,1394.0,3.0,1.0,54.0,3.0,1.0,0.0,0.0,0.0,0.0,0.0,1.0,0.0,0.0,0.0,3.0,0.0,1.0,0.0,2996.0,5182.0,7.0,1.0,1.0,15.0,3.0,4.0,80.0,0.0,8.0,2.0,3.0,6.0,4.0,1.0,3.0,0
49.0,1.0,0.0,0.0,809.0,0.0,1.0,0.0,1.0,3.0,0.0,0.0,1.0,0.0,0.0,0.0,1.0,1677.0,3.0,1.0,36.0,3.0,4.0,1.0,0.0,0.0,0.0,0.0,0.0,0.0,0.0,0.0,3.0,1.0,0.0,0.0,15379.0,22384.0,4.0,1.0,0.0,14.0,3.0,1.0,80.0,0.0,23.0,2.0,3.0,8.0,7.0,0.0,0.0,0
25.0,1.0,0.0,0.0,383.0,1.0,0.0,0.0,9.0,2.0,0.0,0.0,1.0,0.0,0.0,0.0,1.0,1439.0,1.0,1.0,68.0,2.0,1.0,0.0,0.0,0.0,0.0,0.0,0.0,0.0,0.0,1.0,1.0,0.0,1.0,0.0,4400.0,15182.0,3.0,1.0,0.0,12.0,3.0,1.0,80.0,0.0,6.0,2.0,3.0,3.0,2.0,2.0,2.0,1
35.0,1.0,0.0,0.0,1315.0,0.0,1.0,0.0,22.0,3.0,0.0,0.0,1.0,0.0,0.0,0.0,1.0,381.0,2.0,0.0,71.0,4.0,3.0,1.0,0.0,0.0,0.0,0.0,0.0,0.0,0.0,0.0,2.0,0.0,0.0,1.0,11996.0,19100.0,7.0,1.0,0.0,18.0,3.0,2.0,80.0,1.0,10.0,6.0,2.0,7.0,7.0,6.0,2.0,0
52.0,1.0,0.0,0.0,258.0,0.0,1.0,0.0,8.0,4.0,0.0,0.0,0.0,0.0,0.0,1.0,1.0,1409.0,3.0,0.0,54.0,3.0,1.0,0.0,1.0,0.0,0.0,0.0,0.0,0.0,0.0,0.0,1.0,0.0,1.0,0.0,2950.0,17363.0,9.0,1.0,0.0,13.0,3.0,3.0,80.0,0.0,12.0,2.0,1.0,5.0,4.0,0.0,4.0,0
35.0,1.0,0.0,0.0,819.0,0.0,1.0,0.0,2.0,3.0,0.0,0.0,1.0,0.0,0.0,0.0,1.0,1182.0,3.0,1.0,44.0,2.0,3.0,0.0,0.0,0.0,1.0,0.0,0.0,0.0,0.0,0.0,2.0,0.0,0.0,1.0,10274.0,19588.0,2.0,1.0,0.0,18.0,3.0,2.0,80.0,1.0,15.0,2.0,4.0,7.0,7.0,6.0,4.0,0
35.0,0.0,0.0,1.0,208.0,0.0,1.0,0.0,8.0,4.0,0.0,0.0,1.0,0.0,0.0,0.0,1.0,1630.0,3.0,0.0,52.0,3.0,2.0,0.0,0.0,0.0,0.0,0.0,0.0,0.0,1.0,0.0,3.0,0.0,1.0,0.0,4148.0,12250.0,1.0,1.0,0.0,12.0,3.0,4.0,80.0,1.0,15.0,5.0,3.0,14.0,11.0,2.0,9.0,0
40.0,1.0,0.0,0.0,759.0,1.0,0.0,0.0,2.0,2.0,1.0,0.0,0.0,0.0,0.0,0.0,1.0,516.0,4.0,0.0,46.0,3.0,2.0,0.0,0.0,1.0,0.0,0.0,0.0,0.0,0.0,0.0,2.0,0.0,0.0,1.0,5715.0,22553.0,7.0,1.0,0.0,12.0,3.0,3.0,80.0,2.0,8.0,5.0,3.0,5.0,4.0,1.0,3.0,0
44.0,1.0,0.0,0.0,921.0,0.0,1.0,0.0,2.0,3.0,0.0,0.0,1.0,0.0,0.0,0.0,1.0,1703.0,3.0,0.0,96.0,4.0,3.0,0.0,0.0,0.0,0.0,0.0,0.0,0.0,1.0,0.0,4.0,0.0,1.0,0.0,7879.0,14810.0,1.0,1.0,1.0,19.0,3.0,2.0,80.0,1.0,9.0,2.0,3.0,8.0,7.0,6.0,7.0,0
34.0,0.0,1.0,0.0,988.0,0.0,0.0,1.0,23.0,3.0,0.0,0.0,0.0,1.0,0.0,0.0,1.0,590.0,2.0,0.0,43.0,3.0,3.0,0.0,0.0,0.0,0.0,0.0,0.0,1.0,0.0,0.0,1.0,0.0,0.0,1.0,9950.0,11533.0,9.0,1.0,1.0,15.0,3.0,3.0,80.0,3.0,11.0,2.0,3.0,3.0,2.0,0.0,2.0,1
35.0,0.0,1.0,0.0,138.0,0.0,1.0,0.0,2.0,3.0,0.0,1.0,0.0,0.0,0.0,0.0,1.0,269.0,2.0,0.0,37.0,3.0,2.0,0.0,1.0,0.0,0.0,0.0,0.0,0.0,0.0,0.0,2.0,1.0,0.0,0.0,4425.0,15986.0,5.0,1.0,0.0,11.0,3.0,4.0,80.0,0.0,10.0,5.0,3.0,6.0,2.0,1.0,2.0,0
50.0,1.0,0.0,0.0,854.0,1.0,0.0,0.0,1.0,4.0,0.0,1.0,0.0,0.0,0.0,0.0,1.0,323.0,4.0,0.0,68.0,3.0,5.0,1.0,0.0,0.0,0.0,0.0,0.0,0.0,0.0,0.0,4.0,0.0,0.0,1.0,19517.0,24118.0,3.0,1.0,0.0,11.0,3.0,3.0,80.0,1.0,32.0,3.0,2.0,7.0,0.0,0.0,6.0,0
42.0,0.0,0.0,1.0,355.0,0.0,1.0,0.0,10.0,4.0,0.0,0.0,0.0,0.0,1.0,0.0,1.0,1854.0,3.0,1.0,38.0,3.0,1.0,0.0,0.0,0.0,0.0,0.0,1.0,0.0,0.0,0.0,3.0,0.0,1.0,0.0,2936.0,6161.0,3.0,1.0,0.0,22.0,4.0,2.0,80.0,2.0,10.0,1.0,2.0,6.0,3.0,3.0,3.0,0
58.0,1.0,0.0,0.0,601.0,0.0,1.0,0.0,7.0,4.0,0.0,1.0,0.0,0.0,0.0,0.0,1.0,1360.0,3.0,0.0,53.0,2.0,3.0,0.0,0.0,0.0,1.0,0.0,0.0,0.0,0.0,0.0,1.0,0.0,1.0,0.0,10008.0,12023.0,7.0,1.0,1.0,14.0,3.0,4.0,80.0,0.0,31.0,0.0,2.0,10.0,9.0,5.0,9.0,1
35.0,0.0,0.0,1.0,1212.0,1.0,0.0,0.0,8.0,2.0,1.0,0.0,0.0,0.0,0.0,0.0,1.0,1243.0,3.0,0.0,78.0,2.0,3.0,0.0,0.0,1.0,0.0,0.0,0.0,0.0,0.0,0.0,4.0,0.0,1.0,0.0,10377.0,13755.0,4.0,1.0,1.0,11.0,3.0,2.0,80.0,1.0,16.0,6.0,2.0,13.0,2.0,4.0,12.0,0
36.0,1.0,0.0,0.0,1425.0,0.0,1.0,0.0,14.0,1.0,0.0,0.0,1.0,0.0,0.0,0.0,1.0,924.0,3.0,1.0,68.0,3.0,2.0,0.0,0.0,0.0,0.0,0.0,0.0,0.0,1.0,0.0,4.0,0.0,1.0,0.0,6586.0,4821.0,0.0,1.0,1.0,17.0,3.0,1.0,80.0,1.0,17.0,2.0,2.0,16.0,8.0,4.0,11.0,0
30.0,1.0,0.0,0.0,438.0,0.0,1.0,0.0,18.0,3.0,0.0,0.0,1.0,0.0,0.0,0.0,1.0,194.0,1.0,0.0,75.0,3.0,1.0,0.0,0.0,0.0,0.0,0.0,1.0,0.0,0.0,0.0,3.0,1.0,0.0,0.0,2632.0,23910.0,1.0,1.0,0.0,14.0,3.0,3.0,80.0,0.0,5.0,4.0,2.0,5.0,4.0,0.0,4.0,0
34.0,0.0,0.0,1.0,1375.0,1.0,0.0,0.0,10.0,3.0,0.0,0.0,1.0,0.0,0.0,0.0,1.0,1774.0,4.0,1.0,87.0,3.0,2.0,0.0,0.0,1.0,0.0,0.0,0.0,0.0,0.0,0.0,3.0,0.0,0.0,1.0,4001.0,12313.0,1.0,1.0,1.0,14.0,3.0,3.0,80.0,1.0,15.0,3.0,3.0,15.0,14.0,0.0,7.0,0
31.0,1.0,0.0,0.0,1062.0,0.0,1.0,0.0,24.0,3.0,0.0,1.0,0.0,0.0,0.0,0.0,1.0,1252.0,3.0,0.0,96.0,2.0,2.0,0.0,0.0,0.0,0.0,0.0,0.0,0.0,1.0,0.0,1.0,1.0,0.0,0.0,6812.0,17198.0,1.0,1.0,0.0,19.0,3.0,2.0,80.0,0.0,10.0,2.0,3.0,10.0,9.0,1.0,8.0,0
33.0,1.0,0.0,0.0,465.0,0.0,1.0,0.0,2.0,2.0,0.0,0.0,1.0,0.0,0.0,0.0,1.0,328.0,1.0,0.0,39.0,3.0,1.0,0.0,1.0,0.0,0.0,0.0,0.0,0.0,0.0,0.0,1.0,0.0,1.0,0.0,2707.0,21509.0,7.0,1.0,0.0,20.0,4.0,1.0,80.0,0.0,13.0,3.0,4.0,9.0,7.0,1.0,7.0,1
36.0,0.0,0.0,1.0,845.0,1.0,0.0,0.0,1.0,5.0,0.0,1.0,0.0,0.0,0.0,0.0,1.0,479.0,4.0,0.0,45.0,3.0,2.0,0.0,0.0,1.0,0.0,0.0,0.0,0.0,0.0,0.0,4.0,1.0,0.0,0.0,6653.0,15276.0,4.0,1.0,0.0,15.0,3.0,2.0,80.0,0.0,7.0,6.0,3.0,1.0,0.0,0.0,0.0,0
27.0,0.0,1.0,0.0,829.0,1.0,0.0,0.0,8.0,1.0,1.0,0.0,0.0,0.0,0.0,0.0,1.0,800.0,3.0,1.0,84.0,3.0,2.0,0.0,0.0,1.0,0.0,0.0,0.0,0.0,0.0,0.0,4.0,0.0,1.0,0.0,4342.0,24008.0,0.0,1.0,0.0,19.0,3.0,2.0,80.0,1.0,5.0,3.0,3.0,4.0,2.0,1.0,1.0,0
45.0,0.0,1.0,0.0,1199.0,0.0,1.0,0.0,7.0,4.0,0.0,0.0,1.0,0.0,0.0,0.0,1.0,341.0,1.0,1.0,77.0,4.0,2.0,0.0,0.0,0.0,1.0,0.0,0.0,0.0,0.0,0.0,3.0,0.0,1.0,0.0,6434.0,5118.0,4.0,1.0,0.0,17.0,3.0,4.0,80.0,1.0,9.0,1.0,3.0,3.0,2.0,0.0,2.0,0
30.0,1.0,0.0,0.0,201.0,0.0,1.0,0.0,5.0,3.0,0.0,0.0,0.0,0.0,1.0,0.0,1.0,197.0,4.0,0.0,84.0,3.0,1.0,0.0,0.0,0.0,0.0,0.0,1.0,0.0,0.0,0.0,1.0,0.0,0.0,1.0,3204.0,10415.0,5.0,1.0,0.0,14.0,3.0,4.0,80.0,1.0,8.0,3.0,3.0,3.0,2.0,2.0,2.0,0
26.0,0.0,1.0,0.0,575.0,0.0,1.0,0.0,1.0,2.0,0.0,0.0,1.0,0.0,0.0,0.0,1.0,792.0,1.0,0.0,71.0,1.0,1.0,0.0,1.0,0.0,0.0,0.0,0.0,0.0,0.0,0.0,4.0,0.0,0.0,1.0,4364.0,5288.0,3.0,1.0,0.0,14.0,3.0,1.0,80.0,1.0,5.0,2.0,3.0,2.0,2.0,2.0,0.0,0
39.0,1.0,0.0,0.0,1462.0,1.0,0.0,0.0,6.0,3.0,0.0,1.0,0.0,0.0,0.0,0.0,1.0,1588.0,4.0,1.0,38.0,4.0,3.0,0.0,0.0,1.0,0.0,0.0,0.0,0.0,0.0,0.0,3.0,0.0,1.0,0.0,8237.0,4658.0,2.0,1.0,0.0,11.0,3.0,1.0,80.0,1.0,11.0,3.0,3.0,7.0,6.0,7.0,6.0,0
58.0,1.0,0.0,0.0,1145.0,0.0,1.0,0.0,9.0,3.0,0.0,1.0,0.0,0.0,0.0,0.0,1.0,214.0,2.0,0.0,75.0,2.0,1.0,0.0,0.0,0.0,0.0,0.0,1.0,0.0,0.0,0.0,2.0,0.0,1.0,0.0,3346.0,11873.0,4.0,1.0,1.0,20.0,4.0,2.0,80.0,1.0,9.0,3.0,2.0,1.0,0.0,0.0,0.0,0
34.0,0.0,0.0,1.0,1065.0,1.0,0.0,0.0,23.0,4.0,1.0,0.0,0.0,0.0,0.0,0.0,1.0,60.0,2.0,1.0,72.0,3.0,2.0,0.0,0.0,1.0,0.0,0.0,0.0,0.0,0.0,0.0,3.0,1.0,0.0,0.0,4568.0,10034.0,0.0,1.0,0.0,20.0,4.0,3.0,80.0,0.0,10.0,2.0,3.0,9.0,5.0,8.0,7.0,0
29.0,0.0,1.0,0.0,115.0,1.0,0.0,0.0,13.0,3.0,0.0,0.0,0.0,0.0,1.0,0.0,1.0,1487.0,1.0,0.0,51.0,3.0,2.0,0.0,0.0,1.0,0.0,0.0,0.0,0.0,0.0,0.0,2.0,1.0,0.0,0.0,5765.0,17485.0,5.0,1.0,0.0,11.0,3.0,1.0,80.0,0.0,7.0,4.0,1.0,5.0,3.0,0.0,0.0,1
22.0,1.0,0.0,0.0,581.0,0.0,1.0,0.0,1.0,2.0,0.0,0.0,1.0,0.0,0.0,0.0,1.0,2007.0,4.0,1.0,63.0,3.0,1.0,0.0,0.0,0.0,0.0,0.0,1.0,0.0,0.0,0.0,3.0,1.0,0.0,0.0,3375.0,17624.0,0.0,1.0,0.0,12.0,3.0,4.0,80.0,0.0,4.0,2.0,4.0,3.0,2.0,1.0,2.0,0
38.0,1.0,0.0,0.0,1321.0,1.0,0.0,0.0,1.0,4.0,0.0,0.0,1.0,0.0,0.0,0.0,1.0,1995.0,4.0,1.0,86.0,3.0,2.0,0.0,0.0,1.0,0.0,0.0,0.0,0.0,0.0,0.0,2.0,0.0,1.0,0.0,4440.0,7636.0,0.0,1.0,0.0,15.0,3.0,1.0,80.0,2.0,16.0,3.0,3.0,15.0,13.0,5.0,8.0,0
35.0,0.0,0.0,1.0,1097.0,0.0,1.0,0.0,11.0,2.0,0.0,1.0,0.0,0.0,0.0,0.0,1.0,70.0,3.0,1.0,79.0,2.0,3.0,0.0,0.0,0.0,0.0,0.0,0.0,0.0,1.0,0.0,1.0,0.0,1.0,0.0,9884.0,8302.0,2.0,1.0,1.0,13.0,3.0,3.0,80.0,1.0,10.0,3.0,3.0,4.0,0.0,2.0,3.0,0
50.0,1.0,0.0,0.0,316.0,1.0,0.0,0.0,8.0,4.0,1.0,0.0,0.0,0.0,0.0,0.0,1.0,738.0,4.0,1.0,54.0,3.0,1.0,0.0,0.0,0.0,0.0,0.0,0.0,0.0,0.0,1.0,2.0,0.0,1.0,0.0,3875.0,9983.0,7.0,1.0,0.0,15.0,3.0,4.0,80.0,1.0,4.0,2.0,3.0,2.0,2.0,2.0,2.0,0
27.0,1.0,0.0,0.0,1420.0,1.0,0.0,0.0,2.0,1.0,1.0,0.0,0.0,0.0,0.0,0.0,1.0,667.0,3.0,1.0,85.0,3.0,1.0,0.0,0.0,0.0,0.0,0.0,0.0,0.0,0.0,1.0,1.0,0.0,0.0,1.0,3041.0,16346.0,0.0,1.0,0.0,11.0,3.0,2.0,80.0,1.0,5.0,3.0,3.0,4.0,3.0,0.0,2.0,1
33.0,1.0,0.0,0.0,589.0,0.0,1.0,0.0,28.0,4.0,0.0,0.0,1.0,0.0,0.0,0.0,1.0,1549.0,2.0,1.0,79.0,3.0,2.0,0.0,1.0,0.0,0.0,0.0,0.0,0.0,0.0,0.0,3.0,0.0,1.0,0.0,5207.0,22949.0,1.0,1.0,1.0,12.0,3.0,2.0,80.0,1.0,15.0,3.0,3.0,15.0,14.0,5.0,7.0,0
21.0,1.0,0.0,0.0,546.0,0.0,1.0,0.0,5.0,1.0,0.0,1.0,0.0,0.0,0.0,0.0,1.0,1623.0,3.0,1.0,97.0,3.0,1.0,0.0,0.0,0.0,0.0,0.0,1.0,0.0,0.0,0.0,4.0,1.0,0.0,0.0,3117.0,26009.0,1.0,1.0,0.0,18.0,3.0,3.0,80.0,0.0,3.0,2.0,3.0,2.0,2.0,2.0,2.0,0
29.0,1.0,0.0,0.0,1090.0,1.0,0.0,0.0,10.0,3.0,1.0,0.0,0.0,0.0,0.0,0.0,1.0,766.0,4.0,1.0,83.0,3.0,1.0,0.0,0.0,0.0,0.0,0.0,0.0,0.0,0.0,1.0,2.0,0.0,0.0,1.0,2297.0,17967.0,1.0,1.0,0.0,14.0,3.0,4.0,80.0,2.0,2.0,2.0,3.0,2.0,2.0,2.0,2.0,0
35.0,1.0,0.0,0.0,538.0,0.0,1.0,0.0,25.0,2.0,0.0,0.0,0.0,0.0,0.0,1.0,1.0,652.0,1.0,1.0,54.0,2.0,2.0,0.0,1.0,0.0,0.0,0.0,0.0,0.0,0.0,0.0,4.0,1.0,0.0,0.0,3681.0,14004.0,4.0,1.0,0.0,14.0,3.0,4.0,80.0,0.0,9.0,3.0,3.0,3.0,2.0,0.0,2.0,0
52.0,1.0,0.0,0.0,621.0,1.0,0.0,0.0,3.0,4.0,1.0,0.0,0.0,0.0,0.0,0.0,1.0,776.0,3.0,1.0,31.0,2.0,4.0,1.0,0.0,0.0,0.0,0.0,0.0,0.0,0.0,0.0,1.0,0.0,1.0,0.0,16856.0,10084.0,1.0,1.0,0.0,11.0,3.0,1.0,80.0,0.0,34.0,3.0,4.0,34.0,6.0,1.0,16.0,0
37.0,1.0,0.0,0.0,921.0,0.0,1.0,0.0,10.0,3.0,0.0,1.0,0.0,0.0,0.0,0.0,1.0,486.0,3.0,0.0,98.0,3.0,1.0,0.0,1.0,0.0,0.0,0.0,0.0,0.0,0.0,0.0,1.0,0.0,1.0,0.0,3452.0,17663.0,6.0,1.0,0.0,20.0,4.0,2.0,80.0,1.0,17.0,3.0,3.0,5.0,4.0,0.0,3.0,0
55.0,1.0,0.0,0.0,1441.0,0.0,1.0,0.0,22.0,3.0,0.0,0.0,0.0,0.0,1.0,0.0,1.0,1694.0,1.0,1.0,94.0,2.0,1.0,0.0,0.0,0.0,0.0,0.0,1.0,0.0,0.0,0.0,2.0,0.0,0.0,1.0,3537.0,23737.0,5.0,1.0,0.0,12.0,3.0,4.0,80.0,1.0,8.0,1.0,3.0,4.0,2.0,1.0,2.0,0
40.0,1.0,0.0,0.0,1137.0,0.0,1.0,0.0,1.0,4.0,0.0,0.0,1.0,0.0,0.0,0.0,1.0,1892.0,1.0,1.0,98.0,3.0,4.0,1.0,0.0,0.0,0.0,0.0,0.0,0.0,0.0,0.0,1.0,0.0,0.0,1.0,16823.0,18991.0,2.0,1.0,0.0,11.0,3.0,1.0,80.0,1.0,22.0,3.0,3.0,19.0,7.0,11.0,16.0,0
35.0,0.0,1.0,0.0,664.0,0.0,1.0,0.0,1.0,3.0,0.0,1.0,0.0,0.0,0.0,0.0,1.0,88.0,2.0,1.0,79.0,3.0,1.0,0.0,0.0,0.0,0.0,0.0,1.0,0.0,0.0,0.0,1.0,0.0,1.0,0.0,2194.0,5868.0,4.0,1.0,0.0,13.0,3.0,4.0,80.0,1.0,5.0,2.0,2.0,3.0,2.0,1.0,2.0,0
31.0,1.0,0.0,0.0,471.0,0.0,1.0,0.0,4.0,3.0,0.0,1.0,0.0,0.0,0.0,0.0,1.0,1916.0,1.0,0.0,62.0,4.0,1.0,0.0,1.0,0.0,0.0,0.0,0.0,0.0,0.0,0.0,3.0,0.0,0.0,1.0,3978.0,16031.0,8.0,1.0,0.0,12.0,3.0,2.0,80.0,1.0,4.0,0.0,2.0,2.0,2.0,2.0,2.0,0
39.0,1.0,0.0,0.0,360.0,0.0,1.0,0.0,23.0,3.0,0.0,1.0,0.0,0.0,0.0,0.0,1.0,1310.0,3.0,1.0,93.0,3.0,1.0,0.0,0.0,0.0,0.0,0.0,1.0,0.0,0.0,0.0,1.0,1.0,0.0,0.0,3904.0,22154.0,0.0,1.0,0.0,13.0,3.0,1.0,80.0,0.0,6.0,2.0,3.0,5.0,2.0,0.0,3.0,1
34.0,0.0,1.0,0.0,878.0,0.0,1.0,0.0,10.0,4.0,0.0,1.0,0.0,0.0,0.0,0.0,1.0,277.0,4.0,1.0,43.0,3.0,1.0,0.0,0.0,0.0,0.0,0.0,1.0,0.0,0.0,0.0,3.0,0.0,0.0,1.0,3815.0,5972.0,1.0,1.0,1.0,17.0,3.0,4.0,80.0,1.0,5.0,4.0,4.0,5.0,3.0,2.0,0.0,0
31.0,0.0,1.0,0.0,703.0,1.0,0.0,0.0,2.0,3.0,0.0,0.0,1.0,0.0,0.0,0.0,1.0,1379.0,3.0,0.0,90.0,2.0,1.0,0.0,0.0,0.0,0.0,0.0,0.0,0.0,0.0,1.0,4.0,1.0,0.0,0.0,2785.0,11882.0,7.0,1.0,0.0,14.0,3.0,3.0,80.0,0.0,3.0,3.0,4.0,1.0,0.0,0.0,0.0,1
26.0,1.0,0.0,0.0,933.0,1.0,0.0,0.0,1.0,3.0,0.0,0.0,1.0,0.0,0.0,0.0,1.0,476.0,3.0,1.0,57.0,3.0,2.0,0.0,0.0,1.0,0.0,0.0,0.0,0.0,0.0,0.0,3.0,0.0,1.0,0.0,5296.0,20156.0,1.0,1.0,0.0,17.0,3.0,2.0,80.0,1.0,8.0,3.0,3.0,8.0,7.0,7.0,7.0,0
28.0,0.0,1.0,0.0,791.0,0.0,1.0,0.0,1.0,4.0,0.0,1.0,0.0,0.0,0.0,0.0,1.0,1286.0,4.0,1.0,44.0,3.0,1.0,0.0,1.0,0.0,0.0,0.0,0.0,0.0,0.0,0.0,3.0,1.0,0.0,0.0,2154.0,6842.0,0.0,1.0,1.0,11.0,3.0,3.0,80.0,0.0,5.0,2.0,2.0,4.0,2.0,0.0,2.0,0
50.0,0.0,1.0,0.0,1234.0,0.0,1.0,0.0,20.0,5.0,0.0,1.0,0.0,0.0,0.0,0.0,1.0,1606.0,2.0,1.0,41.0,3.0,4.0,0.0,0.0,0.0,0.0,0.0,0.0,0.0,1.0,0.0,3.0,0.0,1.0,0.0,11245.0,20689.0,2.0,1.0,1.0,15.0,3.0,3.0,80.0,1.0,32.0,3.0,3.0,30.0,8.0,12.0,13.0,0
36.0,1.0,0.0,0.0,329.0,0.0,1.0,0.0,2.0,3.0,0.0,0.0,1.0,0.0,0.0,0.0,1.0,501.0,4.0,0.0,96.0,3.0,1.0,0.0,0.0,0.0,0.0,0.0,1.0,0.0,0.0,0.0,3.0,0.0,1.0,0.0,2543.0,11868.0,4.0,1.0,0.0,13.0,3.0,2.0,80.0,1.0,6.0,3.0,3.0,2.0,2.0,2.0,2.0,0
41.0,0.0,0.0,1.0,256.0,1.0,0.0,0.0,10.0,2.0,0.0,1.0,0.0,0.0,0.0,0.0,1.0,1329.0,3.0,1.0,40.0,1.0,2.0,0.0,0.0,1.0,0.0,0.0,0.0,0.0,0.0,0.0,2.0,1.0,0.0,0.0,6151.0,22074.0,1.0,1.0,0.0,13.0,3.0,1.0,80.0,0.0,19.0,4.0,3.0,19.0,2.0,11.0,9.0,0
36.0,0.0,1.0,0.0,635.0,0.0,1.0,0.0,18.0,1.0,0.0,1.0,0.0,0.0,0.0,0.0,1.0,286.0,2.0,0.0,73.0,3.0,1.0,0.0,1.0,0.0,0.0,0.0,0.0,0.0,0.0,0.0,4.0,1.0,0.0,0.0,2153.0,7703.0,1.0,1.0,0.0,13.0,3.0,1.0,80.0,0.0,8.0,2.0,3.0,8.0,1.0,1.0,7.0,0
42.0,1.0,0.0,0.0,691.0,1.0,0.0,0.0,8.0,4.0,1.0,0.0,0.0,0.0,0.0,0.0,1.0,35.0,3.0,1.0,48.0,3.0,2.0,0.0,0.0,1.0,0.0,0.0,0.0,0.0,0.0,0.0,2.0,0.0,1.0,0.0,6825.0,21173.0,0.0,1.0,0.0,11.0,3.0,4.0,80.0,1.0,10.0,2.0,3.0,9.0,7.0,4.0,2.0,0
31.0,1.0,0.0,0.0,1332.0,0.0,1.0,0.0,11.0,2.0,0.0,1.0,0.0,0.0,0.0,0.0,1.0,1251.0,3.0,1.0,80.0,3.0,2.0,0.0,0.0,0.0,0.0,0.0,0.0,0.0,1.0,0.0,1.0,0.0,1.0,0.0,6833.0,17089.0,1.0,1.0,1.0,12.0,3.0,4.0,80.0,0.0,6.0,2.0,2.0,6.0,5.0,0.0,1.0,0
29.0,0.0,0.0,1.0,746.0,1.0,0.0,0.0,2.0,3.0,0.0,0.0,1.0,0.0,0.0,0.0,1.0,469.0,4.0,1.0,61.0,3.0,2.0,0.0,0.0,1.0,0.0,0.0,0.0,0.0,0.0,0.0,3.0,0.0,1.0,0.0,4649.0,16928.0,1.0,1.0,0.0,14.0,3.0,1.0,80.0,1.0,4.0,3.0,2.0,4.0,3.0,0.0,2.0,0
30.0,1.0,0.0,0.0,852.0,1.0,0.0,0.0,10.0,3.0,1.0,0.0,0.0,0.0,0.0,0.0,1.0,1179.0,3.0,1.0,72.0,2.0,2.0,0.0,0.0,1.0,0.0,0.0,0.0,0.0,0.0,0.0,3.0,0.0,1.0,0.0,6578.0,2706.0,1.0,1.0,0.0,18.0,3.0,1.0,80.0,1.0,10.0,3.0,3.0,10.0,3.0,1.0,4.0,0
58.0,0.0,0.0,1.0,390.0,0.0,1.0,0.0,1.0,4.0,0.0,0.0,1.0,0.0,0.0,0.0,1.0,422.0,4.0,1.0,32.0,1.0,2.0,0.0,0.0,0.0,0.0,0.0,0.0,0.0,1.0,0.0,3.0,0.0,0.0,1.0,5660.0,17056.0,2.0,1.0,1.0,13.0,3.0,4.0,80.0,1.0,12.0,2.0,3.0,5.0,3.0,1.0,2.0,0
35.0,1.0,0.0,0.0,763.0,1.0,0.0,0.0,15.0,2.0,0.0,1.0,0.0,0.0,0.0,0.0,1.0,1645.0,1.0,1.0,59.0,1.0,2.0,0.0,0.0,1.0,0.0,0.0,0.0,0.0,0.0,0.0,4.0,0.0,0.0,1.0,5440.0,22098.0,6.0,1.0,1.0,14.0,3.0,4.0,80.0,2.0,7.0,2.0,2.0,2.0,2.0,2.0,2.0,1
26.0,1.0,0.0,0.0,474.0,0.0,1.0,0.0,3.0,3.0,0.0,0.0,1.0,0.0,0.0,0.0,1.0,1581.0,1.0,0.0,89.0,3.0,1.0,0.0,0.0,0.0,0.0,0.0,1.0,0.0,0.0,0.0,4.0,0.0,1.0,0.0,2061.0,11133.0,1.0,1.0,0.0,21.0,4.0,1.0,80.0,0.0,1.0,5.0,3.0,1.0,0.0,0.0,0.0,0
23.0,1.0,0.0,0.0,373.0,0.0,1.0,0.0,1.0,2.0,0.0,0.0,1.0,0.0,0.0,0.0,1.0,1270.0,4.0,1.0,47.0,3.0,1.0,0.0,0.0,0.0,0.0,0.0,1.0,0.0,0.0,0.0,3.0,0.0,1.0,0.0,1223.0,16901.0,1.0,1.0,0.0,22.0,4.0,4.0,80.0,1.0,1.0,2.0,3.0,1.0,0.0,0.0,1.0,0
35.0,1.0,0.0,0.0,750.0,0.0,1.0,0.0,28.0,3.0,0.0,0.0,1.0,0.0,0.0,0.0,1.0,1596.0,2.0,1.0,46.0,4.0,2.0,0.0,1.0,0.0,0.0,0.0,0.0,0.0,0.0,0.0,3.0,0.0,1.0,0.0,3407.0,25348.0,1.0,1.0,0.0,17.0,3.0,4.0,80.0,2.0,10.0,3.0,2.0,10.0,9.0,6.0,8.0,0
33.0,0.0,1.0,0.0,1076.0,0.0,1.0,0.0,3.0,3.0,0.0,0.0,1.0,0.0,0.0,0.0,1.0,702.0,1.0,1.0,70.0,3.0,1.0,0.0,0.0,0.0,0.0,0.0,1.0,0.0,0.0,0.0,1.0,1.0,0.0,0.0,3348.0,3164.0,1.0,1.0,1.0,11.0,3.0,1.0,80.0,0.0,10.0,3.0,3.0,10.0,8.0,9.0,7.0,1
37.0,1.0,0.0,0.0,674.0,0.0,1.0,0.0,13.0,3.0,0.0,1.0,0.0,0.0,0.0,0.0,1.0,1543.0,1.0,1.0,47.0,3.0,2.0,0.0,0.0,0.0,0.0,0.0,1.0,0.0,0.0,0.0,4.0,0.0,1.0,0.0,4285.0,3031.0,1.0,1.0,0.0,17.0,3.0,1.0,80.0,0.0,10.0,2.0,3.0,10.0,8.0,3.0,7.0,0
31.0,0.0,0.0,1.0,335.0,0.0,1.0,0.0,9.0,2.0,0.0,1.0,0.0,0.0,0.0,0.0,1.0,991.0,3.0,1.0,46.0,2.0,1.0,0.0,0.0,0.0,0.0,0.0,1.0,0.0,0.0,0.0,1.0,1.0,0.0,0.0,2321.0,10322.0,0.0,1.0,1.0,22.0,4.0,1.0,80.0,0.0,4.0,0.0,3.0,3.0,2.0,1.0,2.0,1
40.0,1.0,0.0,0.0,898.0,0.0,0.0,1.0,6.0,2.0,0.0,1.0,0.0,0.0,0.0,0.0,1.0,1550.0,3.0,1.0,38.0,3.0,4.0,1.0,0.0,0.0,0.0,0.0,0.0,0.0,0.0,0.0,4.0,1.0,0.0,0.0,16437.0,17381.0,1.0,1.0,1.0,21.0,4.0,4.0,80.0,0.0,21.0,2.0,3.0,21.0,7.0,7.0,7.0,0
29.0,1.0,0.0,0.0,1396.0,1.0,0.0,0.0,10.0,3.0,0.0,0.0,1.0,0.0,0.0,0.0,1.0,749.0,3.0,1.0,99.0,3.0,1.0,0.0,0.0,0.0,0.0,0.0,0.0,0.0,0.0,1.0,3.0,1.0,0.0,0.0,2642.0,2755.0,1.0,1.0,0.0,11.0,3.0,3.0,80.0,0.0,1.0,6.0,3.0,1.0,0.0,0.0,0.0,0
47.0,1.0,0.0,0.0,1176.0,0.0,0.0,1.0,26.0,4.0,0.0,0.0,1.0,0.0,0.0,0.0,1.0,1625.0,4.0,0.0,98.0,3.0,5.0,1.0,0.0,0.0,0.0,0.0,0.0,0.0,0.0,0.0,3.0,0.0,1.0,0.0,19658.0,5220.0,3.0,1.0,0.0,11.0,3.0,3.0,80.0,1.0,27.0,2.0,3.0,5.0,2.0,1.0,0.0,0
60.0,0.0,1.0,0.0,1499.0,1.0,0.0,0.0,28.0,3.0,1.0,0.0,0.0,0.0,0.0,0.0,1.0,573.0,3.0,0.0,80.0,2.0,3.0,0.0,0.0,1.0,0.0,0.0,0.0,0.0,0.0,0.0,1.0,0.0,1.0,0.0,10266.0,2845.0,4.0,1.0,0.0,19.0,3.0,4.0,80.0,0.0,22.0,5.0,4.0,18.0,13.0,13.0,11.0,0
29.0,1.0,0.0,0.0,224.0,0.0,1.0,0.0,1.0,4.0,0.0,0.0,0.0,0.0,1.0,0.0,1.0,1522.0,1.0,1.0,100.0,2.0,1.0,0.0,0.0,0.0,0.0,0.0,1.0,0.0,0.0,0.0,1.0,1.0,0.0,0.0,2362.0,7568.0,6.0,1.0,0.0,13.0,3.0,3.0,80.0,0.0,11.0,2.0,1.0,9.0,7.0,0.0,7.0,1
38.0,1.0,0.0,0.0,433.0,0.0,0.0,1.0,1.0,3.0,0.0,0.0,0.0,1.0,0.0,0.0,1.0,1152.0,3.0,1.0,37.0,4.0,1.0,0.0,0.0,0.0,0.0,0.0,0.0,1.0,0.0,0.0,3.0,0.0,1.0,0.0,2844.0,6004.0,1.0,1.0,0.0,13.0,3.0,4.0,80.0,1.0,7.0,2.0,4.0,7.0,6.0,5.0,0.0,0
36.0,0.0,0.0,1.0,301.0,1.0,0.0,0.0,15.0,4.0,1.0,0.0,0.0,0.0,0.0,0.0,1.0,2036.0,4.0,1.0,88.0,1.0,2.0,0.0,0.0,1.0,0.0,0.0,0.0,0.0,0.0,0.0,4.0,0.0,0.0,1.0,5406.0,10436.0,1.0,1.0,0.0,24.0,4.0,1.0,80.0,1.0,15.0,4.0,2.0,15.0,12.0,11.0,11.0,0
40.0,0.0,1.0,0.0,1469.0,0.0,1.0,0.0,9.0,4.0,0.0,1.0,0.0,0.0,0.0,0.0,1.0,964.0,4.0,1.0,35.0,3.0,1.0,0.0,0.0,0.0,0.0,0.0,1.0,0.0,0.0,0.0,2.0,0.0,0.0,1.0,3617.0,25063.0,8.0,1.0,1.0,14.0,3.0,4.0,80.0,1.0,3.0,2.0,3.0,1.0,1.0,0.0,0.0,0
50.65176137548406,1.0,0.0,0.0,1311.756867265628,0.0,1.0,0.0,4.298490249585096,4.0,0.0,0.0,1.0,0.0,0.0,0.0,1.0,1086.920056616771,1.0994967498616985,1.0,37.08439924571265,3.0,1.0,0.0,0.0,0.0,0.0,0.0,1.0,0.0,0.0,0.0,3.0,0.04974837493084927,0.9502516250691507,0.0,2484.630478092153,10356.57569721584,8.602013000553207,1.0,1.0,11.95025162506915,3.0,3.0,80.0,2.850754875207452,17.403019500829807,2.0994967498616983,3.950251625069151,9.801006500276603,0.19899349972339708,1.9005032501383015,6.751258125345753,1
37.02437301366234,1.0,0.0,0.0,1030.4560225560374,0.8159660896670599,0.18403391033294014,0.0,7.128576475659983,2.81596608966706,0.0,0.18403391033294014,0.0,0.0,0.8159660896670599,0.0,1.0,1232.6884493500497,4.0,0.8159660896670599,82.3193217933412,3.0,2.81596608966706,0.0,0.0,0.8159660896670599,0.0,0.0,0.0,0.0,0.18403391033294014,0.0,1.18403391033294,0.8159660896670599,0.18403391033294014,0.0,9461.273754821592,10426.673260359466,0.7361356413317606,1.0,0.8159660896670599,22.0,4.0,1.5521017309988205,80.0,0.18403391033294014,9.73613564133176,2.0,3.18403391033294,8.184033910332941,7.0,3.81596608966706,7.0,1
29.291895771209706,0.6770260571975738,0.0,0.3229739428024262,1259.382739868369,0.3229739428024262,0.6770260571975738,0.0,4.906765485221836,4.0,0.0,0.6770260571975738,0.0,0.0,0.0,0.3229739428024262,1.0,501.6880230752634,1.9689218284072787,1.0,76.24862537274177,1.9689218284072787,1.322973942802426,0.0,0.0,0.3229739428024262,0.0,0.0,0.6770260571975738,0.0,0.0,0.0,3.677026057197574,0.0,1.0,0.0,3865.456610903416,24471.192445073604,5.968921828407279,1.0,0.6770260571975738,12.677026057197574,3.0,4.0,80.0,0.0,5.3229739428024265,3.354052114395148,2.322973942802426,3.322973942802426,2.0,1.677026057197574,2.0,1
31.804687716595947,0.027901754772007625,0.9720982452279924,0.0,1127.6227649485686,0.0,1.0,0.0,15.665178942735908,1.0,0.0,0.0,0.9720982452279924,0.0,0.027901754772007625,0.0,1.0,62.938582870364144,2.055803509544015,0.027901754772007625,70.88392980911969,1.0558035095440153,1.0,0.0,0.027901754772007625,0.0,0.0,0.0,0.9720982452279924,0.0,0.0,0.0,1.083705264316023,0.9720982452279924,0.027901754772007625,0.0,3912.638399911982,4678.879466637328,1.0,1.0,1.0,21.804687716595947,3.9720982452279925,2.0,80.0,0.027901754772007625,9.916294735683977,4.944196490455985,3.0279017547720075,9.916294735683977,2.1395087738600385,5.9720982452279925,6.9720982452279925,1
43.962053293491174,0.0,0.9873510978303908,0.012648902169609233,919.8229153696254,0.0,1.0,0.0,23.759670858777426,2.9873510978303908,0.0,0.0,1.0,0.0,0.0,0.0,1.0,402.3468019747404,3.9620532934911723,1.0,43.65774291281968,2.9873510978303908,1.0,0.0,0.9873510978303908,0.0,0.0,0.0,0.012648902169609233,0.0,0.0,0.0,2.9747021956607815,0.0,0.0,1.0,3147.668057113232,19924.718040509266,3.0379467065088277,1.0,0.9873510978303908,21.936755489151956,3.9873510978303908,3.9620532934911723,80.0,1.0,18.82291536962547,0.025297804339218466,1.0,1.0,0.0,0.0,0.0,1
55.95669933127111,1.0,0.0,0.0,564.2419965544393,0.40866013374577803,0.591339866254222,0.0,23.408660133745776,4.0,0.0,0.591339866254222,0.40866013374577803,0.0,0.0,0.0,1.0,901.8142211436378,2.774019598762666,0.40866013374577803,82.55751625511822,3.0,3.0,0.0,0.0,0.40866013374577803,0.0,0.0,0.0,0.0,0.591339866254222,0.0,2.774019598762666,0.40866013374577803,0.591339866254222,0.0,10367.577778189427,4436.79379804746,3.0433006687288904,1.0,0.40866013374577803,12.408660133745778,3.0,3.182679732508444,80.0,0.591339866254222,29.78349665635555,2.5913398662542217,2.0,24.470914917660437,6.730718930033776,9.687418261304884,4.365359465016888,1
26.279615514442373,1.0,0.0,0.0,856.6612923986884,0.0,1.0,0.0,2.7203844855576262,2.3440768971115253,0.0,0.0,1.0,0.0,0.0,0.0,1.0,765.0853827978068,1.6881537942230505,0.3440768971115252,65.6236924115539,2.0322306913345756,1.0,0.0,0.3440768971115252,0.0,0.0,0.0,0.6559231028884748,0.0,0.0,0.0,1.6559231028884747,0.6559231028884748,0.3440768971115252,0.0,2004.3927082764121,3725.0791649333787,4.935538617330849,1.0,1.0,15.752615176892203,3.3440768971115253,3.6559231028884747,80.0,0.6881537942230505,6.903307925996273,3.3118462057769493,3.0,4.591461720219323,4.591461720219323,1.9677693086654244,4.591461720219323,1
28.754774412390177,0.40565319845122805,0.0,0.594346801548772,1157.184852009591,1.0,0.0,0.0,7.754774412390176,3.188693603097544,0.0,0.0,0.40565319845122805,0.0,0.0,0.594346801548772,1.0,667.1031346621593,2.7830404046463157,0.594346801548772,62.02826599225614,3.594346801548772,2.0,0.0,0.0,1.0,0.0,0.0,0.0,0.0,0.0,0.0,3.0,0.40565319845122805,0.594346801548772,0.0,4654.26508420134,24267.323935851018,8.405653198451228,1.0,0.0,12.811306396902456,3.0,2.7830404046463157,80.0,0.0,5.188693603097544,2.405653198451228,3.0,3.188693603097544,2.0,1.405653198451228,1.188693603097544,1
50.02220872204229,1.0,0.0,0.0,249.36839171595204,0.0,1.0,0.0,5.860221586108566,3.2573481057405713,0.0,0.0,0.2573481057405711,0.0,0.7426518942594289,0.0,1.0,1087.1449892569644,4.0,0.7426518942594289,51.0,3.0,1.0,0.0,0.0,0.0,0.0,0.0,1.0,0.0,0.0,0.0,3.0,1.0,0.0,0.0,2457.1254110120512,26086.48793426565,3.227955682778287,1.0,0.2573481057405711,21.169170836853716,3.7426518942594287,1.7720443172217133,80.0,0.0,7.257348105740571,3.485303788518858,3.0,2.8014367401839975,0.5146962114811422,1.8014367401839977,1.8014367401839977,1
53.41326337999934,1.0,0.0,0.0,1083.6116178041345,0.9173473240001317,0.08265267599986825,0.0,23.917347324000133,4.0,0.0,0.08265267599986825,0.9173473240001317,0.0,0.0,0.0,1.0,1818.9772251722375,1.2479580279996048,0.9173473240001317,68.31427492799631,3.0,3.0,0.0,0.0,0.9173473240001317,0.0,0.0,0.0,0.0,0.08265267599986825,0.0,1.2479580279996048,0.9173473240001317,0.08265267599986825,0.0,10436.759236064017,5646.451936472314,5.586736620000659,1.0,0.9173473240001317,12.917347324000131,3.0,2.1653053519997365,80.0,0.08265267599986825,17.066316899996707,2.082652675999868,2.0,5.140801687994994,2.661221407998946,3.074484787998287,2.330610703999473,1
37.209168961646505,0.736389653882168,0.26361034611783196,0.0,1100.9168961646503,0.26361034611783196,0.736389653882168,0.0,24.518624115996857,1.7908310383534958,0.0,0.736389653882168,0.0,0.0,0.0,0.26361034611783196,1.0,647.1003293731973,2.527220692235664,1.0,61.037248231993715,3.0,2.0,0.0,0.0,0.26361034611783196,0.0,0.0,0.0,0.0,0.736389653882168,0.0,1.7908310383534958,0.26361034611783196,0.736389653882168,0.0,6121.527155921495,11106.206274649237,5.945558615528672,1.0,1.0,20.31805173058916,3.263610346117832,1.736389653882168,80.0,0.0,15.945558615528672,2.0,3.263610346117832,3.63610346117832,2.3724931150604878,1.5816620767069918,1.8452724228248236,1
45.92780219735382,0.27147985350974524,0.7285201464902548,0.0,616.5674505554588,1.0,0.0,0.0,9.900358974568217,2.0,0.0,0.27147985350974524,0.0,0.0,0.7285201464902548,0.0,1.0,973.3044249359851,1.7285201464902546,1.0,52.443318681587705,2.4570402929805093,2.0,0.0,0.0,1.0,0.0,0.0,0.0,0.0,0.0,0.0,3.2714798535097454,0.0,0.7285201464902548,0.27147985350974524,6427.873318640785,23084.416278347806,3.8144395605292356,1.0,1.0,14.0,3.0,1.8144395605292356,80.0,1.2714798535097454,15.013721611392803,3.4570402929805093,2.7285201464902546,3.4570402929805093,2.7285201464902546,1.2714798535097454,2.7285201464902546,1
40.82449656570349,0.3986390796831395,0.6013609203168605,0.0,480.7757245806105,0.6013609203168605,0.3986390796831395,0.0,12.979586195247093,2.3986390796831394,0.0,0.6013609203168605,0.3986390796831395,0.0,0.0,0.0,1.0,1417.1349522576832,2.8040827609505814,0.0,76.26396325489245,3.0,1.0,0.0,0.0,0.0,0.0,0.0,0.3986390796831395,0.0,0.0,0.6013609203168605,3.0,0.0,1.0,0.0,2446.511761325718,11659.87354498369,2.7972781593662788,1.0,1.0,11.0,3.0,2.6013609203168606,80.0,1.202721840633721,14.216331043802326,2.6013609203168606,3.0,7.4054436812674425,5.006804601584303,4.209526442218023,4.608165521901163,1
38.22670953462037,0.18488603102530865,0.0,0.8151139689746913,984.3916771547308,0.0,1.0,0.0,7.958176496404938,2.1848860310253087,0.0,0.18488603102530865,0.8151139689746913,0.0,0.0,0.0,1.0,1190.9567388043931,1.0,1.0,84.2766102005321,2.1848860310253087,1.0,0.0,0.18488603102530865,0.0,0.0,0.0,0.8151139689746913,0.0,0.0,0.0,1.3697720620506173,0.0,0.0,1.0,2156.9192283768334,20122.904851456715,5.075569844873456,1.0,0.0,17.554658093075926,3.1848860310253087,1.3697720620506173,80.0,1.0,4.260455875898765,1.6302279379493827,1.1848860310253087,1.0,0.18488603102530865,0.0,0.0,1
21.046181596685525,0.9538184033144764,0.046181596685523574,0.0,379.4408873539961,0.9538184033144764,0.046181596685523574,0.0,6.815273613257906,1.1385447900565708,0.9538184033144764,0.0,0.046181596685523574,0.0,0.0,0.0,1.0,1753.3532187124529,2.0461815966855235,1.0,31.7850871436539,2.9538184033144765,1.0,0.0,0.0,0.0,0.0,0.0,0.046181596685523574,0.0,0.0,0.9538184033144764,2.092363193371047,0.9538184033144764,0.046181596685523574,0.0,2687.035597823281,4551.11353074018,0.9538184033144764,1.0,0.046181596685523574,12.907636806628952,3.0,2.0,80.0,0.046181596685523574,1.0,3.092363193371047,3.0,0.9538184033144764,0.0,0.9538184033144764,0.0,1
30.440318395336206,0.0,1.0,0.0,494.8022001126428,0.0,1.0,0.0,23.279840802331897,2.1028798853811574,0.0,0.0,0.8971201146188424,0.0,0.10287988538115755,0.0,1.0,1857.6091315765032,3.8971201146188426,1.0,69.39920401165949,2.0,1.0,0.0,0.0,0.0,0.0,0.0,1.0,0.0,0.0,0.0,3.8971201146188426,0.8971201146188424,0.10287988538115755,0.0,2438.794240229238,14838.801824407885,1.8230390830492604,1.0,1.0,23.17696091695074,3.8971201146188426,2.205759770762315,80.0,0.10287988538115755,1.5143994269057877,3.1028798853811574,2.1028798853811574,1.0,0.0,0.8971201146188424,0.0,1
39.00667306044165,1.0,0.0,0.0,984.1885139574766,0.37479146686119846,0.6252085331388015,0.0,10.371454936640374,3.6252085331388013,0.0,0.0,0.6252085331388015,0.0,0.0,0.37479146686119846,1.0,1035.2754410429338,2.124374400583595,1.0,35.1243744005836,2.6252085331388013,1.0,0.0,0.0,0.0,0.0,0.0,0.6252085331388015,0.0,0.0,0.37479146686119846,2.6252085331388013,0.37479146686119846,0.6252085331388015,0.0,2333.5709012671923,10187.705285258438,6.001668265110412,1.0,1.0,12.374791466861199,3.0,2.6252085331388013,80.0,1.8756255994164046,11.628545063359626,2.3747914668611987,4.0,6.626876798249214,0.0,1.250417066277603,4.376459731971611,1
35.06715820873953,1.0,0.0,0.0,1285.1479802284236,0.0,1.0,0.0,7.2084869402311025,4.0,0.0,0.0,0.4416973880462206,0.0,0.5583026119537794,0.0,1.0,566.3265354324603,3.0,1.0,70.31807985012614,3.0,1.0,0.0,0.5583026119537794,0.0,0.0,0.0,0.4416973880462206,0.0,0.0,0.0,3.0,1.0,0.0,0.0,3217.9428190366584,11023.080822019685,1.0,1.0,1.0,12.116605223907559,3.0,3.0,80.0,0.0,3.7667895521848824,3.4416973880462205,2.4416973880462205,3.7667895521848824,2.883394776092441,1.1166052239075588,2.0,1
42.74091512646164,0.42351804897659295,0.576481951023407,0.0,663.5220330950351,0.0,1.0,0.0,22.647229265351108,4.0,0.0,0.576481951023407,0.42351804897659295,0.0,0.0,0.0,1.0,702.8930339620026,1.423518048976593,0.0,61.623324881578675,2.423518048976593,1.576481951023407,0.0,0.0,0.0,0.0,0.0,1.0,0.0,0.0,0.0,2.576481951023407,0.576481951023407,0.42351804897659295,0.0,4700.70071228435,3713.878425636675,4.388144391812744,1.0,0.42351804897659295,20.305927804093628,3.576481951023407,1.576481951023407,80.0,1.2705541469297787,11.035373657163849,3.152963902046814,3.0,9.611855608187255,5.729445853070221,3.423518048976593,5.882409755117035,1
32.48796713169712,1.0,0.0,0.0,440.20377642307966,1.0,0.0,0.0,9.347926046318516,3.256016434151441,0.0,0.3719917829242795,0.6280082170757205,0.0,0.0,0.0,1.0,714.2918222937822,1.6280082170757204,1.0,69.67613969028724,1.0,2.0,0.0,0.0,1.0,0.0,0.0,0.0,0.0,0.0,0.0,3.3719917829242796,0.0,0.6280082170757205,0.3719917829242795,5899.702014899427,21244.536832994097,4.743983565848559,1.0,1.0,16.51203286830288,3.0,2.743983565848559,80.0,0.743983565848559,10.140041085378602,2.6280082170757204,2.0,5.140041085378602,5.140041085378602,5.140041085378602,5.140041085378602,1
27.209888261034674,0.8683147101724459,0.13168528982755412,0.0,733.2745444761875,0.0,1.0,0.0,1.2633705796551082,2.263370579655108,0.0,0.0,1.0,0.0,0.0,0.0,1.0,801.83860390033,1.2633705796551082,0.13168528982755412,64.49797949327647,1.131685289827554,1.0,0.0,0.0,0.0,0.0,0.0,1.0,0.0,0.0,0.0,2.263370579655108,0.8683147101724459,0.13168528982755412,0.0,2299.883529620152,3918.2215367294716,6.078202971207121,1.0,1.0,12.736629420344892,3.0,3.736629420344892,80.0,0.13168528982755412,8.814832391552013,4.131685289827554,3.0,6.078202971207121,6.078202971207121,2.6049441305173375,6.078202971207121,1
30.634276232238285,0.7195230193531903,0.2804769806468097,0.0,1148.7910701163746,0.0,0.2804769806468097,0.7195230193531903,7.317138116119142,4.0,0.0,0.0,0.2804769806468097,0.0,0.7195230193531903,0.0,1.0,1392.9540771092422,1.5609539612936194,0.2804769806468097,50.87809207741276,2.7195230193531903,1.0,0.0,0.0,0.0,0.0,0.0,0.2804769806468097,0.7195230193531903,0.0,0.0,3.2804769806468097,0.0,1.0,0.0,2773.132944851796,3394.829004724478,0.7195230193531903,1.0,0.2804769806468097,13.878092077412761,3.0,3.4390460387063806,80.0,0.2804769806468097,1.7195230193531903,1.4023849032340485,3.0,1.4390460387063806,1.4390460387063806,1.4390460387063806,1.4390460387063806,1
28.082304629574494,0.020576157393623284,0.0,0.9794238426063767,1357.7283847277633,0.020576157393623284,0.9794238426063767,0.0,23.526748379946664,2.0,0.0,0.0,0.020576157393623284,0.0,0.9794238426063767,0.0,1.0,1095.4156546206423,1.9794238426063768,1.0,71.21810601904231,1.9794238426063768,2.979423842606377,0.0,0.0,0.020576157393623284,0.0,0.0,0.0,0.0,0.9794238426063767,0.0,1.0205761573936232,1.0,0.0,0.0,8681.11517525887,12350.720159262126,1.1028807869681163,1.0,0.0,12.061728472180869,3.0,1.0205761573936232,80.0,0.0,10.0,2.0,2.020576157393623,9.794238426063767,6.855966898244637,0.9794238426063767,8.814814583457391,1
25.73712685636804,0.9180970159591066,0.0,0.08190298404089336,1230.7121267178477,0.08190298404089336,0.9180970159591066,0.0,5.228544760613401,1.1638059680817867,0.08190298404089336,0.0,0.0,0.0,0.9180970159591066,0.0,1.0,1056.5305976393004,3.75429104787732,1.0,34.86660444143127,3.0819029840408936,1.0819029840408934,0.0,0.9180970159591066,0.08190298404089336,0.0,0.0,0.0,0.0,0.0,0.0,4.0,0.08190298404089336,0.9180970159591066,0.0,3823.109513257961,4608.849440249922,1.5733208882862533,1.0,1.0,14.836194031918213,3.0,2.0,80.0,0.9180970159591066,7.163805968081787,3.0,3.8361940319182133,6.836194031918213,6.590485079795533,4.590485079795533,5.836194031918213,1
32.35519722426395,1.0,0.0,0.0,364.59832322971454,1.0,0.0,0.0,5.322401387868028,3.7289605551472107,0.0,0.0,1.0,0.0,0.0,0.0,1.0,141.0458049669241,2.0,0.8644802775736055,78.4393550036751,1.271039444852789,2.0,0.0,0.0,1.0,0.0,0.0,0.0,0.0,0.0,0.0,3.1355197224263947,0.13551972242639454,0.8644802775736055,0.0,6147.741969685675,20568.245149742743,4.542078889705579,1.0,1.0,17.051361943015237,3.0,1.8644802775736053,80.0,0.0,11.457921110294421,2.5934408327208165,1.8644802775736053,6.864480277573605,6.593440832720816,6.051361943015238,6.728960555147211,1
31.784785679631977,0.0,0.7230982099539971,0.2769017900460029,549.1775965119209,0.2769017900460029,0.7230982099539971,0.0,13.091839381012065,2.723098209953997,0.0,0.2769017900460029,0.7230982099539971,0.0,0.0,0.0,1.0,393.44259314094256,1.276901790046003,1.0,69.59972327059803,1.0,2.0,0.0,0.7230982099539971,0.2769017900460029,0.0,0.0,0.0,0.0,0.0,0.0,2.446196419907994,1.0,0.0,0.0,5768.023521999166,22589.607477490594,2.9383125303220203,1.0,0.7230982099539971,22.33858925972398,3.723098209953997,4.0,80.0,0.0,8.446196419907995,3.8307053701380087,3.0,7.061687469677979,5.615491049769986,0.5538035800920058,4.892392839815988,1
29.429537355024944,0.0,1.0,0.0,1033.302135035424,0.4765124516749816,0.5234875483250184,0.0,1.0,3.0,0.0,0.5234875483250184,0.4765124516749816,0.0,0.0,0.0,1.0,1215.832739368496,2.429537355024945,0.5234875483250184,49.28861206507484,2.4765124516749815,1.0,0.0,0.5234875483250184,0.0,0.0,0.0,0.0,0.0,0.0,0.4765124516749816,2.0,0.4765124516749816,0.0,0.5234875483250184,2455.9053392075552,7712.277931491304,1.0,1.0,0.4765124516749816,13.093950193300074,3.0,1.0,80.0,1.0469750966500369,1.9530249033499631,2.0,3.4765124516749815,1.9530249033499631,0.9530249033499631,0.9530249033499631,0.9530249033499631,1
21.527234761700438,0.10908819726431707,0.8909118027356829,0.0,761.3638261914978,0.8909118027356829,0.10908819726431707,0.0,8.672735408207048,2.7818236054713656,0.8909118027356829,0.10908819726431707,0.0,0.0,0.0,0.0,1.0,962.8937456615243,3.7818236054713656,0.10908819726431707,57.163557720665196,3.0,1.0,0.0,0.0,0.0,0.0,0.0,0.10908819726431707,0.0,0.0,0.8909118027356829,3.672735408207049,1.0,0.0,0.0,2392.48918165737,17193.763915681775,1.1090881972643172,1.0,0.8909118027356829,13.672735408207048,3.0,2.109088197264317,80.0,0.0,2.654529183585902,2.890911802735683,3.0,2.2181763945286344,2.0,0.10908819726431707,2.109088197264317,1
34.58826016893829,0.09342706876107576,0.9065729312389242,0.0,1056.6605967664573,0.09342706876107576,0.9065729312389242,0.0,3.0,2.9065729312389244,0.09342706876107576,0.0,0.9065729312389242,0.0,0.0,0.0,1.0,640.8052699614954,1.0,1.0,71.49483310017722,2.9065729312389244,1.0,0.0,0.0,0.0,0.0,0.0,0.9065729312389242,0.0,0.0,0.09342706876107576,1.1868541375221515,0.9065729312389242,0.09342706876107576,0.0,3285.8709992738845,3224.353886419655,1.0,1.0,1.0,11.280281206283227,3.0,1.1868541375221515,80.0,0.0,9.34601051867247,2.9065729312389244,3.0,9.34601051867247,7.439437587433545,8.159156381150318,6.532864656194621,1
30.16253389156629,0.8374661084337091,0.0,0.16253389156629094,170.01917663855932,0.0,1.0,0.0,19.88705940963822,2.837466108433709,0.0,0.16253389156629094,0.8374661084337091,0.0,0.0,0.0,1.0,1001.8870594096383,1.3250677831325819,0.16253389156629094,47.67493221686742,2.837466108433709,1.0,0.0,0.0,0.0,0.0,0.0,1.0,0.0,0.0,0.0,2.6749322168674183,0.16253389156629094,0.8374661084337091,0.0,2162.718905506029,11341.196253963824,3.3498644337348362,1.0,1.0,12.787872807229201,3.162533891566291,1.8374661084337092,80.0,0.0,6.5123983253011275,1.6749322168674181,3.0,4.674932216867418,2.0,0.16253389156629094,1.1625338915662908,1
33.84637722166159,0.589734282430767,0.410265717569233,0.0,432.00435582240107,0.410265717569233,0.0,0.589734282430767,15.846014236461505,1.410265717569233,0.0,0.410265717569233,0.0,0.589734282430767,0.0,0.0,1.0,1704.5638884959076,4.0,0.589734282430767,73.17983155006162,1.820531435138466,1.0,0.0,0.0,0.0,0.0,0.0,0.0,0.589734282430767,0.0,0.410265717569233,3.0,0.0,1.0,0.0,2006.2922893261564,11648.591186223231,1.410265717569233,1.0,0.410265717569233,11.0,3.0,3.0,80.0,1.410265717569233,8.384782916246195,2.4102657175692332,3.0,4.282125740553864,2.871860022984631,2.871860022984631,2.871860022984631,1
27.691417298988465,0.3382834597976929,0.0,0.6617165402023071,286.98842488685005,0.6617165402023071,0.3382834597976929,0.0,26.63201578141615,2.676566919595386,0.0,1.0,0.0,0.0,0.0,0.0,1.0,1156.075777848788,2.676566919595386,1.0,85.42738573615617,1.6765669195953858,2.0,0.0,0.0,0.6617165402023071,0.3382834597976929,0.0,0.0,0.0,0.0,0.0,1.6765669195953858,0.6617165402023071,0.3382834597976929,0.0,5378.322986355209,21557.257704392945,5.63201578141615,1.0,0.3382834597976929,16.985149620606922,3.0,4.0,80.0,0.6765669195953858,8.014850379393078,4.985149620606921,2.661716540202307,4.706267678381543,2.0,3.3531338391907717,3.6914172989884646,1
26.624793856751317,1.0,0.0,0.0,490.08461235167664,0.0,0.9432005584771528,0.056799441522847216,22.97761005258875,3.0567994415228474,0.0,0.0,0.0,0.056799441522847216,0.9432005584771528,0.0,1.0,594.2250730953277,3.0,1.0,65.82960167543146,1.1135988830456944,1.0,0.0,0.9432005584771528,0.0,0.0,0.0,0.0,0.056799441522847216,0.0,0.0,3.8296016754314586,0.9432005584771528,0.0,0.056799441522847216,2324.8345491133996,23237.70775706244,1.1703983245685414,1.0,1.0,18.22719776609139,3.0567994415228474,2.1135988830456944,80.0,0.0,1.3407966491370829,3.0,1.1135988830456944,1.1135988830456944,0.11359888304569443,0.0,0.11359888304569443,1
37.71591414093024,1.0,0.0,0.0,834.5329811917611,0.24513059156146222,0.7548694084385378,0.0,13.529216450631226,3.0,0.24513059156146222,0.0,0.0,0.0,0.0,0.7548694084385378,1.0,1085.337760452359,1.0,0.7548694084385378,81.98052236624585,2.509738816877076,2.0,0.0,0.7548694084385378,0.24513059156146222,0.0,0.0,0.0,0.0,0.0,0.0,3.0,0.24513059156146222,0.0,0.7548694084385378,4959.506862879469,8257.807994836745,7.2451305915614626,1.0,0.0,13.754869408438537,3.0,2.0,80.0,0.7548694084385378,8.509738816877075,2.754869408438538,2.0,1.7353917746843868,0.7353917746843867,0.24513059156146222,0.7353917746843867,1
25.09211881903603,0.9868401687091386,0.013159831290861401,0.0,1217.762975858659,0.0,1.0,0.0,4.157917975490337,1.0,0.0,0.0,0.013159831290861401,0.0,0.9868401687091386,0.0,1.0,1091.8795010249057,3.973680337418277,0.9868401687091386,32.52639325163446,2.973680337418277,1.0,0.0,0.9868401687091386,0.0,0.0,0.0,0.013159831290861401,0.0,0.0,0.0,3.960520506127416,0.013159831290861401,0.9868401687091386,0.0,3694.0004415343165,4606.000147178105,1.0,1.0,1.0,15.09211881903603,3.0131598312908614,2.0,80.0,0.9868401687091386,7.039479493872584,3.026319662581723,3.9868401687091386,7.039479493872584,6.9342008435456925,5.013159831290862,6.013159831290862,1
32.072445217351316,0.0,0.02414840578377242,0.9758515942162276,1454.3914945035767,1.0,0.0,0.0,11.169038840486406,4.0,0.02414840578377242,0.0,0.0,0.0,0.0,0.9758515942162276,1.0,649.0871559320456,4.0,0.9758515942162276,60.16903884048641,3.975851594216228,2.0,0.0,0.0,1.0,0.0,0.0,0.0,0.0,0.0,0.0,3.0,0.0,1.0,0.0,4704.754198262109,23898.88309797936,7.806812753729821,1.0,0.02414840578377242,12.144890434702635,3.0,3.975851594216228,80.0,0.02414840578377242,5.975851594216228,1.9517031884324552,2.975851594216228,4.0,2.0,1.0482968115675448,2.0,1
28.61552876837145,0.0,0.29061430759682794,0.7093856924031721,380.37388011594066,1.0,0.0,0.0,25.803242616434893,2.581228615193656,0.29061430759682794,0.7093856924031721,0.0,0.0,0.0,0.0,1.0,1136.680707505712,2.581228615193656,0.7093856924031721,75.51262830883806,1.5812286151936559,2.0,0.0,0.0,1.0,0.0,0.0,0.0,0.0,0.0,0.0,1.5812286151936559,0.7093856924031721,0.29061430759682794,0.0,4865.831920803126,22241.65610370532,5.6750855392253765,1.0,0.29061430759682794,18.0,3.0,3.7093856924031723,80.0,0.29061430759682794,6.418771384806345,4.256314154419032,2.7093856924031723,2.581228615193656,2.0,2.2906143075968277,2.0,1
21.603584921652175,1.0,0.0,0.0,337.9808254976848,0.9245518847934782,0.0,0.07544811520652184,7.452688691239131,1.1508962304130437,0.9245518847934782,0.0,0.0,0.07544811520652184,0.0,0.0,1.0,1784.8286793732175,1.9245518847934782,1.0,32.88620288016305,2.924551884793478,1.0,0.0,0.0,0.0,0.0,0.0,0.0,0.07544811520652184,0.0,0.9245518847934782,1.9245518847934782,0.9245518847934782,0.0,0.07544811520652184,2653.0458483689563,4460.618157558804,1.2263443456195655,1.0,0.07544811520652184,13.150896230413043,3.0,2.1508962304130437,80.0,0.2263443456195655,1.2263443456195655,3.0,3.0,1.0754481152065218,0.15089623041304367,1.0754481152065218,0.0,1
43.336651365064355,0.467330273012871,0.532669726987129,0.0,198.14497221551878,0.532669726987129,0.467330273012871,0.0,11.944614641218807,2.532669726987129,0.532669726987129,0.467330273012871,0.0,0.0,0.0,0.0,1.0,1110.951253926157,2.401990819038613,0.532669726987129,60.67330273012871,3.0,2.0,0.0,0.0,0.532669726987129,0.0,0.0,0.0,0.0,0.467330273012871,0.0,2.0,0.532669726987129,0.467330273012871,0.0,9154.515312877478,10158.052070548527,2.401990819038613,1.0,0.0,19.869321092051486,3.467330273012871,3.467330273012871,80.0,0.467330273012871,10.336651365064355,3.598009180961387,3.467330273012871,8.467330273012871,7.0,5.130678907948516,7.0,1
28.874672555707445,0.3751091480975187,0.6248908519024813,0.0,118.75283785053549,0.0,1.0,0.0,9.501309777170224,3.375109148097519,0.0,0.6248908519024813,0.3751091480975187,0.0,0.0,0.0,1.0,1162.5423494618371,2.7502182961950377,0.0,56.62401766712233,3.0,1.0,0.0,0.6248908519024813,0.0,0.0,0.0,0.3751091480975187,0.0,0.0,0.0,2.375109148097519,1.0,0.0,0.0,2411.4969438532694,25708.49519748371,0.3751091480975187,1.0,0.3751091480975187,15.499563407609925,3.0,2.125327444292556,80.0,0.0,5.500436592390075,2.624890851902481,3.0,4.875545740487594,2.0,3.250654888585112,3.8755457404875937,1
40.45713957532259,0.5428604246774043,0.0,0.45713957532259575,781.142102324197,0.0,1.0,0.0,7.171441698709617,3.0857208493548085,0.0,0.0,1.0,0.0,0.0,0.0,1.0,1385.886777595479,2.6285812740322125,1.0,90.11425617790336,2.5428604246774045,1.0,0.0,0.5428604246774043,0.0,0.0,0.0,0.45713957532259575,0.0,0.0,0.0,1.0,0.5428604246774043,0.0,0.45713957532259575,2058.685422203711,21127.919333153848,4.3714187259677875,1.0,0.0,15.371418725967787,3.0,1.5428604246774043,80.0,0.45713957532259575,10.428604246774043,2.5428604246774045,1.0,3.171441698709617,2.171441698709617,0.5428604246774043,0.0,1
24.56433264967424,1.0,0.0,0.0,758.4625873622115,0.8589168375814408,0.14108316241855923,0.0,2.858916837581441,2.2821663248371182,0.0,0.14108316241855923,0.8589168375814408,0.0,0.0,0.0,1.0,680.4967145228034,1.0,0.14108316241855923,67.68058008595263,2.7178336751628818,1.8589168375814409,0.0,0.0,0.8589168375814408,0.0,0.0,0.14108316241855923,0.0,0.0,0.0,3.141083162418559,0.8589168375814408,0.14108316241855923,0.0,4419.974440228144,24778.22800820391,8.435667350325764,1.0,0.14108316241855923,13.858916837581441,3.0,1.4232494872556778,80.0,0.0,4.14108316241856,3.141083162418559,2.858916837581441,2.141083162418559,2.0,2.0,0.28216632483711845,1
36.30430774758588,0.34784612620705846,0.6521538737929415,0.0,585.0481474062447,0.34784612620705846,0.6521538737929415,0.0,10.0,3.0,0.0,1.0,0.0,0.0,0.0,0.0,1.0,793.1564256905548,2.043538378621175,1.0,58.91292324275765,2.6521538737929413,3.0,0.0,0.0,0.34784612620705846,0.6521538737929415,0.0,0.0,0.0,0.0,0.0,2.304307747585883,0.0,0.34784612620705846,0.6521538737929415,10137.74430056142,22210.196490366037,7.043538378621175,1.0,0.0,13.08707675724235,3.0,2.3478461262070587,80.0,1.304307747585883,16.304307747585884,4.304307747585883,3.0,5.1741535144847015,4.1741535144847015,2.0870767572423508,0.0,1
38.057477313734765,1.0,0.0,0.0,1033.0095002183568,0.0,1.0,0.0,2.0,3.767020103317894,0.0,0.0,0.7670201033178937,0.0,0.23297989668210628,0.0,1.0,1525.419373872294,4.0,1.0,84.74888454598732,3.0,1.0,0.0,0.7670201033178937,0.0,0.0,0.0,0.23297989668210628,0.0,0.0,0.0,2.232979896682106,1.0,0.0,0.0,1646.0161677967674,25172.347357937895,1.698939690046319,1.0,0.0,14.795758760185276,3.232979896682106,1.0,80.0,0.0,2.397879380092638,2.4659597933642123,3.0,1.0,0.0,0.0,0.0,1
33.733815705067954,0.7745802045205736,0.22541979547942637,0.0,220.41012980642705,1.0,0.0,0.0,22.7170238858909,2.7745802045205736,0.7745802045205736,0.0,0.0,0.0,0.22541979547942637,0.0,1.0,382.1847100109476,2.0,0.22541979547942637,38.3812969321914,3.0,2.7745802045205736,0.0,0.0,1.0,0.0,0.0,0.0,0.0,0.0,0.0,3.7745802045205736,0.0,1.0,0.0,7448.9711124108435,24283.124559450574,1.4508395909588527,1.0,0.22541979547942637,20.19664163616459,3.7745802045205736,3.323740613561721,80.0,2.5491604090411473,11.803358363835411,3.2254197954794264,2.2254197954794264,8.647481227123443,3.7745802045205736,1.0,7.647481227123442,1
38.71157054528001,1.0,0.0,0.0,1368.3844417549553,1.0,0.0,0.0,17.44234355060707,1.86538650266353,0.86538650266353,0.0,0.0,0.0,0.13461349733647,0.0,1.0,289.1917301849598,1.86538650266353,0.0,68.92309202130824,3.0,1.0,0.0,0.0,0.0,0.0,0.0,0.0,0.0,0.0,1.0,2.0,1.0,0.0,0.0,3148.346036834861,21760.8456933501,1.0,1.0,1.0,21.19231901598118,3.86538650266353,3.73077300532706,80.0,0.0,4.26922699467294,4.86538650266353,2.13461349733647,4.13461349733647,3.0,0.13461349733647,2.26922699467294,1
32.3244797658297,1.0,0.0,0.0,359.16555997072874,0.0,0.16555997072871287,0.8344400292712871,18.827799853643565,4.668880058542574,0.0,0.16555997072871287,0.0,0.8344400292712871,0.0,0.0,1.0,1753.9220955723247,3.834440029271287,1.0,89.66223988291485,3.834440029271287,1.0,0.0,0.0,0.0,0.0,0.0,0.16555997072871287,0.8344400292712871,0.0,0.0,1.0,0.16555997072871287,0.8344400292712871,0.0,3112.95085225082,21604.104020710223,0.0,1.0,0.0,16.33776011708515,3.0,2.668880058542574,80.0,0.0,2.6622398829148515,3.668880058542574,3.0,1.6622398829148515,0.33111994145742574,0.0,0.4966799121861386,1
42.25364565617979,0.0,1.0,0.0,473.69156048044965,1.0,0.0,0.0,14.971718909438186,2.774635434382021,0.3873177171910104,0.0,0.0,0.0,0.6126822828089896,0.0,1.0,558.7772879110116,2.3873177171910105,0.6126822828089896,50.77463543438202,2.6126822828089895,2.0,0.0,0.0,1.0,0.0,0.0,0.0,0.0,0.0,0.0,2.225364565617979,0.3873177171910104,0.6126822828089896,0.0,6757.268228280899,23264.15090716236,3.774635434382021,1.0,0.6126822828089896,14.38731771719101,3.0,1.7746354343820208,80.0,0.6126822828089896,14.514140545280906,4.38731771719101,2.6126822828089895,4.774635434382021,3.0,0.6126822828089896,2.225364565617979,1
24.955133624570525,1.0,0.0,0.0,1456.8349860272774,0.7612165938573688,0.23878340614263116,0.0,3.6266174675689427,1.0,0.0,0.0,0.23878340614263116,0.0,0.7612165938573688,0.0,1.0,702.284495214574,1.4775668122852623,0.0,66.05931790442473,3.0,1.0,0.0,0.23878340614263116,0.0,0.0,0.0,0.0,0.0,0.0,0.7612165938573688,2.4775668122852625,0.7612165938573688,0.23878340614263116,0.0,3037.955799980012,22206.724088238207,1.0,1.0,1.0,14.806082969286845,3.0,2.4775668122852625,80.0,0.0,4.8060829692868445,4.0,2.7612165938573687,4.044866375429475,2.5224331877147375,0.7612165938573688,3.0448663754294754,1
28.114335642666592,1.0,0.0,0.0,1091.7848509262308,0.0,1.0,0.0,6.904429048889387,3.0,0.0,0.2952214524444694,0.0,0.0,0.7047785475555306,0.0,1.0,538.2437121226868,2.409557095111061,1.0,70.82937028266547,3.0,1.0,0.0,0.2952214524444694,0.0,0.0,0.0,0.7047785475555306,0.0,0.0,0.0,3.0,0.7047785475555306,0.0,0.2952214524444694,2152.1756433297855,19643.634962261323,0.2952214524444694,1.0,0.0,15.771328714666817,3.295221452444469,3.704778547555531,80.0,0.2952214524444694,5.228671285333183,0.7047785475555306,2.0,4.523892737777653,1.7047785475555306,0.7047785475555306,3.523892737777653,1
47.16492565084934,1.0,0.0,0.0,235.17414678163868,0.0,1.0,0.0,7.24277791087935,3.3495185273919565,0.0,0.0,0.34951852739195666,0.0,0.6504814726080433,0.0,1.0,1126.5939297237574,4.0,0.6504814726080433,51.0,3.0,1.0,0.0,0.0,0.0,0.0,0.0,1.0,0.0,0.0,0.0,3.0,1.0,0.0,0.0,2449.2909251716837,26036.16288404399,2.95144441782413,1.0,0.34951852739195666,20.155296198688475,3.6504814726080435,2.04855558217587,80.0,0.0,7.3495185273919565,3.300962945216087,3.0,3.4466296917436967,0.6990370547839133,2.4466296917436967,2.4466296917436967,1
21.277423960007386,0.7225760399926147,0.27742396000738534,0.0,591.9526192467871,0.7225760399926147,0.27742396000738534,0.0,5.890304159970459,1.832271880022156,0.7225760399926147,0.0,0.27742396000738534,0.0,0.0,0.0,1.0,1619.9263750757386,2.2774239600073853,1.0,35.71620732012555,2.7225760399926147,1.0,0.0,0.0,0.0,0.0,0.0,0.27742396000738534,0.0,0.0,0.7225760399926147,2.5548479200147707,0.7225760399926147,0.27742396000738534,0.0,2727.271769041285,4471.566157757459,0.7225760399926147,1.0,0.27742396000738534,12.44515207998523,3.0,2.0,80.0,0.27742396000738534,1.0,3.5548479200147707,3.0,0.7225760399926147,0.0,0.7225760399926147,0.0,1
34.99026565375518,0.0,0.9989184059727976,0.001081594027202426,661.5706071712007,1.0,0.0,0.0,18.011897534299226,3.997836811945595,0.9989184059727976,0.001081594027202426,0.0,0.0,0.0,0.0,1.0,1379.6290132486697,3.997836811945595,0.001081594027202426,67.01297912832644,2.997836811945595,2.0,0.0,0.0,1.0,0.0,0.0,0.0,0.0,0.0,0.0,2.997836811945595,0.001081594027202426,0.9989184059727976,0.0,4614.383965879657,23286.404648809876,0.008652752217619408,1.0,0.9989184059727976,18.0,3.0,3.0010815940272026,80.0,0.9989184059727976,5.002163188054405,0.006489564163214112,2.0010815940272026,3.997836811945595,2.0,2.9989184059727974,2.0,1
28.95938387544154,0.9593838754415405,0.04061612455845953,0.0,255.88365777839073,0.0,1.0,0.0,1.0,3.9593838754415405,0.0,0.04061612455845953,0.0,0.0,0.9593838754415405,0.0,1.0,1505.3067728064732,1.0,1.0,97.76611314928472,2.0,1.0,0.0,0.04061612455845953,0.0,0.0,0.0,0.9593838754415405,0.0,0.0,0.0,1.0406161245584595,0.9593838754415405,0.0,0.04061612455845953,2371.5041731466795,7551.428621180148,5.796919377207702,1.0,0.0,13.081232249116919,3.0,2.918767750883081,80.0,0.08123224911691906,10.593838754415405,2.0,1.081232249116919,8.675071003532324,6.715687128090783,0.0,6.715687128090783,1
27.854436957922196,0.6458225216831122,0.35417747831688784,0.0,641.6504931545787,0.0,0.35417747831688784,0.6458225216831122,9.791904522971532,2.354177478316888,0.0,0.0,0.35417747831688784,0.0,0.6458225216831122,0.0,1.0,504.3731187728615,2.0625324349506635,1.0,48.81240269514801,2.354177478316888,1.0,0.0,0.35417747831688784,0.0,0.0,0.0,0.0,0.6458225216831122,0.0,0.0,3.645822521683112,0.6458225216831122,0.0,0.35417747831688784,2775.4439545551822,18962.245200343943,1.7083549566337757,1.0,0.35417747831688784,15.54177478316888,3.354177478316888,3.354177478316888,80.0,0.35417747831688784,7.375194609703982,1.9374675650493365,2.9374675650493365,1.0,0.0,0.0,0.0,1
29.81269128525713,0.0,1.0,0.0,147.66244975033425,1.0,0.0,0.0,12.535604979853067,3.0386995850122442,0.0,0.0,0.0,0.0,0.9613004149877556,0.03869958501224435,1.0,1472.5263552054207,1.1160987550367332,0.03869958501224435,52.16098755036733,3.0,2.0,0.0,0.0,1.0,0.0,0.0,0.0,0.0,0.0,0.0,2.0386995850122442,1.0,0.0,0.0,5724.868530342303,17475.944297107133,4.9226008299755115,1.0,0.03869958501224435,11.116098755036733,3.0,1.1160987550367332,80.0,0.0,6.9226008299755115,4.0,1.0773991700244887,4.806502074938778,2.883901244963267,0.0,0.0,1
35.28063077375701,1.0,0.0,0.0,756.7124879866672,0.2397897420809959,0.7602102579190041,0.0,13.362312837109044,3.760210257919004,0.2397897420809959,0.0,0.7602102579190041,0.0,0.0,0.0,1.0,908.4371136608853,3.239789742080996,0.0,40.84189232127104,3.760210257919004,1.0,0.0,0.7602102579190041,0.0,0.0,0.0,0.0,0.0,0.0,0.2397897420809959,1.4795794841619918,1.0,0.0,0.0,2768.8972921447476,8480.254762773357,1.0,1.0,0.2397897420809959,15.280630773757013,3.0,2.760210257919004,80.0,0.0,13.92357438462307,1.2397897420809958,3.0,13.163364126704066,9.882733352947053,11.403153868785061,10.642943610866057,1
24.309730127505127,1.0,0.0,0.0,671.6636130176214,0.0,1.0,0.0,3.0,2.5398200850034183,0.0,0.7699100425017091,0.23008995749829086,0.0,0.0,0.0,1.0,627.2749035093368,1.2300899574982909,0.7699100425017091,77.88487242259743,3.0,1.2300899574982909,0.0,0.7699100425017091,0.0,0.23008995749829086,0.0,0.0,0.0,0.0,0.0,1.4601799149965817,0.0,1.0,0.0,4063.212594049761,9540.03631339393,3.8495502125085457,1.0,0.23008995749829086,14.380539744989745,3.0,2.5398200850034183,80.0,1.0,5.539820085003418,4.539820085003418,3.230089957498291,2.230089957498291,2.0,0.0,2.0,1
20.257646139013097,0.08983186707236401,0.0,0.910168132927636,511.4560449670062,0.0,1.0,0.0,10.0,2.820336265855272,0.0,1.0,0.0,0.0,0.0,0.0,1.0,1188.3516402639502,1.0,0.08983186707236401,90.78975170980289,1.910168132927636,1.0,0.0,0.08983186707236401,0.0,0.0,0.0,0.910168132927636,0.0,0.0,0.0,2.179663734144728,0.910168132927636,0.0,0.08983186707236401,1998.1495620950918,6198.036349959307,1.538991202434184,1.0,0.910168132927636,23.92201759513163,3.910168132927636,1.910168132927636,80.0,0.26949560121709204,1.6288230695065482,2.0,3.910168132927636,1.2694956012170922,1.179663734144728,0.08983186707236401,0.26949560121709204,1
42.83604740718143,1.0,0.0,0.0,464.18447144655613,1.0,0.0,0.0,6.187597695272382,3.3515502880909525,0.6484497119090478,0.0,0.35155028809095223,0.0,0.0,0.0,1.0,1285.7950096997063,1.0,1.0,49.89069827145428,2.6484497119090475,3.0,0.0,0.0,1.0,0.0,0.0,0.0,0.0,0.0,0.0,3.6484497119090475,0.0,0.35155028809095223,0.6484497119090478,10276.345297790658,15611.950493471228,4.3515502880909525,1.0,0.0,11.0,3.0,1.7031005761819045,80.0,0.6484497119090478,24.132946830999526,1.3515502880909522,2.9453491357271435,9.460852016636665,4.890698271454287,6.460852016636665,4.406201152363809,1
36.86080973834343,1.0,0.0,0.0,359.73260121729294,0.0,0.7326012172929284,0.2673987827070716,21.66300608646464,3.5347975654141432,0.0,0.7326012172929284,0.0,0.2673987827070716,0.0,0.0,1.0,1452.2561524001621,3.2673987827070716,1.0,91.93040486917171,3.2673987827070716,1.0,0.0,0.0,0.0,0.0,0.0,0.7326012172929284,0.2673987827070716,0.0,0.0,1.0,0.7326012172929284,0.2673987827070716,0.0,3650.505953993696,21977.78420219604,0.0,1.0,0.0,14.069595130828286,3.0,1.5347975654141432,80.0,0.0,4.9304048691717135,2.5347975654141432,3.0,3.9304048691717135,1.4652024345858568,0.0,2.197803651878785,1
26.965714055243467,1.0,0.0,0.0,1221.1962164425693,0.0,1.0,0.0,14.561906298376877,3.0,0.0,0.6780953149188439,0.0,0.0,0.3219046850811561,0.0,1.0,847.222919139507,1.6438093701623122,1.0,52.45142488389549,3.0,1.0,0.0,0.6780953149188439,0.0,0.0,0.0,0.3219046850811561,0.0,0.0,0.0,3.0,0.3219046850811561,0.0,0.6780953149188439,2274.3124054591112,19496.611399071164,0.6780953149188439,1.0,0.0,18.068571889513063,3.678095314918844,3.321904685081156,80.0,0.6780953149188439,2.9314281104869364,0.3219046850811561,2.0,2.6095234254057806,1.3219046850811562,0.3219046850811561,1.6095234254057806,1
24.948099052865793,1.0,0.0,0.0,263.5111290517959,1.0,0.0,0.0,4.896198105731585,2.9480990528657927,0.9480990528657928,0.0,0.05190094713420723,0.0,0.0,0.0,1.0,171.99874744357177,2.8961981057315853,0.9480990528657928,46.98611799554994,2.0519009471342073,2.0,0.0,0.0,1.0,0.0,0.0,0.0,0.0,0.0,0.0,3.0,1.0,0.0,0.0,5683.43159469438,26846.167340930235,1.4152075770736579,1.0,0.9480990528657928,11.155702841402622,3.0,3.8442971585973784,80.0,0.0,5.896198105731585,1.1038018942684145,3.0,5.792396211463171,3.8961981057315853,0.10380189426841446,2.8442971585973784,1
35.58861389110831,0.7056930544458438,0.29430694555415615,0.0,668.4264816858816,0.7056930544458438,0.29430694555415615,0.0,10.0,3.0,0.0,1.0,0.0,0.0,0.0,0.0,1.0,1257.2838916162596,3.1170791633375314,1.0,56.765841673324935,2.294306945554156,3.0,0.0,0.0,0.7056930544458438,0.29430694555415615,0.0,0.0,0.0,0.0,0.0,1.5886138911083123,0.0,0.7056930544458438,0.29430694555415615,10230.068808047028,21836.962144212986,8.117079163337532,1.0,0.0,15.234158326675063,3.0,2.705693054445844,80.0,0.5886138911083123,15.588613891108313,3.588613891108312,3.0,9.468316653350126,8.468316653350126,4.234158326675063,0.0,1
47.217413539518,1.0,0.0,0.0,514.5541616065367,0.548911653780125,0.45108834621987504,0.0,18.391293230241,2.90217669243975,0.548911653780125,0.0,0.45108834621987504,0.0,0.0,0.0,1.0,342.68975740122136,2.548911653780125,0.548911653780125,69.8043533848795,2.451088346219875,1.548911653780125,0.0,0.0,0.548911653780125,0.0,0.0,0.45108834621987504,0.0,0.0,0.0,2.548911653780125,0.0,1.0,0.0,5740.807813406437,5388.2586460482,5.157618423539125,1.0,1.0,14.70653007731925,3.0,1.0,80.0,2.451088346219875,7.548911653780125,4.1956466151205,3.0,5.548911653780125,4.0,2.353265038659625,1.3532650386596252,1
42.841863813019536,1.0,0.0,0.0,531.7384022111432,0.2871032897254965,0.7128967102745035,0.0,16.11924407466656,2.2871032897254966,0.0,0.7128967102745035,0.0,0.0,0.2871032897254965,0.0,1.0,1613.998528107917,4.0,0.2871032897254965,71.74206579450993,3.0,2.2871032897254966,0.0,0.0,0.2871032897254965,0.0,0.0,0.0,0.0,0.7128967102745035,0.0,1.7128967102745034,0.2871032897254965,0.7128967102745035,0.0,9114.339758059925,10695.864425529722,2.851586841098014,1.0,0.2871032897254965,22.0,4.0,3.1386901308235107,80.0,0.7128967102745035,11.851586841098014,2.0,3.7128967102745034,8.712896710274503,7.0,3.2871032897254966,7.0,1
32.168703962051836,1.0,0.0,0.0,694.7396069018703,0.18948654372962914,0.8105134562703709,0.0,1.3789730874592583,2.0,0.18948654372962914,0.0,0.8105134562703709,0.0,0.0,0.0,1.0,609.4963386516374,1.0,0.18948654372962914,70.60024433086295,1.1894865437296291,1.0,0.0,0.0,0.0,0.0,0.0,0.8105134562703709,0.0,0.0,0.18948654372962914,2.189486543729629,0.8105134562703709,0.18948654372962914,0.0,2304.4902159217368,3860.251834288763,5.863080737622225,1.0,1.0,13.189486543729629,3.0,3.810513456270371,80.0,0.0,8.673594193892596,3.6210269125407417,3.0,6.242053825081483,6.0525672813518545,2.4315403688111124,6.0525672813518545,1
33.47553957938921,0.0,0.13111510515269686,0.8688848948473031,898.9512604257503,0.13111510515269686,0.8688848948473031,0.0,15.475539579389213,4.0,0.0,0.0,0.13111510515269686,0.0,0.8688848948473031,0.0,1.0,1740.18831282306,3.7377697896946063,1.0,83.55773384332034,1.1311151051526969,1.0,0.0,0.0,0.0,0.0,0.0,0.8688848948473031,0.0,0.0,0.13111510515269686,1.0,0.0,1.0,0.0,2271.074461188161,14461.311151051526,1.0,1.0,0.8688848948473031,22.344424474236515,3.8688848948473034,2.1311151051526966,80.0,1.0,4.4755395793892125,2.0,3.1311151051526966,4.4755395793892125,1.7377697896946063,2.606654684541909,0.0,1
34.16346191492823,1.0,0.0,0.0,407.99036616851697,0.0,1.0,0.0,4.714744468165857,2.387820638309408,0.0,0.38782063830940816,0.6121793616905918,0.0,0.0,0.0,1.0,235.69868808236086,2.1634619149282246,0.38782063830940816,54.512825532376326,2.612179361690592,1.0,0.0,0.6121793616905918,0.0,0.0,0.0,0.38782063830940816,0.0,0.0,0.0,1.7756412766188163,0.0,1.0,0.0,2971.105854688707,21612.93593106692,4.285255531834143,1.0,0.38782063830940816,18.836538085071776,3.612179361690592,1.0,80.0,0.38782063830940816,8.73397297859651,1.8365380850717754,3.224358723381184,5.897434893524735,4.285255531834143,0.6121793616905918,4.285255531834143,1
29.176775845588196,0.9882149436274535,0.011785056372546454,0.0,991.1514759411766,0.0,1.0,0.0,1.2710562965685668,3.0,0.0,0.0,0.011785056372546454,0.0,0.9882149436274535,0.0,1.0,301.08422518627424,3.0117850563725463,1.0,84.50502763235305,3.0,1.0,0.0,0.011785056372546454,0.0,0.0,0.0,0.9882149436274535,0.0,0.0,0.0,3.0,0.9882149436274535,0.0,0.011785056372546454,2070.9989171789184,19758.920964188725,0.03535516911763947,1.0,0.011785056372546454,14.09428045098037,3.0117850563725463,4.0,80.0,0.011785056372546454,7.141420676470558,0.9882149436274535,1.9882149436274537,5.941074718137267,1.976429887254907,0.9882149436274535,4.941074718137267,1
47.16932153681357,1.0,0.0,0.0,294.1307768763846,0.0,1.0,0.0,19.63579154038416,2.1948869228022625,0.0,1.0,0.0,0.0,0.0,0.0,1.0,1776.0785642940787,3.9025565385988688,0.0,64.73323500178529,2.9025565385988688,2.0974434614011312,0.0,0.0,0.0,0.09744346140113114,0.0,0.0,0.0,0.9025565385988689,0.0,1.9025565385988688,0.0,1.0,0.0,9031.433825236023,10957.080727914736,4.292330384203393,1.0,0.09744346140113114,21.22045230879095,3.9025565385988688,4.0,80.0,0.9025565385988689,14.753982305220362,1.8051130771977377,3.8051130771977375,9.09744346140113,7.1948869228022625,3.1948869228022625,7.1948869228022625,1
51.11254462532783,0.7778429375149014,0.0,0.2221570624850986,645.6066545487759,0.2221570624850986,0.7778429375149014,0.0,15.110785312425493,3.7778429375149014,0.2221570624850986,0.0,0.7778429375149014,0.0,0.0,0.0,1.0,236.75555830741862,1.7778429375149014,0.2221570624850986,70.88921468757451,3.2221570624850986,1.2221570624850986,0.0,0.0,0.2221570624850986,0.0,0.0,0.7778429375149014,0.0,0.0,0.0,2.444314124970197,0.2221570624850986,0.7778429375149014,0.0,5038.755558307419,4541.546302872884,8.777842937514901,1.0,1.0,16.88921468757451,3.0,1.2221570624850986,80.0,2.3335288125447042,7.444314124970197,2.2221570624850986,2.7778429375149014,5.0,3.555685875029803,3.1113717500596056,3.2221570624850986,1
33.998771685794985,1.0,0.0,0.0,698.9828036011298,0.0,0.9999181123863323,8.188761366767494e-05,5.999672449545329,1.0000818876136677,0.0,0.9999181123863323,0.0,0.0,8.188761366767494e-05,0.0,1.0,31.043809873312206,1.9999181123863323,1.0,82.99746148397631,2.9999181123863323,1.0,0.0,0.0,0.0,0.0,0.0,0.9999181123863323,8.188761366767494e-05,0.0,0.0,1.000245662841003,1.0,0.0,0.0,2959.9675725049874,17102.109319964246,1.9999181123863323,1.0,0.0,11.000081887613668,3.0,3.0,80.0,0.0,7.999426786704326,2.0000818876136677,3.0000818876136677,3.999754337158997,1.9998362247726647,0.9999181123863323,2.999754337158997,1
36.902986710309946,1.0,0.0,0.0,815.770001387981,0.0,0.019402657938011103,0.9805973420619889,5.922389368247956,4.0,0.0,0.0,0.019402657938011103,0.9805973420619889,0.0,0.0,1.0,163.24874372535942,3.019402657938011,1.0,63.620885054016355,3.0,1.0,0.0,0.019402657938011103,0.0,0.0,0.0,0.0,0.9805973420619889,0.0,0.0,1.019402657938011,0.019402657938011103,0.0,0.9805973420619889,2059.8061926021524,23671.360800157367,3.9417920261859667,1.0,0.9805973420619889,21.80597342061989,3.980597342061989,3.9417920261859667,80.0,0.0,6.883584052371933,2.980597342061989,3.0,2.961194684123978,1.9611946841239778,0.0,1.9611946841239778,1
30.648138954092133,0.0,1.0,0.0,1054.0183622195664,0.8827129846973776,0.11728701530262242,0.0,1.0,3.0,0.0,0.11728701530262242,0.8827129846973776,0.0,0.0,0.0,1.0,1305.196856633423,3.6481389540921327,0.11728701530262242,52.9444168622764,2.8827129846973776,1.0,0.0,0.11728701530262242,0.0,0.0,0.0,0.0,0.0,0.0,0.8827129846973776,2.0,0.8827129846973776,0.0,0.11728701530262242,2336.4823824989708,8183.06434926426,1.0,1.0,0.8827129846973776,11.46914806121049,3.0,1.0,80.0,0.23457403060524484,2.765425969394755,2.0,3.8827129846973776,2.765425969394755,1.7654259693947552,1.7654259693947552,1.7654259693947552,1
47.872614528586574,0.0,1.0,0.0,1409.531115124349,0.08052753367238741,0.9194724663276126,0.0,27.194724663276126,2.161055067344775,0.08052753367238741,0.0,0.9194724663276126,0.0,0.0,0.0,1.0,1416.7788986531045,1.2415826010171624,0.9194724663276126,94.58417398982837,2.080527533672387,2.0,0.0,0.9194724663276126,0.08052753367238741,0.0,0.0,0.0,0.0,0.0,0.0,1.1610550673447748,0.9194724663276126,0.08052753367238741,0.0,4310.5740861118875,22756.54491446264,2.7584173989828376,1.0,0.08052753367238741,19.838944932655224,3.919472466327613,1.1610550673447748,80.0,0.08052753367238741,18.79208699491419,1.8389449326552252,2.919472466327613,4.0,2.919472466327613,1.1610550673447748,2.919472466327613,1
33.922482245811835,0.5844964491623666,0.41550355083763335,0.0,1451.429460940786,0.5844964491623666,0.41550355083763335,0.0,8.0139573899484,5.0,0.5844964491623666,0.0,0.41550355083763335,0.0,0.0,0.0,1.0,1619.1520270704884,2.4155035508376335,0.5844964491623666,97.66201420335054,2.831007101675267,2.4155035508376335,0.0,0.0,0.5844964491623666,0.41550355083763335,0.0,0.0,0.0,0.0,0.0,1.4155035508376335,0.41550355083763335,0.0,0.5844964491623666,6679.140658698975,8771.432469378675,3.3379857966494666,1.0,0.5844964491623666,12.168992898324733,3.0,1.5844964491623665,80.0,1.7534893474871,13.506978694974201,2.5844964491623665,3.0,5.324028406701067,4.4930213050258,2.831007101675267,4.077517754188166,1
30.51076907568654,0.255384537843269,0.744615462156731,0.0,402.6922185197593,0.0,1.0,0.0,4.2338463864701925,3.255384537843269,0.0,0.744615462156731,0.255384537843269,0.0,0.0,0.0,1.0,1189.3845630442065,2.5107690756865377,0.255384537843269,68.93845882451441,3.0,1.0,0.0,1.0,0.0,0.0,0.0,0.0,0.0,0.0,0.0,2.0,1.0,0.0,0.0,2159.209310559276,25502.049298462825,0.255384537843269,1.0,0.0,15.723077310783655,3.0,1.0,80.0,0.0,3.233846386470193,2.744615462156731,3.0,2.4892309243134623,1.489230924313462,0.744615462156731,1.489230924313462,1
23.851325994276596,1.0,0.0,0.0,364.85320241780846,0.7871685014308509,0.21283149856914907,0.0,9.12831498569149,3.212831498569149,0.0,0.0,1.0,0.0,0.0,0.0,1.0,1638.7890449249628,3.212831498569149,0.7871685014308509,88.78408806868084,3.0,1.0,0.0,0.0,0.0,0.0,0.0,0.21283149856914907,0.0,0.0,0.7871685014308509,3.787168501430851,0.21283149856914907,0.0,0.7871685014308509,2300.3269483297286,25226.01660617297,1.0,1.0,1.0,19.297348011446807,3.787168501430851,2.425662997138298,80.0,0.7871685014308509,4.064157492845745,2.0,3.0,4.064157492845745,2.0,1.4898204899840435,3.0641574928457453,1
39.238385492762475,0.3923040710839275,0.6076959289160725,0.0,728.582819257628,0.3923040710839275,0.6076959289160725,0.0,14.115438933741087,3.0,0.0,0.0,1.0,0.0,0.0,0.0,1.0,874.1665800334349,1.3923040710839274,1.0,65.21539185783215,3.0,3.0,0.0,0.0,0.3923040710839275,0.0,0.0,0.0,0.0,0.6076959289160725,0.0,2.6076959289160726,0.3923040710839275,0.6076959289160725,0.0,9283.404990046347,22368.974206330684,5.353824426503565,1.0,0.3923040710839275,14.746128497587492,3.0,1.784608142167855,80.0,0.0,11.215391857832145,2.0,2.6076959289160726,3.7461284975874927,2.7461284975874927,2.7461284975874927,2.7461284975874927,1
22.48451948612825,0.8515480513871753,0.14845194861282474,0.0,370.25323648927275,0.8515480513871753,0.14845194861282474,0.0,6.406192205548701,1.2969038972256495,0.8515480513871753,0.0,0.14845194861282474,0.0,0.0,0.0,1.0,1743.9261764870835,2.2969038972256497,0.8515480513871753,31.29690389722565,3.0,1.0,0.0,0.0,0.0,0.0,0.0,0.14845194861282474,0.0,0.0,0.8515480513871753,2.148451948612825,1.0,0.0,0.0,2887.574987801019,4505.986249120129,1.0,1.0,0.0,12.851548051387175,3.0,1.8515480513871752,80.0,0.0,1.8907116916769482,2.851548051387175,2.7030961027743503,1.8907116916769482,0.29690389722564947,1.8907116916769482,1.0391636402897735,1
34.19030560545052,0.12761222421802076,0.0,0.8723877757819792,440.53530942830315,0.0,1.0,0.0,10.914183363270311,2.0,0.0,0.8723877757819792,0.12761222421802076,0.0,0.0,0.0,1.0,1107.892797383707,2.7447755515639587,1.0,52.508223435119056,2.1276122242180207,1.0,0.0,0.12761222421802076,0.0,0.0,0.0,0.8723877757819792,0.0,0.0,0.0,1.3828366726540624,1.0,0.0,0.0,2354.9448516419934,10314.215654322701,0.12761222421802076,1.0,0.8723877757819792,21.234326654691877,3.8723877757819793,1.3828366726540624,80.0,0.0,4.127612224218021,0.3828366726540623,3.0,3.1276122242180207,2.0,1.0,1.7447755515639585,1
35.06134632126361,0.10613463212636098,0.0,0.893865367873639,963.6036917719564,0.0,1.0,0.0,14.620249782357307,3.893865367873639,0.0,0.0,0.10613463212636098,0.0,0.893865367873639,0.0,1.0,1844.2909904237215,3.681596103620917,1.0,85.42453852850545,1.212269264252722,1.0,0.0,0.10613463212636098,0.0,0.0,0.0,0.893865367873639,0.0,0.0,0.0,1.0,0.0,1.0,0.0,2312.83740476695,14482.18213811441,1.318403896379083,1.0,0.893865367873639,21.83251904661003,3.893865367873639,2.106134632126361,80.0,0.893865367873639,5.530673160631805,2.212269264252722,3.106134632126361,4.787730735747278,2.0,2.787730735747278,0.21226926425272197,1
46.083808662997285,0.5034920276248869,0.4965079723751131,0.0,793.1485853091688,0.0,0.5034920276248869,0.4965079723751131,14.94412755800181,3.503492027624887,0.0,0.5034920276248869,0.0,0.4965079723751131,0.0,0.0,1.0,977.6888612711629,2.503492027624887,0.0,48.03492027624887,2.496507972375113,3.0,0.0,0.0,0.0,0.5034920276248869,0.0,0.0,0.4965079723751131,0.0,0.0,1.0,0.0,0.5034920276248869,0.4965079723751131,9979.202537602243,11779.711093536194,7.993015944750226,1.0,1.0,14.496507972375113,3.0,3.503492027624887,80.0,1.4895239171253394,21.069840552497737,0.9930159447502263,2.496507972375113,6.524444193374208,5.524444193374208,2.5174601381244344,5.524444193374208,1
45.16513910164683,1.0,0.0,0.0,924.5077458781022,1.0,0.0,0.0,15.687052209098319,2.5739043446274255,1.0,0.0,0.0,0.0,0.0,0.0,1.0,691.718711930344,3.0,0.42609565537257443,53.65239138431436,2.5739043446274255,2.5739043446274255,0.0,0.0,1.0,0.0,0.0,0.0,0.0,0.0,0.0,3.5739043446274255,0.0,1.0,0.0,7111.15413505534,5966.523913843143,1.4260956553725745,1.0,0.42609565537257443,15.443426067764554,3.0,1.0,80.0,2.0,8.573904344627426,4.278286966117723,3.5739043446274255,7.721713033882277,6.295617378509702,4.443426067764554,4.0173304123919795,1
43.05646388093118,0.3056463880931184,0.0,0.6943536119068816,1152.2640111284563,1.0,0.0,0.0,25.222585552372472,3.0,0.3056463880931184,0.0,0.6943536119068816,0.0,0.0,0.0,1.0,1312.7359888715437,2.611292776186237,0.3056463880931184,81.35557032631978,3.388707223813763,3.6943536119068816,0.0,0.0,1.0,0.0,0.0,0.0,0.0,0.0,0.0,1.6943536119068816,0.6943536119068816,0.0,0.3056463880931184,12478.787451862103,16922.761501774836,4.0,1.0,1.0,15.083060835720644,3.0,3.388707223813763,80.0,0.3056463880931184,21.388707223813764,2.3056463880931184,2.3056463880931184,1.6112927761862368,0.6112927761862368,0.6112927761862368,0.0,1
32.080965791453906,0.08315121472722387,0.0,0.9168487852727761,398.3612256221446,0.0,1.0,0.0,9.083151214727224,2.166302429454448,0.0,0.9168487852727761,0.08315121472722387,0.0,0.0,0.0,1.0,1008.3786038779898,3.0,1.0,50.15756073636119,2.083151214727224,1.0,0.0,0.0,0.0,0.0,0.0,1.0,0.0,0.0,0.0,1.1663024294544477,1.0,0.0,0.0,2372.1379970572425,10363.90821222252,0.08315121472722387,1.0,1.0,21.085336638000538,3.916848785272776,1.1663024294544477,80.0,0.0,4.166302429454448,0.33260485890889546,3.0,3.2494536441816715,2.166302429454448,0.9168487852727761,2.0,1
19.0,1.0,0.0,0.0,363.0443214483095,0.5176234607612891,0.48237653923871093,0.0,11.834845754464492,3.0,0.0,0.0,0.48237653923871093,0.0,0.0,0.5176234607612891,1.0,613.6183979050829,3.035246921522578,1.0,41.82376539238711,2.0,1.0,0.0,0.48237653923871093,0.0,0.0,0.0,0.0,0.0,0.0,0.5176234607612891,2.964753078477422,1.0,0.0,0.0,1629.4583065157535,9606.44216329747,1.0,1.0,0.5176234607612891,17.3413888531484,3.482376539238711,2.482376539238711,80.0,0.0,1.0,3.0,3.035246921522578,1.0,0.0,0.48237653923871093,0.0,1
45.88455373500303,0.19597363166652226,0.8040263683334777,0.0,475.57562843506366,1.0,0.0,0.0,11.723499001663923,2.195973631666522,0.19597363166652226,0.0,0.0,0.0,0.8040263683334777,0.0,1.0,636.7716020667302,2.0,0.8040263683334777,47.060395525002164,3.0,2.195973631666522,0.0,0.0,1.0,0.0,0.0,0.0,0.0,0.0,0.0,3.195973631666522,0.0,1.0,0.0,6961.205771494879,23662.27970677818,2.6080527366669557,1.0,0.8040263683334777,15.567789053332177,3.195973631666522,1.587920894999567,80.0,1.3919472633330445,16.432210946667823,3.804026368333478,2.804026368333478,5.175841789999134,3.195973631666522,1.0,4.175841789999134,1
35.71886608552929,1.0,0.0,0.0,903.5120882234601,0.0,0.14234821271896758,0.8576517872810324,6.854089276313806,3.572955361843097,0.0,0.0,0.14234821271896758,0.8576517872810324,0.0,0.0,1.0,281.32683765316426,3.0,0.8576517872810324,65.27757140350349,3.0,1.0,0.0,0.14234821271896758,0.0,0.0,0.0,0.0,0.8576517872810324,0.0,0.0,1.4270446381569029,0.0,0.14234821271896758,0.8576517872810324,2135.9179100217834,23549.352688585757,3.572955361843097,1.0,1.0,20.434169660091356,3.8576517872810325,4.0,80.0,0.0,6.145910723686194,3.1423482127189675,2.8576517872810325,2.715303574562065,1.8576517872810325,0.0,1.7153035745620648,1
26.232852936225388,1.0,0.0,0.0,1406.0774420891198,0.0,1.0,0.0,16.155235290816925,3.7671470637746105,0.0,1.0,0.0,0.0,0.0,0.0,1.0,387.86820601273143,1.1552352908169263,1.0,48.18232346174699,2.922382354591537,1.0,0.0,0.9223823545915368,0.0,0.0,0.0,0.07761764540846317,0.0,0.0,0.0,2.1552352908169263,0.07761764540846317,0.0,0.9223823545915368,2374.2418823265352,14240.61938106401,1.9223823545915368,1.0,1.0,13.0,3.0,3.922382354591537,80.0,0.9223823545915368,4.922382354591537,2.077617645408463,2.922382354591537,3.077617645408463,2.077617645408463,0.0,1.9223823545915368,1
34.269573393702316,1.0,0.0,0.0,1012.6921376744257,0.0,0.3033807340330762,0.6966192659669238,7.820284404198457,3.0898577979007715,0.0,0.0,0.3033807340330762,0.6966192659669238,0.0,0.0,1.0,449.1227248624654,3.0,0.6966192659669238,67.85409174452921,3.0,1.0,0.0,0.3033807340330762,0.0,0.0,0.0,0.0,0.6966192659669238,0.0,0.0,1.9101422020992285,0.0,0.3033807340330762,0.6966192659669238,2207.0942844426195,23437.75715131508,3.0898577979007715,1.0,1.0,18.662811925636163,3.6966192659669237,4.0,80.0,0.0,5.179715595801543,3.3033807340330763,2.6966192659669237,2.3932385319338474,1.6966192659669237,0.0,1.3932385319338476,1
44.184350356980076,0.6601891459556554,0.33981085404434463,0.0,794.5110781472691,0.6601891459556554,0.33981085404434463,0.0,8.0582976863991,2.320378291911311,0.0,0.0,0.6601891459556554,0.0,0.0,0.33981085404434463,1.0,1353.6607071125231,2.3398108540443445,0.6601891459556554,70.79621708088689,3.0,3.0,0.0,0.0,0.6601891459556554,0.0,0.0,0.0,0.0,0.33981085404434463,0.0,2.679621708088689,1.0,0.0,0.0,8142.548907338401,22008.375952245904,5.941702313600898,1.0,1.0,16.62132402168959,3.0,2.320378291911311,80.0,0.0,9.660189145955655,1.6601891459556555,2.3398108540443445,8.0,7.0,7.0,7.0,1
20.0,0.5950738763476149,0.4049261236523851,0.0,964.1842314420177,0.4049261236523851,0.5950738763476149,0.0,10.19014775269523,3.0,0.4049261236523851,0.5950738763476149,0.0,0.0,0.0,0.0,1.0,1040.7004935427956,4.0,0.0,80.18325055929506,2.404926123652385,1.0,0.0,0.0,0.0,0.0,0.0,0.5950738763476149,0.0,0.0,0.4049261236523851,2.2147783709571556,1.0,0.0,0.0,2487.8354637482894,17841.729047691948,1.0,1.0,1.0,14.595073876347614,3.0,1.4049261236523851,80.0,0.0,1.4049261236523851,2.404926123652385,3.0,1.4049261236523851,0.8098522473047702,0.0,0.8098522473047702,1
25.14543450994582,0.44132413545947113,0.5586758645405289,0.0,293.9148127575184,0.44132413545947113,0.5586758645405289,0.0,12.50251030281101,2.117351729081058,0.44132413545947113,0.5586758645405289,0.0,0.0,0.0,0.0,1.0,641.8744848594495,2.882648270918942,0.44132413545947113,55.58675864540529,3.0,1.0,0.0,0.5586758645405289,0.0,0.0,0.0,0.0,0.0,0.0,0.44132413545947113,2.441324135459471,1.0,0.0,0.0,2092.330870811775,26208.24992832812,0.44132413545947113,1.0,0.44132413545947113,17.882648270918942,3.0,2.3239724063784135,80.0,0.0,2.2347034581621155,2.558675864540529,2.558675864540529,1.6760275936215865,1.1173517290810577,0.5586758645405289,1.1173517290810577,1
37.604417206422326,1.0,0.0,0.0,627.9549285647313,1.0,0.0,0.0,1.5372597390420637,3.865685065239484,0.0,0.06715746738025796,0.932842532619742,0.0,0.0,0.0,1.0,912.7818377920203,1.134314934760516,1.0,47.208834412844645,2.0,3.0,0.0,0.0,1.0,0.0,0.0,0.0,0.0,0.0,0.0,3.067157467380258,0.06715746738025796,0.932842532619742,0.0,10542.514107293544,14832.949198253778,4.731370130478968,1.0,0.0,11.33578733690129,3.0,3.067157467380258,80.0,0.0,16.462740260957936,2.067157467380258,1.134314934760516,13.66421266309871,1.4701022716618057,10.529897728338195,7.0,1
34.963460774502295,1.0,0.0,0.0,981.9347338619959,0.0,1.0,0.0,10.0,3.3975640516334864,0.0,0.0,1.0,0.0,0.0,0.0,1.0,1075.8981946364981,3.6024359483665136,0.3975640516334864,93.59025620653395,2.3975640516334864,1.0,0.0,0.0,0.0,0.0,0.0,1.0,0.0,0.0,0.0,1.7951281032669728,1.0,0.0,0.0,2615.504075469015,11219.390674283333,4.012179741832568,1.0,1.0,16.42192353529862,3.6024359483665136,3.0,80.0,0.0,4.19269215490046,4.602435948366514,3.0,2.3853843098009184,1.5902562065339456,0.0,0.7951281032669728,1
20.52222195162479,0.5222219516247897,0.4777780483752103,0.0,1064.055402668006,0.4777780483752103,0.5222219516247897,0.0,9.52222195162479,3.0,0.4777780483752103,0.0,0.5222219516247897,0.0,0.0,0.0,1.0,1078.0444439032497,3.4777780483752103,0.0,44.600004870753786,2.4777780483752103,1.0,0.0,0.5222219516247897,0.0,0.0,0.0,0.0,0.0,0.0,0.4777780483752103,2.433334145125631,1.0,0.0,0.0,1849.344689876316,17232.677763436113,1.0,1.0,0.4777780483752103,13.47777804837521,3.0,1.4777780483752103,80.0,0.0,1.4777780483752103,4.566665854874369,2.4777780483752103,1.4777780483752103,0.9555560967504206,0.5222219516247897,0.9555560967504206,1
39.21095302591405,1.0,0.0,0.0,823.204110189819,0.38281391144673205,0.617186088553268,0.0,18.023419151192485,2.382813911446732,0.0,0.0,1.0,0.0,0.0,0.0,1.0,876.5647696063452,2.382813911446732,0.617186088553268,55.35939476025425,2.382813911446732,2.382813911446732,0.0,0.0,0.38281391144673205,0.617186088553268,0.0,0.0,0.0,0.0,0.0,2.617186088553268,0.0,1.0,0.0,6451.173848202531,14928.138527590156,3.765627822893464,1.0,0.617186088553268,16.062511291573855,3.382813911446732,1.765627822893464,80.0,1.1484417343401963,10.296883468680392,1.382813911446732,3.0,3.6796973801271244,2.6796973801271244,0.0,3.2968834686803925,1
19.404739485973746,0.5952605140262525,0.40473948597374754,0.0,602.3270560726493,0.40473948597374754,0.0,0.5952605140262525,4.833176401816233,2.4047394859737476,0.40473948597374754,0.0,0.0,0.0,0.5952605140262525,0.0,1.0,772.821877332585,2.2142184579212425,0.5952605140262525,52.80947897194749,2.4047394859737476,1.0,0.0,0.0,0.0,0.0,0.0,0.0,0.5952605140262525,0.0,0.40473948597374754,4.0,1.0,0.0,0.0,2466.457783880327,17938.360953280342,1.0,1.0,0.40473948597374754,12.809478971947495,3.0,2.5952605140262524,80.0,0.0,1.4047394859737476,3.0,3.5952605140262524,1.4047394859737476,0.8094789719474951,0.0,0.8094789719474951,1
33.97743530777532,0.007521564074893461,0.9924784359251065,0.0,655.5329269834349,0.0,1.0,0.0,7.112823461123401,3.0075215640748936,0.0,0.007521564074893461,0.9924784359251065,0.0,0.0,0.0,1.0,156.3417825810177,1.0225646922246803,1.0,66.2406900503966,1.015043128149787,2.0,0.0,0.9924784359251065,0.0,0.007521564074893461,0.0,0.0,0.0,0.0,0.0,3.0,0.9924784359251065,0.007521564074893461,0.0,6074.789764227864,22873.235537742945,1.0,1.0,1.0,23.93230592332596,3.9924784359251064,4.0,80.0,0.015043128149786922,9.007521564074894,3.0,2.9924784359251064,9.007521564074894,6.962392179625533,0.04512938444936054,6.007521564074893,1
53.03446146323041,1.0,0.0,0.0,510.6901556140854,0.0988512845589864,0.9011487154410136,0.0,13.40689229264608,3.9011487154410136,0.0,0.0,0.9011487154410136,0.0,0.0988512845589864,0.0,1.0,223.77056569495636,2.197702569117973,0.0988512845589864,68.63905632499446,2.9011487154410136,1.0988512845589864,0.0,0.0,0.0988512845589864,0.0,0.0,0.9011487154410136,0.0,0.0,0.0,1.9011487154410136,0.0988512845589864,0.9011487154410136,0.0,4998.883016294912,4367.0610425277055,8.70344614632304,1.0,0.9011487154410136,17.901148715441014,3.0,1.1977025691179728,80.0,2.703446146323041,6.901148715441014,2.0,2.9011487154410136,4.901148715441014,3.9011487154410136,3.703446146323041,2.9011487154410136,1
29.779396682192797,1.0,0.0,0.0,307.42334807593136,0.0,1.0,0.0,19.35276018631357,3.0,0.0,0.0,1.0,0.0,0.0,0.0,1.0,1001.7939668219279,1.6618099534216069,0.0,57.706545983516904,2.7793966821927976,1.0,0.0,0.0,0.0,0.0,0.0,1.0,0.0,0.0,0.0,2.558793364385595,0.22060331780720233,0.7793966821927977,0.0,2192.004102443559,11525.763800931569,4.441206635614405,1.0,1.0,12.985429860264821,3.2206033178072024,2.2206033178072024,80.0,0.0,6.11758672877119,2.661809953421607,3.0,3.8969834109639883,1.5587933643855953,0.0,0.7793966821927977,1
29.386724344381747,0.6773448688763498,0.0,0.3226551311236502,254.1624820979784,1.0,0.0,0.0,13.421068015843954,3.3546897377526994,0.0,0.3226551311236502,0.6773448688763498,0.0,0.0,0.0,1.0,445.00058460207026,2.0,1.0,76.96796539337095,1.0,2.0,0.0,0.0,1.0,0.0,0.0,0.0,0.0,0.0,0.0,2.3546897377526994,0.3226551311236502,0.6773448688763498,0.0,5783.845877258249,21085.5316108268,5.290620524494601,1.0,0.6773448688763498,18.0,3.0,2.6453102622473006,80.0,0.0,10.386724344381749,3.9679653933709504,2.3226551311236503,5.386724344381749,5.386724344381749,5.386724344381749,5.386724344381749,1
33.920396967315064,0.0,1.0,0.0,1004.014991059151,0.14772284363962018,0.8522771563603798,0.0,17.477228436396203,1.4431685309188604,0.0,0.0,1.0,0.0,0.0,0.0,1.0,129.16757120939275,1.8522771563603797,0.0,76.13623962190937,1.2954456872792404,1.1477228436396203,0.0,0.0,0.14772284363962018,0.0,0.0,0.8522771563603798,0.0,0.0,0.0,1.0,0.8522771563603798,0.14772284363962018,0.0,3973.2142836157404,4821.188978614,1.1477228436396203,1.0,0.8522771563603798,20.818217250883038,3.8522771563603797,2.2954456872792406,80.0,0.29544568727924037,9.261385781801899,4.85227715636038,3.0,8.670494407243417,1.8522771563603797,5.113662938162279,5.965940094522659,1
34.29468459281067,1.0,0.0,0.0,589.6860392516267,1.0,0.0,0.0,2.4315615309368894,1.5684384690631108,0.0,0.0,1.0,0.0,0.0,0.0,1.0,1136.1104445462754,2.7157807654684447,1.0,54.69485004891022,2.0,2.7157807654684447,0.0,0.0,1.0,0.0,0.0,0.0,0.0,0.0,0.0,3.1473422964053337,0.0,1.0,0.0,10151.34204770122,5462.577249266346,1.0,1.0,0.7157807654684446,11.0,3.0,1.8526577035946663,80.0,1.0,14.294684592810668,5.431561530936889,3.0,14.294684592810668,7.284219234531555,3.8526577035946663,7.0,1
27.55849058571896,1.0,0.0,0.0,1261.154726959513,0.0,1.0,0.0,14.649056485686236,1.4415094142810394,0.0,0.0,0.7792452928594803,0.0,0.2207547071405197,0.0,1.0,1052.9226469512926,3.0,0.2207547071405197,76.13018880717324,2.5584905857189604,1.0,0.0,1.0,0.0,0.0,0.0,0.0,0.0,0.0,0.0,4.0,0.2207547071405197,0.7792452928594803,0.0,2476.3679262504093,23011.954714442254,1.0,1.0,1.0,12.545282949983637,3.0,3.5584905857189604,80.0,0.0,1.0,3.77924529285948,1.7792452928594802,1.0,0.7792452928594803,0.0,0.0,1
23.137352005311307,1.0,0.0,0.0,1218.8338362062557,0.0,1.0,0.0,16.228920008852178,3.0,0.0,1.0,0.0,0.0,0.0,0.0,1.0,1063.5831720805547,2.4313239973443466,0.5228920008852178,66.10358794600171,2.522892000885218,1.0,0.0,0.5228920008852178,0.0,0.0,0.0,0.4771079991147822,0.0,0.0,0.0,2.0457840017704356,0.4771079991147822,0.0,0.5228920008852178,2483.395083802596,18849.13541697197,1.0,1.0,0.4771079991147822,17.61446000442609,3.522892000885218,2.0457840017704356,80.0,0.5228920008852178,1.0,0.9542159982295644,2.477107999114782,1.0,0.5228920008852178,0.0,0.0,1
40.20372181676932,0.03395363612822,0.0,0.96604636387178,1441.5830929867016,1.0,0.0,0.0,23.4906954580767,3.0,0.03395363612822,0.0,0.96604636387178,0.0,0.0,0.0,1.0,1001.9921626163916,1.96604636387178,0.03395363612822,98.37022546584544,3.9660463638717802,3.9660463638717802,0.0,0.0,1.0,0.0,0.0,0.0,0.0,0.0,0.0,2.06790727225644,0.96604636387178,0.0,0.03395363612822,13088.811635274775,17034.16030480088,4.0,1.0,0.96604636387178,15.8302318193589,3.0,3.89813909161534,80.0,0.03395363612822,22.20372181676932,1.96604636387178,2.06790727225644,1.20372181676932,0.23767545289754,0.13581454451288,0.10186090838466,1
21.27803863700498,1.0,0.0,0.0,337.5734546888228,0.9826225851871888,0.017377414812811187,0.0,7.052132244438433,1.0521322444384333,0.9826225851871888,0.017377414812811187,0.0,0.0,0.0,0.0,1.0,1780.5039450295715,2.0347548296256224,1.0,31.469190199945903,3.0,1.0173774148128112,0.0,0.0,0.0,0.017377414812811187,0.0,0.0,0.0,0.0,0.9826225851871888,1.9826225851871888,1.0,0.0,0.0,2705.6569543228525,4574.385401295444,1.0,1.0,0.0,13.034754829625623,3.0,2.0,80.0,0.0,1.156396733315301,3.0173774148128114,2.9652451703743776,1.156396733315301,0.05213224443843334,0.9826225851871888,0.1390193185024895,1
32.0,1.0,0.0,0.0,656.2999126554458,1.0,0.0,0.0,2.7679870448667065,4.0,0.6160064775666468,0.38399352243335316,0.0,0.0,0.0,0.0,1.0,1258.746176257202,3.3839935224333533,1.0,62.80032387833234,1.6160064775666467,2.3839935224333533,0.0,0.0,1.0,0.0,0.0,0.0,0.0,0.0,0.0,2.7679870448667065,0.6160064775666468,0.38399352243335316,0.0,10096.308806559644,26042.386422609925,4.696038865399881,1.0,0.6160064775666468,11.616006477566646,3.0,3.0,80.0,0.0,9.687954657033472,2.6160064775666467,2.0,6.6079222692002375,4.303961134600119,4.6879546570334725,4.303961134600119,1
33.06091061485438,0.941060521396979,0.058939478603020956,0.0,958.9312048401403,1.0,0.0,0.0,1.0,2.1178789572060417,0.0,0.0,1.0,0.0,0.0,0.0,1.0,1752.2712383669366,1.0589394786030208,1.0,37.53636871618126,1.117878957206042,2.0,0.0,0.0,1.0,0.0,0.0,0.0,0.0,0.0,0.0,2.058939478603021,0.941060521396979,0.0,0.058939478603020956,6734.587423649778,12271.244420895167,6.058939478603021,1.0,0.0,14.823181564190937,3.0,2.1178789572060417,80.0,0.11787895720604191,10.117878957206042,2.058939478603021,3.0,0.35363687161812574,0.17681843580906287,0.0,0.058939478603020956,1
29.67766245640604,0.6611687717969805,0.3388312282030195,0.0,260.937297247847,0.6611687717969805,0.3388312282030195,0.0,24.628181402578864,3.0,0.6611687717969805,0.0,0.3388312282030195,0.0,0.0,0.0,1.0,386.00469337371794,1.6611687717969805,0.3388312282030195,45.5037680742936,3.0,3.0,0.0,0.0,0.6611687717969805,0.0,0.0,0.0,0.0,0.3388312282030195,0.0,3.6611687717969805,0.0,1.0,0.0,8379.346233623597,23977.10990399572,1.677662456406039,1.0,0.0,18.611687717969804,3.6611687717969805,2.9835063153909416,80.0,1.9835063153909416,10.67766245640604,2.6611687717969805,2.3388312282030195,6.950518946172824,2.644675087187922,0.6611687717969805,5.950518946172824,1
30.243261258609532,0.3783693706952339,0.6216306293047661,0.0,779.8089822511324,0.6216306293047661,0.3783693706952339,0.0,5.026954965561871,3.0,0.0,0.0,1.0,0.0,0.0,0.0,1.0,1233.327792282335,3.378369370695234,0.0,90.75673874139046,2.0,1.0,0.0,0.0,0.0,0.0,0.0,0.3783693706952339,0.0,0.0,0.6216306293047661,2.864891887914298,1.0,0.0,0.0,2640.841269765116,11729.51714360982,6.621630629304766,1.0,0.3783693706952339,16.270216224171403,3.378369370695234,3.0,80.0,0.0,3.0,3.7567387413904676,3.621630629304766,0.6216306293047661,0.0,0.0,0.0,1
22.035099456876083,1.0,0.0,0.0,1191.322992216659,0.0,1.0,0.0,8.914613622999422,1.2713465942501445,0.0,0.8643267028749277,0.13567329712507226,0.0,0.0,0.0,1.0,818.7644219045627,3.5929801086247832,0.8643267028749277,37.01991199362767,3.0,1.0,0.0,0.13567329712507226,0.0,0.0,0.0,0.8643267028749277,0.0,0.0,0.0,2.7286534057498555,0.8643267028749277,0.0,0.13567329712507226,1153.492061438202,26947.444147092472,1.0,1.0,1.0,11.135673297125072,3.0,4.0,80.0,0.13567329712507226,1.0,4.592980108624783,3.0,1.0,0.0,0.8643267028749277,0.8643267028749277,1
26.745341628403228,1.0,0.0,0.0,611.7577668498877,0.5636645928991928,0.4363354071008072,0.0,3.254658371596771,3.436335407100807,0.5636645928991928,0.4363354071008072,0.0,0.0,0.0,0.0,1.0,964.4922423850217,2.1273291857983856,1.0,41.636645928991925,2.436335407100807,1.5636645928991928,0.0,0.0,0.5636645928991928,0.0,0.0,0.4363354071008072,0.0,0.0,0.0,3.436335407100807,0.5636645928991928,0.4363354071008072,0.0,5326.427015404528,26594.659935070827,4.490683256806458,1.0,1.0,12.309006221302422,3.0,3.1273291857983856,80.0,1.3090062213024216,5.127329185798386,1.8726708142016144,3.436335407100807,4.254658371596771,3.1273291857983856,0.8726708142016144,2.563664592899193,1
40.27292004949667,0.7270799505033303,0.0,0.2729200494966697,738.771611384234,0.0,1.0,0.0,7.908319802013321,3.4541599010066606,0.0,0.0,1.0,0.0,0.0,0.0,1.0,1445.573903963079,3.181239851509991,1.0,88.45628044547003,2.72707995050333,1.0,0.0,0.7270799505033303,0.0,0.0,0.0,0.2729200494966697,0.0,0.0,0.0,1.0,0.7270799505033303,0.0,0.2729200494966697,2042.2898844052036,21411.24896387412,3.818760148490009,1.0,0.0,14.818760148490009,3.0,1.7270799505033303,80.0,0.2729200494966697,12.270799505033303,2.72707995050333,1.0,3.908319802013321,2.908319802013321,0.7270799505033303,0.0,1
24.28873395529878,0.6711266044701217,0.32887339552987827,0.0,1114.6414451815713,0.32887339552987827,0.6711266044701217,0.0,7.040139440231096,3.3288733955298784,0.0,0.0,1.0,0.0,0.0,0.0,1.0,1193.4479416443976,2.6711266044701216,0.0,40.604227537418296,1.6711266044701216,1.0,0.0,0.6711266044701217,0.0,0.0,0.0,0.0,0.0,0.0,0.32887339552987827,1.6577467910597565,1.0,0.0,0.0,1397.254216454797,16894.923771335016,1.0,1.0,0.0,12.671126604470121,3.0,1.3288733955298784,80.0,0.0,1.0,5.013379813410365,2.3288733955298784,1.0,0.0,0.6711266044701217,0.0,1
33.24751315350036,0.2475131535003564,0.7524868464996436,0.0,1083.672907758511,0.0,0.7524868464996436,0.2475131535003564,4.485078921002138,3.2475131535003565,0.0,0.0,0.7524868464996436,0.0,0.2475131535003564,0.0,1.0,891.3475624277727,1.0,0.7524868464996436,65.54476323699359,3.0,1.0,0.0,0.0,0.0,0.0,0.0,0.7524868464996436,0.2475131535003564,0.0,0.0,1.4950263070007128,0.7524868464996436,0.2475131535003564,0.0,3198.007028978784,3141.2287898779673,1.0,1.0,0.7524868464996436,11.990052614001426,3.0,1.7425394605010691,80.0,0.0,8.019894771997148,2.257460539498931,3.0,8.019894771997148,6.514921078997862,7.267407925497505,5.762434232498218,1
26.397859543246526,0.0,0.5248662214529077,0.47513377854709227,272.7184448511925,0.5248662214529077,0.47513377854709227,0.0,6.950267557094184,1.5248662214529078,0.5248662214529077,0.47513377854709227,0.0,0.0,0.0,0.0,1.0,840.5554009068024,3.524866221452908,0.47513377854709227,55.331287591713334,1.9502675570941845,1.0,0.0,0.47513377854709227,0.0,0.0,0.0,0.0,0.0,0.0,0.5248662214529077,3.0,0.47513377854709227,0.0,0.5248662214529077,2138.61520098945,12872.09931344686,0.47513377854709227,1.0,0.0,14.099464885811631,3.0,4.0,80.0,0.5248662214529077,1.574598664358723,1.574598664358723,2.475133778547092,1.0497324429058155,1.0497324429058155,0.5248662214529077,0.0,1
28.376634440708692,1.0,0.0,0.0,1121.4880616399835,0.0,1.0,0.0,16.215605437346518,3.0,0.0,0.5376634440708693,0.4623365559291307,0.0,0.0,0.0,1.0,970.6860428890482,1.9246731118582614,1.0,58.69869244743305,2.9246731118582616,1.0,0.0,0.4623365559291307,0.0,0.0,0.0,0.5376634440708693,0.0,0.0,0.0,1.5376634440708692,0.5376634440708693,0.4623365559291307,0.0,1983.816372178459,3201.976123279967,2.612990332212608,1.0,1.0,20.46233655592913,4.0,2.462336555929131,80.0,0.9246731118582614,3.150653776283477,0.9246731118582614,3.0,1.0753268881417386,1.0753268881417386,1.0753268881417386,1.0753268881417386,1
27.265573086943704,1.0,0.0,0.0,205.45001042410848,1.0,0.0,0.0,8.115162994547596,3.0,1.0,0.0,0.0,0.0,0.0,0.0,1.0,333.72412248261105,2.4336067282640736,0.7168033641320368,52.51352262496315,2.283196635867963,2.0,0.0,0.0,1.0,0.0,0.0,0.0,0.0,0.0,0.0,2.4336067282640736,1.0,0.0,0.0,5625.057412935455,26830.995120587682,2.1327865434718527,1.0,0.7168033641320368,12.132786543471852,3.0,3.716803364132037,80.0,0.0,6.0,1.5663932717359264,3.0,5.15041009239611,3.4336067282640736,0.0,2.716803364132037,1
27.0796020468232,1.0,0.0,0.0,1249.9933560355898,0.0,1.0,0.0,16.719734697882135,2.920397953176799,0.0,1.0,0.0,0.0,0.0,0.0,1.0,365.5704794336557,1.719734697882134,1.0,59.754561306583746,2.640132651058933,1.0,0.0,0.640132651058933,0.0,0.0,0.0,0.359867348941067,0.0,0.0,0.0,2.719734697882134,0.359867348941067,0.0,0.640132651058933,2378.757877583057,14461.056399522973,1.640132651058933,1.0,1.0,13.0,3.0,3.640132651058933,80.0,0.640132651058933,4.640132651058933,2.359867348941067,2.640132651058933,3.359867348941067,2.359867348941067,0.0,1.640132651058933,1
30.07935916831713,1.0,0.0,0.0,399.0870981363496,0.7977325951909392,0.2022674048090608,0.0,5.988662975954696,3.0,0.0,0.0,0.7977325951909392,0.0,0.2022674048090608,0.0,1.0,1555.356131513431,3.202267404809061,1.0,89.29116456916509,3.0,1.0,0.0,0.0,0.0,0.0,0.0,0.2022674048090608,0.0,0.0,0.7977325951909392,3.797732595190939,0.2022674048090608,0.0,0.7977325951909392,2316.2625505810483,25330.348563005384,1.6068022144271823,1.0,0.7977325951909392,21.606802214427184,4.0,1.797732595190939,80.0,0.7977325951909392,3.809069619236243,2.404534809618122,3.0,2.595465190381878,1.5954651903818784,0.0,1.5954651903818784,1
32.9071403378516,1.0,0.0,0.0,681.9817412289216,0.0,0.3720781511044,0.6279218488956,12.6974067198792,3.6279218488955998,0.0,0.0,0.0,0.6279218488956,0.3720781511044,0.0,1.0,314.94621589005163,3.0,1.0,64.1162344533132,2.2558436977912,1.0,0.0,0.3720781511044,0.0,0.0,0.0,0.0,0.6279218488956,0.0,0.0,2.1162344533132,0.3720781511044,0.0,0.6279218488956,2172.344866344875,23486.146004269587,2.8837655466868,1.0,1.0,20.5116873955824,3.6279218488955998,3.2558436977912,80.0,0.0,4.7675310933736,3.0,2.2558436977912,2.2558436977912,1.2558436977912,0.0,1.2558436977912,1
19.076663214037076,0.9616683929814613,0.03833160701853866,0.0,431.9177515652475,1.0,0.0,0.0,20.233367859629226,2.9233367859629227,0.0,0.0,0.0,0.0,0.03833160701853866,0.9616683929814613,1.0,940.5624970240829,3.8850051789443842,0.9616683929814613,39.3765596351494,2.0,1.0,0.0,0.0,0.0,0.0,0.0,0.0,0.0,0.0,1.0,2.0,1.0,0.0,0.0,2123.0315751719827,9916.449709206225,1.0,1.0,1.0,12.923336785962922,3.0,2.038331607018539,80.0,0.0,1.0766632140370773,3.0,3.961668392981461,1.0766632140370773,0.07666321403707732,0.03833160701853866,0.07666321403707732,1
41.918311195021765,1.0,0.0,0.0,489.47320262606695,1.0,0.0,0.0,5.371832173352679,3.453520978330915,0.5464790216690849,0.0,0.4535209783309151,0.0,0.0,0.0,1.0,1236.1352835528444,1.0,1.0,49.27887413001451,2.546479021669085,3.0,0.0,0.0,1.0,0.0,0.0,0.0,0.0,0.0,0.0,3.546479021669085,0.0,0.4535209783309151,0.5464790216690849,10328.65626188376,15503.453679055907,4.453520978330915,1.0,0.0,11.0,3.0,1.9070419566618302,80.0,0.5464790216690849,23.011269238359933,1.453520978330915,2.6394370650072547,10.174646848316407,4.2788741300145094,7.174646848316406,4.81408391332366,1
31.34294514518124,0.8619120954317699,0.13808790456823006,0.0,406.0636892547014,1.0,0.0,0.0,4.447648381727079,2.7238241908635397,0.8619120954317699,0.0,0.0,0.0,0.13808790456823006,0.0,1.0,484.0333846680224,3.58573628629531,0.0,42.975713796934954,2.86191209543177,1.0,0.0,0.0,0.0,0.0,0.0,0.0,0.0,0.0,1.0,2.86191209543177,1.0,0.0,0.0,2757.5144886073085,9150.0,1.0,1.0,1.0,12.72382419086354,3.0,2.13808790456823,80.0,0.0,1.2761758091364601,2.13808790456823,3.0,1.2761758091364601,0.2761758091364601,0.13808790456823006,0.2761758091364601,1
49.18911004933663,1.0,0.0,0.0,1125.1076794339067,0.0,1.0,0.0,16.053961724226063,3.1351483251105625,0.0,0.0,1.0,0.0,0.0,0.0,1.0,1505.725067073416,2.1351483251105625,1.0,96.43242583744473,3.0,1.0,0.0,0.43242583744471874,0.0,0.0,0.0,0.5675741625552813,0.0,0.0,0.0,3.4324258374447187,1.0,0.0,0.0,2785.0833827317933,10581.679401843734,1.0,1.0,0.5675741625552813,13.162129187223593,3.0,3.4324258374447187,80.0,0.0,5.567574162555282,3.5675741625552813,3.0,5.1351483251105625,3.1351483251105625,0.43242583744471874,1.1351483251105625,1
31.890060814531658,0.8241717345443049,0.17582826545569508,0.0,1133.1984115528985,0.0,0.17582826545569508,0.8241717345443049,7.945030407265829,4.0,0.0,0.0,0.17582826545569508,0.0,0.8241717345443049,0.0,1.0,1420.5813379196966,1.3516565309113902,0.17582826545569508,51.29668693817722,2.824171734544305,1.0,0.0,0.0,0.0,0.0,0.0,0.17582826545569508,0.8241717345443049,0.0,0.0,3.175828265455695,0.0,1.0,0.0,2761.516937465582,3274.378333539505,0.8241717345443049,1.0,0.17582826545569508,14.29668693817722,3.0,3.64834346908861,80.0,0.17582826545569508,1.824171734544305,0.8791413272784754,3.0,1.6483434690886098,1.6483434690886098,1.6483434690886098,1.6483434690886098,1
26.97924725930483,0.489623629652416,0.510376370347584,0.0,944.5114238019086,0.0,0.489623629652416,0.510376370347584,14.551881851737921,2.531129111042752,0.0,0.0,1.0,0.0,0.0,0.0,1.0,885.6165980129199,2.489623629652416,0.0,68.28209622270074,3.0,1.0,0.0,0.489623629652416,0.0,0.0,0.0,0.0,0.510376370347584,0.0,0.0,3.489623629652416,0.0,0.489623629652416,0.510376370347584,2630.345059698554,22879.974673558907,0.489623629652416,1.0,1.0,11.0,3.0,2.979247259304832,80.0,0.510376370347584,4.572634592433088,2.979247259304832,2.0,4.062258222085504,4.062258222085504,0.510376370347584,0.0,1
24.187487471236288,0.0,1.0,0.0,1087.0773563878643,0.0,1.0,0.0,3.0,3.756945836529301,0.0,0.0,1.0,0.0,0.0,0.0,1.0,1284.1800905992134,3.243054163470699,0.7569458365293011,44.35418754793952,2.243054163470699,1.0,0.0,0.0,0.0,0.0,0.0,1.0,0.0,0.0,0.0,3.756945836529301,0.24305416347069886,0.7569458365293011,0.0,3152.1996752324303,4206.715371047463,0.24305416347069886,1.0,0.7569458365293011,11.243054163470699,3.0,1.7569458365293011,80.0,0.7569458365293011,2.4583249808241927,4.270837509587904,2.5138916730586023,1.7013791442948918,0.4861083269413977,1.7013791442948918,1.7013791442948918,1
28.6696844106638,0.8898948035545995,0.11010519644540051,0.0,980.438954373233,0.0,1.0,0.0,1.440420785781602,2.8898948035545997,0.0,0.11010519644540051,0.0,0.0,0.8898948035545995,0.0,1.0,360.33764765207945,3.0,0.8898948035545995,85.3303155893362,2.8898948035545997,1.0,0.0,0.0,0.0,0.0,0.0,1.0,0.0,0.0,0.0,3.0,0.8898948035545995,0.11010519644540051,0.0,2091.9124005051835,19882.630029144202,0.11010519644540051,1.0,0.11010519644540051,14.0,3.0,3.6696844106637982,80.0,0.11010519644540051,7.1101051964454,1.1101051964454005,2.1101051964454003,6.220210392890801,2.5505259822270023,1.0,5.220210392890801,1
44.79327881102548,0.0,0.8170990787402382,0.18290092125976176,1253.6898852756883,0.18290092125976176,0.8170990787402382,0.0,28.182900921259762,2.0,0.0,0.18290092125976176,0.8170990787402382,0.0,0.0,0.0,1.0,1349.9489471575112,1.1829009212597619,1.0,93.7077834173243,1.8170990787402381,2.0,0.0,0.8170990787402382,0.18290092125976176,0.0,0.0,0.0,0.0,0.0,0.0,1.0,1.0,0.0,0.0,4409.287131062937,22545.937873629995,3.9145046062988085,1.0,0.0,19.634198157480476,3.817099078740238,1.5487027637792852,80.0,0.0,17.6222880236231,2.731603685039047,3.0,3.6341981574804763,2.817099078740238,1.1829009212597619,2.817099078740238,1
25.172371488141426,1.0,0.0,0.0,667.7102721843778,1.0,0.0,0.0,5.847187899772038,2.167481641163061,0.0,0.0,1.0,0.0,0.0,0.0,1.0,628.7225055661318,1.167481641163061,0.0,66.00488984697837,2.665036717673878,2.0,0.0,0.0,1.0,0.0,0.0,0.0,0.0,0.0,0.0,3.0,0.8325183588369389,0.16748164116306108,0.0,4573.985330459065,24785.502444923488,7.995110153021633,1.0,0.16748164116306108,13.497555076510817,3.0,1.3349632823261222,80.0,0.16748164116306108,4.0,2.832518358836939,3.0,2.0,2.0,2.0,0.33496328232612216,1
40.12515858562329,1.0,0.0,0.0,746.0932559025227,1.0,0.0,0.0,19.079300367673095,3.0,0.0,0.0,1.0,0.0,0.0,0.0,1.0,1830.5464925604433,3.0,0.5340764922160645,74.68152984432129,3.0,2.4659235077839354,0.0,0.0,1.0,0.0,0.0,0.0,0.0,0.0,0.0,3.068152984432129,0.5340764922160645,0.46592350778393554,0.0,6512.351185183687,13733.814300539863,2.863694031135742,1.0,0.5340764922160645,19.397770523351806,3.4659235077839354,3.5340764922160646,80.0,1.3977705233518067,11.863694031135742,2.0,3.0,9.068152984432128,7.0,3.738535445512451,7.0,1
30.385743482436716,0.6142565175632825,0.3857434824367175,0.0,837.7633118825926,1.0,0.0,0.0,5.91405214050626,3.3857434824367174,0.0,0.6142565175632825,0.3857434824367175,0.0,0.0,0.0,1.0,1702.8011763859138,2.0,0.6142565175632825,73.95600418496801,2.228513035126565,1.0,0.0,0.0,0.0,0.0,0.0,0.0,0.0,0.0,1.0,3.6142565175632826,1.0,0.0,0.0,1188.2366881174075,16071.075370128958,1.0,1.0,0.0,12.614256517563282,3.0,2.6142565175632826,80.0,0.0,1.0,3.0,2.3857434824367174,1.0,0.0,0.0,0.0,1
26.491742605068133,0.7513762324886443,0.24862376751135573,0.0,1055.405560977528,0.0,1.0,0.0,3.7513762324886444,1.4972475350227115,0.0,0.0,0.24862376751135573,0.0,0.7513762324886443,0.0,1.0,1213.1568437973942,4.0,0.7513762324886443,32.248623767511354,3.0,1.0,0.0,0.7513762324886443,0.0,0.0,0.0,0.24862376751135573,0.0,0.0,0.0,3.7513762324886444,0.24862376751135573,0.7513762324886443,0.0,3788.709140631963,4493.367928387402,1.0,1.0,0.7513762324886443,14.254128697465934,3.0,1.7513762324886444,80.0,0.7513762324886443,7.0,2.7513762324886444,3.2541286974659327,7.0,5.7568811624432215,5.497247535022711,6.248623767511356,1
36.769190156104784,0.3525674869912677,0.0,0.6474325130087323,936.320803881249,0.0,1.0,0.0,3.589730052034929,2.352567486991268,0.0,0.0,0.6474325130087323,0.0,0.3525674869912677,0.0,1.0,889.1635868379464,1.7051349739825354,1.0,91.47432513008732,2.352567486991268,1.0,0.0,0.0,0.0,0.0,0.0,1.0,0.0,0.0,0.0,1.7051349739825354,0.3525674869912677,0.0,0.6474325130087323,2089.724193137428,20104.02382697268,3.884595078052394,1.0,0.0,15.942297539026196,3.0,2.057702460973803,80.0,0.6474325130087323,5.705134973982536,1.6474325130087322,1.3525674869912678,2.7628374349563387,0.7051349739825354,0.3525674869912677,1.7628374349563387,1
25.44870530526927,1.0,0.0,0.0,1187.2540996521989,0.0,1.0,0.0,4.224352652634636,1.112176326317318,0.0,0.03739210877243937,0.0,0.0,0.9626078912275606,0.0,1.0,1132.2866524670249,4.0,1.0,32.972194828083424,3.0,1.0373921087724394,0.0,0.9626078912275606,0.0,0.03739210877243937,0.0,0.0,0.0,0.0,0.0,3.887823673682682,0.03739210877243937,0.9626078912275606,0.0,3710.5186807792134,4619.470746094934,1.0,1.0,0.9626078912275606,15.0,3.0,2.0,80.0,0.9626078912275606,7.112176326317318,3.0373921087724396,3.887823673682682,7.112176326317318,6.8504315649102425,4.813039456137803,6.074784217544879,1
35.0,0.23995419325635492,0.7600458067436451,0.0,686.2353735188918,1.0,0.0,0.0,17.280137420230936,3.52009161348729,0.7600458067436451,0.23995419325635492,0.0,0.0,0.0,0.0,1.0,1443.587861212934,3.2801374202309352,0.23995419325635492,65.08036645394915,2.52009161348729,2.0,0.0,0.0,1.0,0.0,0.0,0.0,0.0,0.0,0.0,3.239954193256355,0.0,0.7600458067436451,0.23995419325635492,4812.2021636297495,23002.454510024938,1.4397251595381295,1.0,1.0,17.04018322697458,3.0,3.239954193256355,80.0,1.239954193256355,5.47990838651271,0.47990838651270984,2.0,3.52009161348729,2.0,2.760045806743645,2.0,1
28.257534251390663,0.5269406387343709,0.4730593612656291,0.0,1027.521461236438,0.0,1.0,0.0,10.377168942281193,2.473059361265629,0.0,0.0,1.0,0.0,0.0,0.0,1.0,974.4283102256697,2.5808219162031127,0.4730593612656291,84.22739724582802,3.0,1.0,0.0,0.5269406387343709,0.0,0.0,0.0,0.4730593612656291,0.0,0.0,0.0,1.526940638734371,0.4730593612656291,0.5269406387343709,0.0,2748.341553120286,3273.6036528567492,1.0,1.0,0.4730593612656291,12.053881277468742,3.0,1.0,80.0,0.5269406387343709,5.257534251390662,3.0,1.9461187225312582,5.257534251390662,3.7844748901250327,4.257534251390662,3.3114155288594036,1
25.118059105105324,1.0,0.0,0.0,621.5684460627153,1.0,0.0,0.0,4.614974262929913,2.124228789456147,0.12422878945614713,0.0,0.8757712105438529,0.0,0.0,0.0,1.0,732.2986501561586,1.0,0.0,65.49691515782459,3.0,2.0,0.0,0.0,1.0,0.0,0.0,0.0,0.0,0.0,0.0,2.7515424210877057,1.0,0.0,0.0,4669.798905723742,24998.921975443485,8.503084842175411,1.0,0.0,14.124228789456147,3.0,1.2484575789122943,80.0,0.0,4.248457578912294,3.0,3.0,2.124228789456147,2.0,1.7515424210877057,0.24845757891229425,1
22.8756900804719,1.0,0.0,0.0,486.1008312777191,0.5207183199213499,0.47928168007865013,0.0,12.544196961730304,3.0,0.0,0.5207183199213499,0.0,0.0,0.47928168007865013,0.0,1.0,778.215495976405,3.0,0.47928168007865013,57.14778856133705,1.5207183199213499,1.0,0.0,0.47928168007865013,0.0,0.0,0.0,0.0,0.0,0.0,0.5207183199213499,3.47928168007865,1.0,0.0,0.0,2185.8673773032806,22608.446030571315,1.0,1.0,0.47928168007865013,15.39640840039325,3.0,3.0414366398426997,80.0,0.0,1.5207183199213499,3.0,1.5207183199213499,1.5207183199213499,1.0414366398426997,0.0,1.0414366398426997,1
31.96496683146595,0.9649668314659519,0.03503316853404814,0.0,1027.0980508791015,0.9649668314659519,0.03503316853404814,0.0,4.56053069654477,3.9649668314659516,0.0,0.9649668314659519,0.03503316853404814,0.0,0.0,0.0,1.0,301.36981788607824,3.894900494397856,1.0,33.19112773015764,1.0700663370680963,3.0,0.0,0.0,0.9649668314659519,0.0,0.0,0.0,0.0,0.03503316853404814,0.0,3.9649668314659516,0.0,1.0,0.0,10379.820894924389,25710.263678577125,1.0700663370680963,1.0,0.0,11.035033168534047,3.0,2.9299336629319037,80.0,0.0,13.929933662931903,2.0,2.0350331685340484,13.544568809057374,7.719734651727615,8.684701483193567,7.719734651727615,1
30.28199515558929,0.856399031117858,0.14360096888214202,0.0,434.82131156977096,0.0,0.14360096888214202,0.856399031117858,16.133187404532155,4.569197093353574,0.0,0.14360096888214202,0.0,0.856399031117858,0.0,0.0,1.0,1699.2606369311509,3.856399031117858,0.856399031117858,88.85639903111786,3.712798062235716,1.0,0.0,0.0,0.0,0.0,0.0,0.14360096888214202,0.856399031117858,0.0,0.0,1.287201937764284,0.0,1.0,0.0,2871.2754283595364,21409.27022157736,0.14360096888214202,1.0,0.14360096888214202,16.569197093353573,3.0,2.712798062235716,80.0,0.14360096888214202,2.861605813292852,3.712798062235716,3.0,2.0052067821749944,1.0052067821749942,0.14360096888214202,1.0052067821749942,1
19.635163290873383,0.20439541135917272,0.0,0.7956045886408273,492.6832844537256,0.0,1.0,0.0,9.635163290873383,1.613186234077518,0.0,1.0,0.0,0.0,0.0,0.0,1.0,1000.2506965443104,2.5912091772816543,1.0,72.84616060242895,3.0,1.0,0.0,1.0,0.0,0.0,0.0,0.0,0.0,0.0,0.0,2.795604588640827,0.7956045886408273,0.0,0.20439541135917272,1999.861447927452,13683.542736688123,1.2043954113591728,1.0,0.20439541135917272,12.204395411359172,3.0,4.0,80.0,0.20439541135917272,1.0219770567958637,0.40879082271834544,3.0,0.613186234077518,0.40879082271834544,0.0,0.40879082271834544,1
28.37964073286922,0.4919760488579481,0.5080239511420519,0.0,819.4649103026753,0.5080239511420519,0.4919760488579481,0.0,8.379640732869222,2.4759281465738443,0.0,0.0,0.4919760488579481,0.0,0.5080239511420519,0.0,1.0,755.4744915558827,1.9839520977158962,0.0,71.4493412639549,2.983952097715896,1.0,0.0,0.4919760488579481,0.0,0.0,0.0,0.0,0.0,0.0,0.5080239511420519,1.508023951142052,1.0,0.0,0.0,2453.9343718001724,8716.569100956147,1.0,1.0,0.5080239511420519,13.45988024428974,3.0,3.0,80.0,0.0,10.379640732869222,2.016047902284104,3.0,9.887664684011273,7.411736537437429,7.887664684011273,7.903712586295377,1
32.139328013875556,1.0,0.0,0.0,658.5285647874715,0.0,0.4418792714658586,0.5581207285341414,13.953826886385455,3.558120728534141,0.0,0.0,0.0,0.5581207285341414,0.4418792714658586,0.0,1.0,349.07896374680485,3.0,1.0,64.32563781439758,2.116241457068283,1.0,0.0,0.4418792714658586,0.0,0.0,0.0,0.0,0.5581207285341414,0.0,0.0,2.3256378143975756,0.4418792714658586,0.0,0.5581207285341414,2190.981765481384,23455.78251691235,2.6743621856024244,1.0,1.0,20.232482914136565,3.558120728534141,3.116241457068283,80.0,0.0,4.348724371204849,3.0,2.116241457068283,2.116241457068283,1.1162414570682828,0.0,1.1162414570682828,1
38.452521748980054,1.0,0.0,0.0,1072.2746097926533,0.6815652186225065,0.3184347813774935,0.0,14.268173935205118,2.0,0.6815652186225065,0.0,0.3184347813774935,0.0,0.0,0.0,1.0,273.4747825101995,1.6815652186225065,0.0,60.128521777297706,3.0,1.0,0.0,0.3184347813774935,0.0,0.0,0.0,0.0,0.0,0.0,0.6815652186225065,1.6815652186225065,0.6815652186225065,0.3184347813774935,0.0,3002.1177396635453,21658.26278287833,2.910608688264961,1.0,0.6815652186225065,21.36313043724501,4.0,3.0446956558675193,80.0,0.0,6.865913032397441,4.3631304372450135,2.636869562754987,5.592173906887467,4.273739125509974,0.3184347813774935,3.592173906887467,1
26.439057215595827,1.0,0.0,0.0,604.0543976060528,0.0,1.0,0.0,21.016311224260175,4.430901603465739,0.0,0.28454919826713043,0.0,0.0,0.7154508017328696,0.0,1.0,693.3316884184758,3.2845491982671304,0.0,78.68282835321253,2.0,1.0,0.0,0.0,0.0,0.0,0.0,1.0,0.0,0.0,0.0,1.7154508017328696,0.28454919826713043,0.7154508017328696,0.0,2561.365656706425,18292.88627004332,3.8618032069314783,1.0,0.28454919826713043,15.71545080173287,3.0,1.7154508017328696,80.0,0.0,4.577254008664347,2.0,3.7154508017328696,1.7154508017328696,1.4309016034657391,0.7154508017328696,0.7154508017328696,1
27.692976812407785,0.0,0.9658863124897539,0.03411368751024613,296.3344428147029,0.0,1.0,0.0,2.272909500081969,2.034113687510246,0.0,1.0,0.0,0.0,0.0,0.0,1.0,1495.266895997377,2.9317726249795077,0.9658863124897539,39.97859387559428,2.0,1.0,0.0,0.9658863124897539,0.0,0.0,0.0,0.03411368751024613,0.0,0.0,0.0,1.0341136875102461,1.0,0.0,0.0,2537.052191367807,5382.052154195625,6.795317874938523,1.0,0.03411368751024613,11.477591625143447,3.034113687510246,2.965886312489754,80.0,0.0,7.761204187428277,2.0,2.0682273750204923,0.03411368751024613,0.03411368751024613,0.0,0.0,1
25.73187732313371,1.0,0.0,0.0,841.1201208414689,0.0,1.0,0.0,10.072490707465159,2.0,0.0,0.0,1.0,0.0,0.0,0.0,1.0,1012.0406598855216,2.7010920076497174,0.0,84.01092007649717,2.1340613384331446,1.0,0.0,0.5670306692165724,0.0,0.0,0.0,0.4329693307834276,0.0,0.0,0.0,2.0,0.4329693307834276,0.5670306692165724,0.0,2212.5978159847004,3588.484665391714,3.5978159847005653,1.0,0.4329693307834276,13.0,3.0,2.2989079923502826,80.0,0.5670306692165724,4.896723977050849,3.4329693307834277,1.8659386615668552,3.5978159847005653,3.030785315483993,1.2989079923502826,3.030785315483993,1
48.956027294075156,0.1159969673249831,0.8840030326750169,0.0,975.5875663274726,1.0,0.0,0.0,1.0,3.7680060653500336,0.0,0.0,0.1159969673249831,0.0,0.0,0.8840030326750169,1.0,984.0113723346188,3.7680060653500336,0.8840030326750169,82.50796057522479,3.0,2.0,0.0,0.0,1.0,0.0,0.0,0.0,0.0,0.0,0.0,3.115996967324983,1.0,0.0,0.0,4874.7361636661035,17509.44124320006,3.5799848366249156,1.0,1.0,13.65200909802505,3.0,3.652009098025051,80.0,0.0,5.347990901974949,3.5360121307000676,2.7680060653500336,0.6959818039498984,0.4639878692999324,0.0,0.5799848366249156,1
29.648163123205773,1.0,0.0,0.0,408.21072137796534,0.0,1.0,0.0,17.77795747846929,3.0,0.0,0.0,1.0,0.0,0.0,0.0,1.0,1000.4816312320578,2.055510630382677,0.0,63.48082257894593,2.6481631232057743,1.0,0.0,0.0,0.0,0.0,0.0,1.0,0.0,0.0,0.0,2.2963262464115486,0.3518368767942257,0.6481631232057743,0.0,2227.6996304880295,11517.889787392347,4.703673753588451,1.0,1.0,14.166531891148031,3.3518368767942257,2.3518368767942257,80.0,0.0,5.592652492823097,3.055510630382677,3.0,3.2408156160288715,1.2963262464115486,0.0,0.6481631232057743,1
27.71685529254732,0.8584276462736599,0.14157235372634014,0.0,1335.0748774038057,0.0,0.8584276462736599,0.14157235372634014,12.707861768631702,1.4247170611790203,0.0,0.0,1.0,0.0,0.0,0.0,1.0,1094.7284754371651,2.8584276462736598,0.0,76.02698057174686,3.0,1.0,0.0,0.8584276462736599,0.0,0.0,0.0,0.0,0.14157235372634014,0.0,0.0,3.8584276462736598,0.0,0.8584276462736599,0.14157235372634014,2546.995351942153,22934.18886400223,0.8584276462736599,1.0,1.0,11.0,3.0,3.7168552925473195,80.0,0.14157235372634014,1.9910064760843813,3.7168552925473195,2.0,1.8494341223580406,1.8494341223580406,0.14157235372634014,0.0,1
28.147550455226014,1.0,0.0,0.0,583.1510170679466,0.0,1.0,0.0,4.360807283616198,3.5573486343219627,0.0,0.1475504552260124,0.8524495447739876,0.0,0.0,0.0,1.0,356.7700276939254,1.2951009104520248,1.0,80.03285318658209,2.8524495447739877,1.0,0.0,0.8524495447739876,0.0,0.0,0.0,0.1475504552260124,0.0,0.0,0.0,3.1475504552260123,1.0,0.0,0.0,3323.2847010722903,14938.836311835876,1.8524495447739877,1.0,0.1475504552260124,11.295100910452025,3.0,3.0,80.0,0.0,4.852449544773988,4.704899089547975,1.1475504552260123,0.5902018209040496,0.4426513656780373,0.0,0.1475504552260124,1
33.30099244463523,0.0,0.9563120277897015,0.04368797221029852,293.85928936169535,0.9563120277897015,0.04368797221029852,0.0,6.087375944420597,1.9563120277897015,0.9563120277897015,0.04368797221029852,0.0,0.0,0.0,0.0,1.0,581.2564712983894,3.9563120277897017,0.04368797221029852,35.05333469388403,1.087375944420597,1.0,0.0,0.04368797221029852,0.0,0.0,0.0,0.0,0.0,0.0,0.9563120277897015,3.0,0.04368797221029852,0.0,0.9563120277897015,2331.4714764219966,12309.925427790018,0.04368797221029852,1.0,0.0,15.825248111158807,3.0,4.0,80.0,0.9563120277897015,2.868936083369104,2.868936083369104,2.0436879722102983,1.912624055579403,1.912624055579403,0.9563120277897015,0.0,1
41.041155275938124,1.0,0.0,0.0,733.3753068344371,0.697942236203094,0.30205776379690596,0.0,7.583537889624752,3.0,0.0,1.0,0.0,0.0,0.0,0.0,1.0,1381.646785245036,4.0,1.0,61.94732856732884,2.302057763796906,3.604115527593812,0.30205776379690596,0.0,0.697942236203094,0.0,0.0,0.0,0.0,0.0,0.0,1.0,0.0,1.0,0.0,13191.557817551842,21430.018880183223,7.791768944812376,1.0,0.30205776379690596,15.791768944812375,3.0,3.302057763796906,80.0,0.30205776379690596,17.718519874172152,2.697942236203094,3.0,10.583537889624752,8.97942236203094,4.48971118101547,1.2082310551876239,1
33.61079387078873,0.0,0.1946030646056338,0.8053969353943662,825.134365902493,0.0,1.0,0.0,13.859366289338029,3.6107938707887324,0.0,0.0,0.1946030646056338,0.0,0.8053969353943662,0.0,1.0,1911.6165041965914,3.4161908061830983,0.8053969353943662,77.60508354498592,1.5838091938169017,1.0,0.0,0.0,0.0,0.0,0.0,1.0,0.0,0.0,0.0,1.3892061292112676,0.1946030646056338,0.8053969353943662,0.0,2331.3253830757044,14626.969429431634,1.3892061292112676,1.0,1.0,21.248572418549294,3.8053969353943664,1.8053969353943662,80.0,0.8053969353943662,5.583809193816902,2.0,3.0,4.805396935394366,1.8053969353943662,2.4161908061830983,0.5838091938169017,1
23.668721045974184,0.7331278954025815,0.2668721045974185,0.0,1329.0579376127475,0.2668721045974185,0.7331278954025815,0.0,13.463174221843886,1.533744209194837,0.0,0.0,0.2668721045974185,0.0,0.0,0.7331278954025815,1.0,1031.8838186757466,4.0,0.0,62.064406849428394,3.0,1.0,0.0,0.0,0.0,0.0,0.0,0.7331278954025815,0.0,0.0,0.2668721045974185,3.466255790805163,1.0,0.0,0.0,2588.6530071024094,8722.953470366823,1.0,1.0,0.2668721045974185,16.865023163220652,3.0,1.0,80.0,0.0,1.533744209194837,2.7331278954025815,2.533744209194837,1.533744209194837,0.533744209194837,0.533744209194837,0.533744209194837,1
34.92159746081329,0.6052268359457805,0.39477316405421947,0.0,963.5763321880962,0.0,1.0,0.0,10.079782773247048,3.0,0.0,0.0,0.39477316405421947,0.0,0.6052268359457805,0.0,1.0,336.3191310929882,3.3947731640542194,1.0,68.41952710972278,3.0,1.0,0.0,0.39477316405421947,0.0,0.0,0.0,0.6052268359457805,0.0,0.0,0.0,3.0,0.6052268359457805,0.0,0.39477316405421947,2493.434799951804,19821.348025740837,1.1843194921626585,1.0,0.39477316405421947,17.158185312433755,3.3947731640542194,4.0,80.0,0.39477316405421947,11.737277968650634,0.6052268359457805,1.6052268359457806,4.026134179728903,1.210453671891561,0.6052268359457805,3.0261341797289028,1
35.06443681172637,0.7173541338917317,0.28264586610826825,0.0,995.6839063097873,0.28264586610826825,0.7173541338917317,0.0,3.9785210627578778,3.7173541338917317,0.28264586610826825,0.0,0.7173541338917317,0.0,0.0,0.0,1.0,969.3968799162402,2.5652917322165365,0.0,56.152062401675195,1.5652917322165365,1.0,0.0,0.7173541338917317,0.0,0.0,0.0,0.0,0.0,0.0,0.28264586610826825,4.0,0.28264586610826825,0.0,0.7173541338917317,2649.396130920738,17578.0241496237,3.1520624016751952,1.0,1.0,13.282645866108268,3.0,2.7173541338917317,80.0,0.7173541338917317,7.738833071133854,1.5652917322165365,2.2826458661082683,5.586770669458659,5.586770669458659,0.7173541338917317,0.5652917322165365,1
27.421247942875837,0.28424958857516713,0.0,0.7157504114248329,260.4520065827973,1.0,0.0,0.0,22.462259462771154,2.5684991771503345,0.0,0.7157504114248329,0.28424958857516713,0.0,0.0,0.0,1.0,788.5658595853039,2.0,1.0,78.14725123427449,1.0,2.0,0.0,0.0,1.0,0.0,0.0,0.0,0.0,0.0,0.0,1.5684991771503343,0.7157504114248329,0.28424958857516713,0.0,5310.952255055926,21507.715941870272,6.863001645699331,1.0,0.28424958857516713,18.0,3.0,3.4315008228496655,80.0,0.0,8.421247942875835,5.147251234274499,2.7157504114248328,3.421247942875836,3.421247942875836,3.421247942875836,3.421247942875836,1
36.345475311419236,1.0,0.0,0.0,368.6500428298022,0.04090779303629766,0.9590922069637023,0.0,9.877276620891108,3.877276620891107,0.04090779303629766,0.9590922069637023,0.0,0.0,0.0,0.0,1.0,1807.8136740019474,3.9181844139274045,1.0,56.89548958801996,3.0,1.9590922069637022,0.0,0.0,0.0,0.9590922069637023,0.0,0.0,0.0,0.0,0.04090779303629766,1.0409077930362978,1.0,0.0,0.0,4150.24744548232,4974.614187959573,1.0,1.0,0.0,14.918184413927404,3.0,2.0,80.0,0.0,9.631829862673321,3.9590922069637022,1.0818155860725953,9.631829862673321,2.877276620891107,0.04090779303629766,7.672737655709619,1
33.225551697441034,0.5161108355315025,0.4838891644684975,0.0,778.100613702853,0.0,1.0,0.0,7.06444334212601,3.032221671063005,0.0,0.4838891644684975,0.5161108355315025,0.0,0.0,0.0,1.0,1202.0520331746106,3.5161108355315025,0.5161108355315025,86.967778328937,2.5161108355315025,1.0,0.0,0.5161108355315025,0.0,0.0,0.0,0.4838891644684975,0.0,0.0,0.0,1.967778328936995,0.5161108355315025,0.4838891644684975,0.0,2186.3934292350373,21379.53140955089,2.032221671063005,1.0,0.4838891644684975,14.0,3.0,1.5161108355315025,80.0,0.4838891644684975,11.612775848720517,2.5161108355315025,1.967778328936995,6.451667493405493,5.451667493405493,1.0,3.3872241512794825,1
43.11022958910288,0.20734863927352543,0.0,0.7926513607264746,1322.6591259877619,0.7926513607264746,0.20734863927352543,0.0,19.43832993598244,3.0,0.0,0.20734863927352543,0.7926513607264746,0.0,0.0,0.0,1.0,944.7376207845684,2.4146972785470506,0.20734863927352543,95.43832993598244,3.7926513607264747,4.207348639273525,0.20734863927352543,0.0,0.7926513607264746,0.0,0.0,0.0,0.0,0.0,0.0,1.7926513607264747,0.7926513607264746,0.20734863927352543,0.0,14575.978680758046,17926.935182921112,4.207348639273525,1.0,1.0,15.377954082179423,3.0,4.0,80.0,0.20734863927352543,22.414697278547052,2.0,2.2073486392735253,1.8293945570941017,0.41469727854705085,0.20734863927352543,0.8293945570941017,1
26.299264694429972,0.242962186510004,0.757037813489996,0.0,300.6621849524802,0.242962186510004,0.757037813489996,0.0,3.2148109325500203,1.757037813489996,0.242962186510004,0.757037813489996,0.0,0.0,0.0,0.0,1.0,1571.057563476761,2.7570378134899958,1.0,36.29926469442997,2.2429621865100042,1.0,0.0,0.757037813489996,0.0,0.0,0.0,0.0,0.0,0.0,0.242962186510004,1.242962186510004,1.0,0.0,0.0,2589.6695380081806,5163.545797030117,5.542226880939976,1.0,0.0,11.485924373020008,3.0,2.7570378134899958,80.0,0.0,6.299264694429972,2.2429621865100042,2.2429621865100042,0.242962186510004,0.0,0.242962186510004,0.0,1
27.743964094681907,1.0,0.0,0.0,612.237345957576,1.0,0.0,0.0,12.092484229941771,2.5348520135259864,0.0,0.0,1.0,0.0,0.0,0.0,1.0,428.5056526283373,1.5348520135259864,0.0,68.20911208115592,1.930295972948027,2.0,0.0,0.0,1.0,0.0,0.0,0.0,0.0,0.0,0.0,3.0,0.46514798647401345,0.5348520135259865,0.0,4567.372663756532,24786.604556040576,5.7908879188440805,1.0,0.5348520135259865,12.39544395942204,3.0,2.069704027051973,80.0,0.5348520135259865,4.0,2.4651479864740136,3.0,2.0,2.0,2.0,1.069704027051973,1
23.21982853152474,0.0,0.43498571096039507,0.5650142890396049,334.43212790303943,0.43498571096039507,0.5650142890396049,0.0,9.73994284384158,2.304957132881185,0.0,0.5650142890396049,0.43498571096039507,0.0,0.0,0.0,1.0,935.0272588321193,2.565014289039605,1.0,77.39008573423763,2.565014289039605,1.0,0.0,0.5650142890396049,0.0,0.0,0.0,0.0,0.0,0.0,0.43498571096039507,2.1300285780792096,0.5650142890396049,0.43498571096039507,0.0,1960.113156713891,13953.576939817802,1.0,1.0,0.0,14.60991426576237,3.0,3.565014289039605,80.0,0.43498571096039507,0.43498571096039507,0.8699714219207901,3.434985710960395,0.43498571096039507,0.0,0.0,0.0,1
31.01393584642122,0.0,0.597212830715756,0.40278716928424396,663.615881996396,0.0,1.0,0.0,20.77770264572605,2.805574338568488,0.0,0.0,0.597212830715756,0.0,0.40278716928424396,0.0,1.0,1882.903125263517,4.0,1.0,77.83344603141093,1.597212830715756,1.0,0.0,0.0,0.0,0.0,0.0,1.0,0.0,0.0,0.0,2.791638492147268,0.597212830715756,0.40278716928424396,0.0,2385.8320936544796,14634.983359399717,1.0,1.0,1.0,23.597212830715755,4.0,2.0,80.0,0.40278716928424396,2.611148677136976,2.597212830715756,2.402787169284244,2.611148677136976,0.8055743385684879,1.805574338568488,0.0,1
30.46207433320894,1.0,0.0,0.0,490.48536029853756,0.0,1.0,0.0,22.197690861349535,4.878160472232588,0.0,0.0,0.12183952776741147,0.0,0.8781604722325885,0.0,1.0,609.105909051803,2.8781604722325884,0.0,69.29424661125624,1.8781604722325884,1.0,0.0,0.12183952776741147,0.0,0.0,0.0,0.8781604722325885,0.0,0.0,0.0,2.243679055534823,0.0,0.8781604722325885,0.12183952776741147,2574.2667704420396,18229.94227153374,4.878160472232588,1.0,0.12183952776741147,15.634481416697765,3.0,2.1218395277674116,80.0,0.12183952776741147,6.487358111069646,1.8781604722325884,3.756320944465177,2.6091976388370575,2.6091976388370575,1.0,0.8781604722325885,1
28.422865376189556,0.5257115412701479,0.47428845872985215,0.0,122.66850007302385,0.0,1.0,0.0,11.308538495241773,3.525711541270148,0.0,0.47428845872985215,0.5257115412701479,0.0,0.0,0.0,1.0,1220.9760780128174,3.0514230825402957,0.0,55.26859612856867,3.0,1.0,0.0,0.47428845872985215,0.0,0.0,0.0,0.5257115412701479,0.0,0.0,0.0,2.525711541270148,1.0,0.0,0.0,2407.280076844436,25701.868692184114,0.5257115412701479,1.0,0.5257115412701479,14.897153834919408,3.0,2.5771346238104433,80.0,0.0,6.102846165080591,2.474288458729852,3.0,5.6285577063507395,2.0,4.154269247620887,4.6285577063507395,1
44.612549041890055,0.5537516347296685,0.0,0.4462483652703315,942.3799994318035,0.0,1.0,0.0,14.586222209595636,3.107503269459337,0.0,0.5537516347296685,0.0,0.0,0.4462483652703315,0.0,1.0,1235.942954454848,2.5537516347296685,0.4462483652703315,61.4787189401363,2.0,3.0,0.0,0.0,0.0,0.5537516347296685,0.0,0.0,0.0,0.4462483652703315,0.0,1.0,0.4462483652703315,0.5537516347296685,0.0,9434.124602262353,12171.15445726975,4.322509808378011,1.0,0.5537516347296685,13.107503269459336,3.0,2.6612549041890055,80.0,0.0,21.62878432932304,0.892496730540663,2.0,10.0,8.107503269459336,3.215006538918674,9.0,1
27.33660724272236,1.0,0.0,0.0,1241.5981613571496,0.6633927572776407,0.3366072427223593,0.0,2.0,2.009821728167078,0.6633927572776407,0.3366072427223593,0.0,0.0,0.0,0.0,1.0,721.1937660782999,3.0,1.0,71.87231753382798,3.0,1.0,0.0,0.0,0.0,0.0,0.0,0.3366072427223593,0.0,0.0,0.6633927572776407,1.6732144854447186,0.3366072427223593,0.0,0.6633927572776407,3492.3903124906838,16355.425002796226,2.0196434563341557,1.0,0.0,13.019643456334155,3.0,2.673214485444719,80.0,0.6633927572776407,5.0,3.0,2.6633927572776406,3.326785514555281,2.6633927572776406,0.6732144854447186,1.6633927572776406,1
32.04354364660697,0.5494130587824516,0.4505869412175484,0.0,635.326375396114,0.0,0.0,1.0,10.956456353393033,4.0,0.0,0.0,0.4505869412175484,0.5494130587824516,0.0,0.0,1.0,347.02879707833546,2.5494130587824517,0.5494130587824516,60.74706529391226,3.0,1.0,0.0,0.0,0.0,0.0,0.0,0.0,1.0,0.0,0.0,1.9011738824350968,0.0,0.0,1.0,2373.9920767333224,23269.50696937726,2.1976522351298065,1.0,1.0,17.043543646606967,3.5494130587824517,3.0988261175649034,80.0,0.4505869412175484,7.450586941217549,2.5494130587824517,2.5494130587824517,4.802347764870193,4.252934706087742,0.4505869412175484,1.0988261175649032,1
55.69702777382631,0.9724570703478468,0.027542929652153214,0.0,437.2817044969593,0.027542929652153214,0.9724570703478468,0.0,14.33051515582584,4.0,0.0,0.0,1.0,0.0,0.0,0.0,1.0,175.40495220807614,1.9724570703478468,0.0,72.77120203026028,3.0,1.0275429296521532,0.0,0.0,0.027542929652153214,0.0,0.0,0.9724570703478468,0.0,0.0,0.0,1.9724570703478468,0.0,1.0,0.0,4944.353436625493,4540.848081210412,8.807199492434927,1.0,0.9724570703478468,17.889828281391388,3.0,1.0826287889564596,80.0,2.972457070347847,6.944914140695694,2.0550858593043064,3.0,4.889828281391387,3.91737121104354,3.889828281391387,2.91737121104354,1
30.574523776903526,0.9680820123942486,0.031917987605751375,0.0,156.19325293527828,0.031917987605751375,0.9680820123942486,0.0,21.52123018591373,2.9680820123942486,0.0,0.031917987605751375,0.9680820123942486,0.0,0.0,0.0,1.0,1025.9276574851513,1.0957539628172541,0.0,49.500145417470314,3.0,1.0,0.0,0.0,0.0,0.0,0.0,0.9680820123942486,0.0,0.0,0.031917987605751375,3.0,0.0,1.0,0.0,2148.693107517808,11545.415515508756,3.9361640247884973,1.0,1.0,11.0,3.0,2.0319179876057514,80.0,0.06383597521150275,7.3830158512690165,2.0319179876057514,3.0,5.1276719504230055,2.159589938028757,0.22342591324025962,1.1915079256345082,1
27.402719602036466,1.0,0.0,0.0,1381.9006252753493,0.0,1.0,0.0,18.194560795927067,3.0,0.0,0.2986401989817673,0.0,0.0,0.7013598010182327,0.0,1.0,1705.2599102685526,2.4027196020364654,1.0,33.49320099490884,2.2986401989817673,1.0,0.0,1.0,0.0,0.0,0.0,0.0,0.0,0.0,0.0,3.7013598010182327,0.0,0.0,1.0,2369.9864019898178,18956.39227819517,3.805439204072931,1.0,0.0,14.389121591854138,3.2986401989817673,1.5972803979635346,80.0,1.0,4.506799005091164,1.4027196020364654,2.0,3.104079403054698,1.0,0.0,2.104079403054698,1
23.924188814406442,0.707581118559356,0.292418881440644,0.0,1319.6822705112836,0.292418881440644,0.707581118559356,0.0,13.028879015509052,1.584837762881288,0.0,0.0,0.292418881440644,0.0,0.0,0.707581118559356,1.0,1042.3069036277827,4.0,0.0,61.78339230415292,3.0,1.0,0.0,0.0,0.0,0.0,0.0,0.707581118559356,0.0,0.0,0.292418881440644,3.415162237118712,1.0,0.0,0.0,2578.6642173567084,8708.877196326204,1.0,1.0,0.292418881440644,16.660648948474847,3.0,1.0,80.0,0.0,1.584837762881288,2.707581118559356,2.584837762881288,1.584837762881288,0.584837762881288,0.584837762881288,0.584837762881288,1
29.8798174011734,0.04006086627553318,0.9599391337244668,0.0,110.04158252316387,0.0,1.0,0.0,5.480730395306399,3.040060866275533,0.0,0.9599391337244668,0.04006086627553318,0.0,0.0,0.0,1.0,1032.5436161149069,2.080121732551066,0.0,59.6394522035202,3.0,1.0,0.0,0.9599391337244668,0.0,0.0,0.0,0.04006086627553318,0.0,0.0,0.0,2.040060866275533,1.0,0.0,0.0,2420.878295744285,25723.237321883877,0.04006086627553318,1.0,0.04006086627553318,16.839756534897866,3.0,1.1201825988265997,80.0,0.0,4.160243465102132,2.959939133724467,3.0,3.200304331377666,2.0,1.2403651976531993,2.200304331377666,1
45.65738894857242,0.12329531849618869,0.8767046815038113,0.0,732.4124730622453,0.8767046815038113,0.12329531849618869,0.0,7.3698859554885665,2.1232953184961887,0.0,0.8767046815038113,0.12329531849618869,0.0,0.0,0.0,1.0,1605.0631630081566,4.0,0.0,94.63011404451143,2.8767046815038113,1.0,0.0,0.0,0.0,0.0,0.0,0.12329531849618869,0.0,0.0,0.8767046815038113,2.7534093630076226,0.12329531849618869,0.8767046815038113,0.0,2624.0528750574567,11707.819921872495,2.4931812739847548,1.0,1.0,12.109657866465698,3.1232953184961887,3.0,80.0,1.7534093630076226,17.02727490406098,3.2465906369923774,3.0,7.890342133534302,6.136932770526679,6.136932770526679,6.136932770526679,1
24.276417671710792,0.5319403326127441,0.4680596673872559,0.0,314.5331359654117,0.5319403326127441,0.4680596673872559,0.0,4.6597016630637205,1.468059667387256,0.5319403326127441,0.4680596673872559,0.0,0.0,0.0,0.0,1.0,1650.8155318011175,2.468059667387256,1.0,34.27641767171079,2.531940332612744,1.0,0.0,0.4680596673872559,0.0,0.0,0.0,0.0,0.0,0.0,0.5319403326127441,1.531940332612744,1.0,0.0,0.0,2623.768959248304,4935.831017901158,3.8083580043235354,1.0,0.0,12.063880665225488,3.0,2.468059667387256,80.0,0.0,4.276417671710791,2.531940332612744,2.531940332612744,0.5319403326127441,0.0,0.5319403326127441,0.0,1
24.63315860516652,0.0,0.6259065116851689,0.37409348831483114,820.0827884010102,0.0,1.0,0.0,4.3668413948334805,3.0,0.0,1.0,0.0,0.0,0.0,0.0,1.0,1162.2508078991318,1.0,0.6259065116851689,64.07876790405639,2.0,1.0,0.0,0.6259065116851689,0.0,0.0,0.0,0.37409348831483114,0.0,0.0,0.0,2.0,0.37409348831483114,0.0,0.6259065116851689,2320.2930991119692,6781.417389825391,1.0,1.0,0.37409348831483114,18.740934883148313,3.374093488314831,1.374093488314831,80.0,1.2518130233703377,1.0,2.0,3.374093488314831,1.0,0.37409348831483114,0.0,0.0,1
41.484820262985885,0.542818272303734,0.45718172769626597,0.0,713.1730627064876,0.542818272303734,0.45718172769626597,0.0,9.114635549266394,2.085636544607468,0.0,0.0,0.542818272303734,0.0,0.0,0.45718172769626597,1.0,1365.632536225019,2.457181727696266,0.542818272303734,73.14363455392532,3.0,3.0,0.0,0.0,0.542818272303734,0.0,0.0,0.0,0.0,0.45718172769626597,0.0,2.914363455392532,1.0,0.0,0.0,8037.736717167234,22172.225691863987,4.885364450733606,1.0,1.0,15.799727906126138,3.0,2.085636544607468,80.0,0.0,9.542818272303734,1.542818272303734,2.457181727696266,8.0,7.0,7.0,7.0,1
24.114731183338765,1.0,0.0,0.0,1111.6846666026936,0.0,1.0,0.0,4.8852688166612355,2.777053763332247,0.0,0.0,1.0,0.0,0.0,0.0,1.0,795.3937634332573,2.5541075266644944,0.7770537633322471,63.89178494667101,3.331161289996741,1.0,0.0,0.7770537633322471,0.0,0.0,0.0,0.22294623666775293,0.0,0.0,0.0,1.2229462366677528,0.22294623666775293,0.7770537633322471,0.0,1738.111935550668,3540.1980430571307,2.337677420006518,1.0,1.0,19.216430106657977,3.777053763332247,3.222946236667753,80.0,1.5541075266644941,3.0065161300097762,2.4458924733355056,3.0,1.5606236566742706,1.5606236566742706,0.6688387100032588,1.5606236566742706,1
23.73993801646194,1.0,0.0,0.0,481.92363292043393,0.37667699725634274,0.6233230027436573,0.0,15.71310606036046,3.0,0.0,0.37667699725634274,0.0,0.0,0.6233230027436573,0.0,1.0,735.0030991769029,3.0,0.6233230027436573,59.59649104664217,1.3766769972563426,1.0,0.0,0.6233230027436573,0.0,0.0,0.0,0.0,0.0,0.0,0.37667699725634274,3.6233230027436574,1.0,0.0,0.0,2228.5036088121224,22775.678006185386,1.0,1.0,0.6233230027436573,16.116615013718288,3.0,2.7533539945126853,80.0,0.0,1.3766769972563426,3.0,1.3766769972563426,1.3766769972563426,0.7533539945126855,0.0,0.7533539945126855,1
26.727189627252663,0.8961157675353338,0.10388423246466616,0.0,1112.8609298437716,0.8961157675353338,0.10388423246466616,0.0,10.18156888175799,3.103884232464666,0.0,0.10388423246466616,0.0,0.0,0.8961157675353338,0.0,1.0,827.6846909017232,3.6883473026060014,0.8961157675353338,39.66214771943466,2.0,2.0,0.0,0.0,0.8961157675353338,0.0,0.0,0.10388423246466616,0.0,0.0,0.0,1.2077684649293323,1.0,0.0,0.0,5241.022697843903,3070.7524751102032,5.480578837676669,1.0,0.0,17.51942116232333,3.103884232464666,2.896115767535334,80.0,0.0,6.831073859717329,2.207768464929332,2.103884232464666,4.934958092181995,3.4155369298586646,1.2077684649293323,2.623305394787997,1
34.33263559497496,0.6665271189949925,0.3334728810050075,0.0,1452.3317983089448,0.6665271189949925,0.3334728810050075,0.0,8.99832542793991,5.0,0.6665271189949925,0.0,0.3334728810050075,0.0,0.0,0.0,1.0,1641.628430604628,2.3334728810050076,0.6665271189949925,97.33389152402003,2.666945762010015,2.3334728810050076,0.0,0.0,0.6665271189949925,0.3334728810050075,0.0,0.0,0.0,0.0,0.0,1.3334728810050076,0.3334728810050075,0.0,0.6665271189949925,6571.51641987857,8749.038096514367,3.66610847597997,1.0,0.6665271189949925,12.333054237989986,3.0,1.6665271189949924,80.0,1.9995813569849776,13.999162713969955,2.6665271189949924,3.0,4.66778304804006,4.000837286030045,2.666945762010015,3.6673644050250376,1
38.53624114971174,0.8079698562860325,0.19203014371396754,0.0,357.71007080230606,0.19203014371396754,0.8079698562860325,0.0,13.07248229942348,4.0,0.0,0.8079698562860325,0.19203014371396754,0.0,0.0,0.0,1.0,1592.9660883217866,3.4239095688580976,0.8079698562860325,66.06526603598664,3.0,2.0,0.0,0.0,0.19203014371396754,0.8079698562860325,0.0,0.0,0.0,0.0,0.0,1.0,0.8079698562860325,0.19203014371396754,0.0,4227.018200491119,5114.515231689511,1.1920301437139675,1.0,0.0,14.807969856286032,3.0,2.384060287427935,80.0,0.3840602874279351,9.039849281430163,4.0,1.384060287427935,8.271728706574292,2.615939712572065,0.0,6.46375885028826,1
34.47546778749112,0.0,1.0,0.0,659.9018711499644,0.4754677874911163,0.5245322125088837,0.0,12.230145662402279,3.4754677874911164,0.4754677874911163,0.0,0.5245322125088837,0.0,0.0,0.0,1.0,733.2517819765463,2.4264033624733488,0.5245322125088837,66.47546778749111,1.9509355749822326,2.0,0.0,0.5245322125088837,0.4754677874911163,0.0,0.0,0.0,0.0,0.0,0.0,3.0,0.5245322125088837,0.4754677874911163,0.0,5379.817030262971,23077.662582783938,0.5245322125088837,1.0,1.0,21.147193275053304,3.5245322125088836,3.5245322125088836,80.0,0.4754677874911163,7.098128850035534,1.5735966375266512,2.5245322125088836,6.622661062544418,4.622661062544418,1.4264033624733488,4.098128850035534,1
31.65126793957245,0.03256339697862254,0.0,0.9674366030213775,367.17263621487905,0.0,1.0,0.0,8.837183015106888,2.065126793957245,0.0,0.9674366030213775,0.03256339697862254,0.0,0.0,0.0,1.0,993.9307057280761,2.934873206042755,1.0,45.60923923625653,2.0325633969786225,1.0,0.0,0.0,0.0,0.0,0.0,1.0,0.0,0.0,0.0,1.065126793957245,0.9674366030213775,0.03256339697862254,0.0,2325.5588755770073,10322.325633969785,0.2930705728076024,1.0,1.0,21.674366030213776,3.9674366030213775,1.065126793957245,80.0,0.09769019093586762,4.455887557700716,0.06512679395724508,3.0325633969786225,3.227943778850358,1.934873206042755,1.0325633969786225,2.1628169848931122,1
31.936662138703824,0.9683310693519127,0.03166893064808729,0.0,1222.5807297546996,0.0,1.0,0.0,2.095006791944262,3.9683310693519127,0.0,0.03166893064808729,0.9683310693519127,0.0,0.0,0.0,1.0,1670.623471812541,3.9366621387038254,0.9683310693519127,93.89158742731695,3.0,1.0,0.0,1.0,0.0,0.0,0.0,0.0,0.0,0.0,0.0,2.0,1.0,0.0,0.0,1425.5873296368818,24879.64697645578,0.9683310693519127,1.0,0.0,12.158344653240437,3.0,1.0,80.0,0.0,1.0950067919442619,2.0316689306480873,3.0,1.0633378612961746,0.06333786129617458,0.03166893064808729,0.06333786129617458,1
29.84827004994379,0.15172995005621215,0.8482700499437879,0.0,515.975017625183,0.8482700499437879,0.15172995005621215,0.0,12.910379700337273,3.5448101498313633,0.0,0.15172995005621215,0.8482700499437879,0.0,0.0,0.0,1.0,597.4739266312813,2.151729950056212,1.0,75.82075940067455,2.0,1.0,0.0,0.0,0.0,0.0,0.0,0.15172995005621215,0.0,0.0,0.8482700499437879,1.4551898501686364,0.15172995005621215,0.8482700499437879,0.0,2087.0158622200115,14544.4994054776,1.0,1.0,0.15172995005621215,17.241350249718938,3.0,3.0,80.0,0.8482700499437879,1.4551898501686364,2.151729950056212,3.6965400998875757,1.4551898501686364,0.45518985016863645,0.0,0.15172995005621215,1
43.72983712819392,0.0,1.0,0.0,706.9991683902699,1.0,0.0,0.0,4.5829502124606165,3.701420815628282,0.0,0.0,0.0,0.0,0.29857918437171804,0.701420815628282,1.0,1224.6686149550226,3.104262446884846,0.701420815628282,72.04262446884846,3.0,2.0,0.0,0.0,1.0,0.0,0.0,0.0,0.0,0.0,0.0,2.701420815628282,1.0,0.0,0.0,5037.626614193472,17320.867529142983,3.597158368743436,1.0,0.701420815628282,13.104262446884846,3.0,3.104262446884846,80.0,0.0,5.597158368743436,4.0,2.402841631256564,1.4928959218585902,0.8957375531151541,0.0,0.0,1
38.76722785766502,1.0,0.0,0.0,383.4517933402495,0.058193035583745556,0.9418069644162544,0.0,22.534455715330036,2.9418069644162546,0.0,1.0,0.0,0.0,0.0,0.0,1.0,1329.4946669205547,2.883613928832509,1.0,91.02143679015265,2.883613928832509,1.0581930355837454,0.0,0.0,0.058193035583745556,0.0,0.0,0.9418069644162544,0.0,0.0,0.0,1.1745791067512368,0.9418069644162544,0.0,0.058193035583745556,3993.3845026566332,22150.74119000731,0.34915821350247356,1.0,0.058193035583745556,13.058193035583745,3.0,1.1745791067512368,80.0,0.11638607116749111,6.058193035583746,2.0,2.9418069644162546,4.825420893248763,2.0,0.11638607116749111,2.9418069644162546,1
38.63536718451332,0.9088417961283306,0.0911582038716694,0.0,387.5297775692442,0.0911582038716694,0.9088417961283306,0.0,22.544208980641653,3.0911582038716694,0.0911582038716694,0.9088417961283306,0.0,0.0,0.0,0.0,1.0,1316.3810742710168,3.0911582038716694,0.9088417961283306,90.6298866993366,3.0,1.0911582038716694,0.0,0.0,0.0911582038716694,0.0,0.0,0.9088417961283306,0.0,0.0,0.0,1.1823164077433388,0.9088417961283306,0.0911582038716694,0.0,3968.7223247488855,22257.37340319047,0.0,1.0,0.0911582038716694,13.455791019358347,3.0,1.1823164077433388,80.0,0.0911582038716694,5.90884179612833,1.8176835922566612,2.9088417961283306,4.90884179612833,2.0,0.2734746116150082,2.9088417961283306,1
47.54199243269235,1.0,0.0,0.0,1085.341487945516,1.0,0.0,0.0,12.782009248931567,2.8379991591880396,1.0,0.0,0.0,0.0,0.0,0.0,1.0,783.6237073974377,3.0,0.16200084081196064,47.05002102029901,2.8379991591880396,2.8379991591880396,0.0,0.0,1.0,0.0,0.0,0.0,0.0,0.0,0.0,3.8379991591880396,0.0,1.0,0.0,7447.610928805562,5900.50021020299,1.1620008408119606,1.0,0.16200084081196064,17.027994955128236,3.0,1.0,80.0,2.0,8.837999159188039,3.486002522435882,3.8379991591880396,8.513997477564118,7.351996636752157,6.027994955128236,5.865994114316275,1
19.98111777327748,1.0,0.0,0.0,1346.2522229134165,0.018882226722522155,0.9811177732774778,0.0,10.226586720670266,1.0,0.018882226722522155,0.9811177732774778,0.0,0.0,0.0,0.0,1.0,690.9168909301732,4.0,1.0,32.3398800810054,3.0,1.0,0.0,0.0,0.0,0.0,0.0,0.9811177732774778,0.0,0.0,0.018882226722522155,3.0,1.0,0.0,0.0,1021.5755629971998,26995.62008141667,1.0,1.0,1.0,11.151057813780177,3.0,4.0,80.0,0.0,0.9811177732774778,4.9433533198324335,2.981117773277478,0.9811177732774778,0.0,0.9811177732774778,0.9811177732774778,1
28.50747525129421,0.2492524748705791,0.7507475251294209,0.0,1151.4756582775026,0.7507475251294209,0.2492524748705791,0.0,5.237292072799844,2.501495050258842,0.0,0.0,0.7507475251294209,0.0,0.0,0.2492524748705791,1.0,1229.3049902528037,4.0,0.0,56.74177722357637,3.0,1.0,0.0,0.0,0.0,0.0,0.0,0.2492524748705791,0.0,0.0,0.7507475251294209,2.498504949741158,1.0,0.0,0.0,2399.4577176743965,8456.338113653688,1.0,1.0,0.7507475251294209,12.994019798964633,3.0,1.0,80.0,0.0,2.501495050258842,2.249252474870579,3.501495050258842,2.501495050258842,1.5014950502588418,1.5014950502588418,1.5014950502588418,1
28.460022917067402,1.0,0.0,0.0,514.1530332115096,0.0,0.5399770829325977,0.4600229170674023,6.520275004808827,2.4600229170674024,0.0,0.0,0.5399770829325977,0.4600229170674023,0.0,0.0,1.0,1248.4052775253447,1.0,0.4600229170674023,61.939747912258575,1.4600229170674024,1.0,0.0,0.0,0.0,0.0,0.0,0.5399770829325977,0.4600229170674023,0.0,0.0,1.5399770829325976,0.5399770829325977,0.0,0.4600229170674023,2270.7427271310207,3543.0836142968074,5.619931248797793,1.0,1.0,13.920045834134804,3.0,4.0,80.0,1.3800687512022067,7.2398624975955865,3.5399770829325976,3.0,4.6998854146629885,4.6998854146629885,2.5399770829325976,3.779839580528184,1
42.90724612738377,1.0,0.0,0.0,1120.0161284419792,0.0,1.0,0.0,9.65851441480743,4.0,0.0,0.0,0.931702882961486,0.0,0.06829711703851404,0.0,1.0,1122.4827721612864,3.0,1.0,92.85833261622835,3.0,1.0,0.0,0.06829711703851404,0.0,0.0,0.0,0.931702882961486,0.0,0.0,0.0,3.0,1.0,0.0,0.0,2970.4900441044497,10850.108882314595,1.0,1.0,1.0,11.136594234077029,3.0,3.0,80.0,0.0,5.726811531845944,3.9317028829614857,2.9317028829614857,5.726811531845944,3.863405765922972,0.1365942340770281,2.0,1
33.44789284829571,0.11939285782340703,0.880607142176593,0.0,848.5996783924439,0.880607142176593,0.11939285782340703,0.0,10.925464279589336,3.641821426529779,0.0,0.0,0.11939285782340703,0.0,0.0,0.880607142176593,1.0,1578.5298923528553,3.761214284353186,0.880607142176593,35.76121428435319,3.0,2.0,0.0,0.0,0.880607142176593,0.11939285782340703,0.0,0.0,0.0,0.0,0.0,3.880607142176593,0.880607142176593,0.11939285782340703,0.0,4532.048928292403,10367.197999733224,2.641821426529779,1.0,1.0,23.403035710882964,3.880607142176593,1.0,80.0,0.11939285782340703,11.925464279589336,2.119392857823407,4.0,10.044857137412745,8.164249995236151,5.283642853059558,6.403035710882965,1
50.2607845523792,1.0,0.0,0.0,631.2616225360699,0.3913164925172572,0.6086835074827428,0.0,4.739215447620801,3.826050522448228,0.0,0.3913164925172572,0.0,0.0,0.6086835074827428,0.0,1.0,1003.025819879908,3.0,0.3913164925172572,72.5215691047584,2.0,3.0,0.0,0.0,0.3913164925172572,0.6086835074827428,0.0,0.0,0.0,0.0,0.0,4.0,0.3913164925172572,0.6086835074827428,0.0,9953.775929115509,14218.074544647363,0.3913164925172572,1.0,0.0,16.0,3.0,2.7826329850345144,80.0,0.6086835074827428,24.21708768706857,3.608683507482743,3.0,23.608404179585825,7.391316492517257,2.173949477551772,8.217367014965486,1
40.09291123618512,1.0,0.0,0.0,539.7731126028991,1.0,0.0,0.0,3.7492544321645465,3.6563431959794315,0.3436568040205683,0.0,0.6563431959794317,0.0,0.0,0.0,1.0,1137.3608635580167,1.0,1.0,48.06194082412341,2.3436568040205685,3.0,0.0,0.0,1.0,0.0,0.0,0.0,0.0,0.0,0.0,3.3436568040205685,0.0,0.6563431959794317,0.3436568040205683,10432.70405953745,15287.650839477885,4.6563431959794315,1.0,0.0,11.0,3.0,2.3126863919588634,80.0,0.3436568040205683,20.78022484422625,1.6563431959794317,2.0309704120617047,11.594402371856022,3.06194082412341,8.594402371856022,5.625372783917727,1
36.82646631016009,1.0,0.0,0.0,564.2210911467499,0.0,0.6473851455733436,0.3526148544266564,12.173533689839907,4.3526148544266565,0.0,0.0,0.6473851455733436,0.3526148544266564,0.0,0.0,1.0,1642.6053751634101,4.0,1.0,87.05784456327997,3.3526148544266565,1.0,0.0,0.6473851455733436,0.0,0.0,0.0,0.0,0.3526148544266564,0.0,0.0,1.0,0.6473851455733436,0.3526148544266564,0.0,2348.7527334522038,21712.521408912642,1.9421554367200309,1.0,0.0,15.05784456327997,3.0,2.3526148544266565,80.0,0.0,10.416006892453467,3.3526148544266565,1.7052297088533128,3.5895405822933744,2.5895405822933744,0.6473851455733436,0.0,1
36.961809114937786,0.6730318141770354,0.3269681858229646,0.0,857.0867548418346,1.0,0.0,0.0,4.0,3.0,0.3269681858229646,0.0,0.0,0.0,0.6730318141770354,0.0,1.0,899.8954702763457,3.019095442531106,1.0,76.19095442531106,3.0,2.6730318141770355,0.0,0.0,1.0,0.0,0.0,0.0,0.0,0.0,0.0,1.3269681858229645,1.0,0.0,0.0,9507.778221818187,10079.599655987202,0.3269681858229646,1.0,0.6730318141770354,20.69212725670814,3.6730318141770355,1.6539363716459292,80.0,0.0,8.673031814177035,2.980904557468894,3.0,8.0,7.0,4.980904557468894,7.0,1
36.847317904144006,0.1793901746546659,0.0,0.8206098253453341,740.5350646140633,0.1793901746546659,0.8206098253453341,0.0,2.0,2.641219650690668,0.1793901746546659,0.0,0.8206098253453341,0.0,0.0,0.0,1.0,1316.1023718481592,1.3587803493093318,0.1793901746546659,59.56109541429464,2.179390174654666,1.0,0.0,0.8206098253453341,0.0,0.0,0.0,0.0,0.0,0.0,0.1793901746546659,1.0,0.8206098253453341,0.0,0.1793901746546659,3537.468944333927,17031.209204163355,1.6412196506906682,1.0,0.8206098253453341,20.84731790414401,3.820609825345334,2.0,80.0,0.1793901746546659,9.923658952072005,2.179390174654666,3.820609825345334,1.5381705239639976,0.5381705239639977,0.0,0.3587803493093318,1
36.86723950984791,0.46680987746197866,0.5331901225380213,0.0,521.0234170064824,0.5331901225380213,0.46680987746197866,0.0,20.334049387309893,3.5331901225380213,0.5331901225380213,0.46680987746197866,0.0,0.0,0.0,0.0,1.0,1347.3233085776615,3.5331901225380213,0.46680987746197866,79.13705681401144,3.0,1.5331901225380213,0.0,0.0,0.5331901225380213,0.0,0.0,0.46680987746197866,0.0,0.0,0.0,2.0663802450760427,0.46680987746197866,0.5331901225380213,0.0,4282.564987001995,22758.637598958117,0.0,1.0,0.5331901225380213,15.665950612690107,3.0,2.0663802450760427,80.0,0.5331901225380213,5.466809877461978,0.9336197549239573,2.4668098774619787,4.466809877461978,2.0,1.599570367614064,2.4668098774619787,1
37.05078445540011,0.7367189636933409,0.2632810363066591,0.0,1111.148636234807,0.7367189636933409,0.0,0.2632810363066591,19.210156891080022,2.526562072613318,0.7367189636933409,0.0,0.2632810363066591,0.0,0.0,0.0,1.0,342.78117307039724,2.0,0.0,66.84062756432009,3.0,1.0,0.0,0.0,0.0,0.0,0.0,0.0,0.2632810363066591,0.0,0.7367189636933409,2.263281036306659,0.7367189636933409,0.0,0.2632810363066591,3034.950866513643,22012.34351921119,0.7367189636933409,1.0,1.0,19.10390860062675,3.736718963693341,3.473437927386682,80.0,0.2632810363066591,5.053124145226636,4.210156891080023,2.0,4.789843108919977,4.053124145226636,0.2632810363066591,1.4734379273866818,1
25.57973949453439,1.0,0.0,0.0,238.67901689898954,0.35506512636640253,0.6449348736335975,0.0,13.449348736335974,3.6449348736335976,0.0,0.0,1.0,0.0,0.0,0.0,1.0,1510.4543425308216,3.6449348736335976,0.35506512636640253,68.04312606558733,3.0,1.0,0.0,0.0,0.0,0.0,0.0,0.6449348736335975,0.0,0.0,0.35506512636640253,3.3550651263664024,0.6449348736335975,0.0,0.35506512636640253,2351.747249962398,25475.77235696022,1.0,1.0,1.0,15.84052101093122,3.3550651263664024,3.289869747267195,80.0,0.35506512636640253,6.224674368167987,2.0,3.0,6.224674368167987,2.0,4.514544115435182,5.224674368167987,1
37.90828793779692,1.0,0.0,0.0,928.3583851991518,0.04585603110154035,0.9541439688984596,0.0,2.5044163421169436,3.0917120622030807,0.04585603110154035,0.9541439688984596,0.0,0.0,0.0,0.0,1.0,1580.3369649762465,2.9541439688984594,1.0,81.68784046652311,2.9541439688984594,2.0,0.0,0.0,0.04585603110154035,0.9541439688984596,0.0,0.0,0.0,0.0,0.0,1.9541439688984596,0.0,0.9541439688984596,0.04585603110154035,4913.64986377887,7699.085311257048,4.045856031101541,1.0,0.04585603110154035,11.091712062203081,3.0,1.0458560311015404,80.0,2.0458560311015406,7.4127042799138625,2.0458560311015406,3.0,4.862431906695379,2.0,1.0458560311015404,3.9082879377969193,1
31.694310647339154,1.0,0.0,0.0,757.9186320071478,0.0,0.0,1.0,10.844551482128677,3.5388621294678306,0.0,0.0,0.0,0.46113787053216937,0.5388621294678306,0.0,1.0,1640.848977190628,1.0,0.46113787053216937,53.84455148212868,2.5388621294678306,1.0,0.0,0.0,0.0,0.0,0.0,0.0,1.0,0.0,0.0,2.0777242589356613,0.0,0.5388621294678306,0.46113787053216937,2554.316886693407,3111.1967189952343,2.383413611596508,1.0,0.46113787053216937,15.0,3.0,4.0,80.0,1.383413611596508,2.9222757410643387,1.383413611596508,3.0,2.0,2.0,2.0,1.0777242589356613,1
41.21869758571908,0.31510853452341014,0.6848914654765899,0.0,394.54549820107826,0.6848914654765899,0.31510853452341014,0.0,20.958263447625438,3.0546743964297693,0.0,0.31510853452341014,0.6848914654765899,0.0,0.0,0.0,1.0,652.489146547659,1.0,0.31510853452341014,80.46327085954857,2.3697829309531797,1.6848914654765899,0.0,0.31510853452341014,0.6848914654765899,0.0,0.0,0.0,0.0,0.0,0.0,1.9453256035702307,0.0,0.6848914654765899,0.31510853452341014,4009.3347066884457,5968.7416746126655,3.5755426726170505,1.0,0.0,13.68489146547659,3.0,3.0546743964297693,80.0,2.31510853452341,5.945325603570231,3.3697829309531797,3.0,1.9453256035702307,1.6302170690468203,0.31510853452341014,0.9453256035702307,1
27.336229894767655,0.663770105232346,0.33622989476765397,0.0,1445.5534720023418,1.0,0.0,0.0,1.663770105232346,1.672459789535308,0.663770105232346,0.0,0.0,0.0,0.33622989476765397,0.0,1.0,942.3722838147087,2.327540210464692,1.0,87.35360926337358,3.0,1.0,0.0,0.0,0.0,0.0,0.0,0.0,0.0,0.0,1.0,1.672459789535308,0.0,0.33622989476765397,0.663770105232346,2996.6176538906698,16144.598293034176,1.0086896843029618,1.0,0.0,12.344919579070616,3.0,2.672459789535308,80.0,1.0,5.0,3.0,3.336229894767654,3.663770105232346,2.663770105232346,0.33622989476765397,2.0,1
57.87169343197394,1.0,0.0,0.0,288.3626060814189,0.0,1.0,0.0,2.062083823238419,3.004138921549228,0.0,0.0,0.004138921549227903,0.0,0.9958610784507721,0.0,1.0,978.7714584230696,4.0,0.9958610784507721,51.0,3.0,1.0,0.0,0.0,0.0,0.0,0.0,1.0,0.0,0.0,0.0,3.0,1.0,0.0,0.0,2478.6481916683156,26224.74014883412,3.987583235352316,1.0,0.004138921549227903,23.954471862958492,3.995861078450772,1.0124167646476838,80.0,0.0,7.004138921549228,3.9917221569015444,3.0,1.028972450844595,0.008277843098455806,0.028972450844594988,0.028972450844594988,1
28.412323939583327,1.0,0.0,0.0,665.47866199875,0.0,1.0,0.0,6.7535563335416615,3.341232393958333,0.0,0.6587676060416672,0.0,0.0,0.0,0.3412323939583328,1.0,699.0616899483331,1.6824647879166656,1.0,73.2559155141667,2.658767606041667,1.0,0.0,1.0,0.0,0.0,0.0,0.0,0.0,0.0,0.0,1.3412323939583328,0.0,0.6587676060416672,0.3412323939583328,3932.72507054,9627.355563103749,3.6350704241666687,1.0,0.3412323939583328,16.75355633354166,3.341232393958333,3.341232393958333,80.0,1.0,5.658767606041668,3.9763028181250015,2.3175352120833344,2.6824647879166656,2.0,0.0,2.0,1
20.156104123201423,0.19600946574558387,0.8039905342544161,0.0,517.3427126586006,0.8039905342544161,0.19600946574558387,0.0,7.312208246402845,2.5880283972367515,0.0,0.8039905342544161,0.0,0.0,0.19600946574558387,0.0,1.0,1416.4259757754267,2.196009465745584,0.0,70.19600946574559,2.803990534254416,1.0,0.0,0.0,0.0,0.0,0.0,0.19600946574558387,0.0,0.0,0.8039905342544161,3.607981068508832,0.8039905342544161,0.19600946574558387,0.0,1760.5012480334353,18396.47886411053,1.7840378629823355,1.0,0.8039905342544161,12.784037862982336,3.0,2.803990534254416,80.0,0.0,1.1760567944735032,2.0,4.0,0.39201893149116773,0.39201893149116773,0.19600946574558387,0.19600946574558387,1
53.05448004135599,1.0,0.0,0.0,510.21971902813425,0.09818399862146698,0.901816001378533,0.0,13.410896008271198,3.901816001378533,0.0,0.0,0.901816001378533,0.0,0.09818399862146698,0.0,1.0,223.34683912463154,2.196367997242934,0.09818399862146698,68.66174404687013,2.901816001378533,1.098183998621467,0.0,0.0,0.09818399862146698,0.0,0.0,0.901816001378533,0.0,0.0,0.0,1.901816001378533,0.09818399862146698,0.901816001378533,0.0,4998.6407914995925,4368.025937993359,8.705448004135599,1.0,0.901816001378533,17.901816001378535,3.0,1.196367997242934,80.0,2.705448004135599,6.901816001378533,2.0,2.901816001378533,4.901816001378533,3.901816001378533,3.705448004135599,2.901816001378533,1
32.26134742530208,1.0,0.0,0.0,466.9886800088021,0.05681942882291702,0.943180571177083,0.0,2.0,2.056819428822917,0.0,0.05681942882291702,0.943180571177083,0.0,0.0,0.0,1.0,361.7507407208127,1.113638857645834,0.0,39.56819428822917,2.943180571177083,1.0,0.0,0.943180571177083,0.0,0.0,0.0,0.0,0.0,0.0,0.05681942882291702,1.113638857645834,0.05681942882291702,0.943180571177083,0.0,2669.3287186904063,21539.852949850843,6.659083427062498,1.0,0.0,19.60226399823958,3.943180571177083,1.170458286468751,80.0,0.0,12.374986282947912,3.0,3.8863611423541657,8.60226399823958,6.715902855885415,0.943180571177083,6.715902855885415,1
19.773110349051215,1.0,0.0,0.0,415.1896704225333,1.0,0.0,0.0,20.11644531537004,3.0,0.0552221677893725,0.0,0.0,0.0,0.0,0.9447778322106275,1.0,932.8246924678374,4.0,0.9447778322106275,36.834333496631885,2.0552221677893723,1.0,0.0,0.0,0.0,0.0,0.0,0.0,0.0,0.0,1.0,2.0552221677893723,1.0,0.0,0.0,2161.312182486242,9902.98793227187,1.0,1.0,1.0,13.0,3.0,2.0,80.0,0.0,1.0,2.9447778322106277,3.9447778322106277,1.0,0.0,0.0,0.0,1
30.165387870292758,0.3786716245720688,0.6213283754279312,0.0,570.2738889619582,0.0,0.0,1.0,12.834612129707242,4.0,0.0,0.0,0.6213283754279312,0.3786716245720688,0.0,0.0,1.0,428.1309783282673,2.378671624572069,0.3786716245720688,59.89335812286034,3.0,1.0,0.0,0.0,0.0,0.0,0.0,0.0,1.0,0.0,0.0,2.242656750855862,0.0,0.0,1.0,2488.0473547858583,23126.08416464054,1.5146864982882753,1.0,1.0,15.165387870292758,3.378671624572069,2.757343249144138,80.0,0.6213283754279312,7.6213283754279315,2.378671624572069,2.378671624572069,5.485313501711724,5.106641877139656,0.6213283754279312,0.7573432491441376,1
29.067965997384974,1.0,0.0,0.0,361.33333006394423,0.0,0.016991499346243222,0.9830085006537568,13.203897992154918,3.0,0.0,0.016991499346243222,0.0,0.9830085006537568,0.0,0.0,1.0,1831.494256481165,1.0,1.0,55.98300850065376,2.0,1.0,0.0,0.0,0.0,0.0,0.0,0.016991499346243222,0.9830085006537568,0.0,0.0,1.0169914993462432,0.016991499346243222,0.0,0.9830085006537568,2334.6261870143826,3154.213394107216,4.0,1.0,1.0,15.084957496731215,3.0169914993462434,3.9660170013075136,80.0,2.9490255019612706,4.016991499346243,2.9490255019612706,3.0,2.0,2.0,2.0,0.033982998692486444,1
31.451069768552976,0.0,1.0,0.0,620.9922792175458,0.0,1.0,0.0,8.863906991188687,3.225534884276488,0.0,0.22553488427648793,0.7744651157235121,0.0,0.0,0.0,1.0,1438.6667904554513,3.3233953471705364,0.0,37.73623256980625,2.774465115723512,1.225534884276488,0.0,0.0,0.0,0.0,0.0,1.0,0.0,0.0,0.0,3.0,1.0,0.0,0.0,4179.626790933231,3924.375673848047,1.0,1.0,0.0,14.25534884276488,3.225534884276488,1.225534884276488,80.0,0.0,8.578744189935415,2.451069768552976,1.4510697685529759,8.353209305658927,3.12767442138244,6.097860462894048,7.225534884276488,1
23.98723215881474,1.0,0.0,0.0,596.7302319800897,0.0,1.0,0.0,2.6025535682370515,1.3974464317629485,0.0,0.0,1.0,0.0,0.0,0.0,1.0,807.7596865505228,2.3974464317629485,0.19872321588147424,39.56425004468128,2.8012767841185258,1.8012767841185258,0.0,0.19872321588147424,0.0,0.8012767841185258,0.0,0.0,0.0,0.0,0.0,3.0,0.19872321588147424,0.8012767841185258,0.0,4083.36306179627,9932.375829637454,0.0,1.0,1.0,18.00638392059263,3.0,1.5961696476444227,80.0,0.8012767841185258,4.0,2.8012767841185258,3.4038303523555773,3.0,2.0,0.19872321588147424,2.0,1
25.252758975878223,0.12454017068696277,0.8754598293130372,0.0,435.21597263083527,0.12454017068696277,0.0,0.8754598293130372,15.131897439695559,3.875459829313037,0.0,0.12454017068696277,0.8754598293130372,0.0,0.0,0.0,1.0,647.1056135957062,2.124540170686963,0.0,56.879138463817334,2.875459829313037,1.0,0.0,0.0,0.0,0.0,0.0,0.0,0.8754598293130372,0.0,0.12454017068696277,3.0,0.12454017068696277,0.0,0.8754598293130372,2654.1955010311867,22713.847630960656,0.12454017068696277,1.0,0.8754598293130372,11.249080341373926,3.0,2.2490803413739258,80.0,0.8754598293130372,7.252758975878224,2.124540170686963,2.0,6.3772991465651865,6.3772991465651865,0.8754598293130372,0.24908034137392554,1
43.99388795853919,1.0,0.0,0.0,883.196264825271,1.0,0.0,0.0,4.0920203711746925,2.5460101855873463,0.45398981441265374,0.0,0.0,0.0,0.5460101855873463,0.0,1.0,44.26994907206327,2.638030556762039,1.0,69.61969443237962,2.5460101855873463,1.5460101855873463,0.0,0.0,0.0,0.0,0.0,0.0,0.0,0.0,1.0,3.5460101855873463,0.0,1.0,0.0,2357.0319192043544,3550.6451618460105,2.0920203711746925,1.0,0.45398981441265374,14.0,3.0,3.0,80.0,0.5460101855873463,11.73616296939754,4.184040742349385,3.5460101855873463,1.9079796288253075,0.9079796288253075,0.0,0.9079796288253075,1
22.73104123655489,0.36552061827744453,0.6344793817225555,0.0,1156.5783918285351,0.0,1.0,0.0,8.117288655884224,3.268958763445111,0.0,0.0,1.0,0.0,0.0,0.0,1.0,1208.848329892439,3.3655206182774444,0.6344793817225555,65.91051029559478,2.3655206182774444,1.0,0.0,0.36552061827744453,0.0,0.0,0.0,0.6344793817225555,0.0,0.0,0.0,3.268958763445111,0.0,1.0,0.0,2617.970242447603,3911.9419538458947,0.36552061827744453,1.0,0.6344793817225555,11.731041236554889,3.0,1.6344793817225556,80.0,1.0,1.0,4.268958763445111,2.268958763445111,0.36552061827744453,0.0,0.0,0.0,1
29.25774988541955,1.0,0.0,0.0,542.9709511687206,0.0,1.0,0.0,1.5484500229160905,2.4515499770839098,0.0,0.0,1.0,0.0,0.0,0.0,1.0,494.1638818175369,3.4515499770839098,0.7257749885419548,54.321699679174735,2.274225011458045,1.2742250114580451,0.0,0.7257749885419548,0.0,0.27422501145804523,0.0,0.0,0.0,0.0,0.0,3.0,0.7257749885419548,0.27422501145804523,0.0,3850.9332300529977,9694.675480167578,0.0,1.0,1.0,15.371125057290225,3.0,3.177324965625864,80.0,0.27422501145804523,4.0,2.274225011458045,1.8226750343741358,3.0,2.0,0.7257749885419548,2.0,1
23.16970513766375,1.0,0.0,0.0,665.659733726812,0.0,1.0,0.0,3.70182308259825,1.23394102753275,0.0,0.11697051376637502,0.883029486233625,0.0,0.0,0.0,1.0,839.909701867948,1.883029486233625,0.0,34.81879359636463,3.0,1.883029486233625,0.0,0.11697051376637502,0.0,0.883029486233625,0.0,0.0,0.0,0.0,0.0,2.76605897246725,0.11697051376637502,0.883029486233625,0.0,4174.392144899225,10045.628043780807,0.8187935963646251,1.0,0.883029486233625,19.350911541299126,3.116970513766375,1.0,80.0,0.883029486233625,4.70182308259825,2.883029486233625,4.0,3.23394102753275,2.23394102753275,0.0,2.23394102753275,1
32.42127732025452,1.0,0.0,0.0,238.25857285111175,0.884255464050903,0.11574453594909695,0.0,14.379576496712643,3.115744535949097,0.884255464050903,0.11574453594909695,0.0,0.0,0.0,0.0,1.0,775.1328208752923,1.0,0.11574453594909695,70.73616803923646,2.768510928101806,1.884255464050903,0.0,0.0,0.884255464050903,0.0,0.0,0.11574453594909695,0.0,0.0,0.0,1.3472336078472908,0.884255464050903,0.11574453594909695,0.0,5108.71516313468,26302.1321713701,5.0,1.0,0.11574453594909695,14.768510928101806,3.0,3.115744535949097,80.0,0.0,5.884255464050903,3.115744535949097,2.884255464050903,3.0,2.0,0.2314890718981939,2.0,1
20.521370317512396,0.0,1.0,0.0,764.1654752376123,1.0,0.0,0.0,8.620821587263713,3.047397301592036,0.952602698407964,0.0,0.047397301592036034,0.0,0.0,0.0,1.0,1093.5890555572125,3.905205396815928,0.0,53.81041079363185,2.905205396815928,1.0,0.0,0.0,0.0,0.0,0.0,0.0,0.0,0.0,1.0,3.952602698407964,1.0,0.0,0.0,2277.3090012652774,17155.18543602677,1.0,1.0,0.952602698407964,13.905205396815928,3.0,2.0,80.0,0.0,1.952602698407964,3.0,3.0,1.952602698407964,1.905205396815928,0.0,1.905205396815928,1
37.679234393843,0.8086261147255003,0.19137388527449972,0.0,899.2582063154438,0.8086261147255003,0.19137388527449972,0.0,17.487860508568495,2.0,0.0,0.8086261147255003,0.19137388527449972,0.0,0.0,0.0,1.0,1601.9408758132377,1.0,1.0,66.27220764043099,1.1913738852744997,2.0,0.0,0.19137388527449972,0.8086261147255003,0.0,0.0,0.0,0.0,0.0,0.0,3.4258783441765006,0.19137388527449972,0.0,0.8086261147255003,5218.771788622678,22215.120817787993,5.425878344176501,1.0,0.8086261147255003,15.148243311646999,3.1913738852744995,3.4258783441765006,80.0,1.6172522294510006,9.487860508568497,2.0,2.1913738852744995,2.3827477705489994,2.1913738852744995,1.8086261147255003,2.1913738852744995,1
21.483014245305437,0.16477936058949305,0.835220639410507,0.0,709.514650827193,0.835220639410507,0.16477936058949305,0.0,11.636469769431889,3.3295587211789863,0.835220639410507,0.0,0.0,0.0,0.16477936058949305,0.0,1.0,992.6329673781795,3.835220639410507,0.0,56.80124913002138,2.835220639410507,1.0,0.0,0.0,0.0,0.0,0.0,0.16477936058949305,0.0,0.0,0.835220639410507,3.6704412788210137,0.835220639410507,0.16477936058949305,0.0,2359.745797411457,17385.433399845493,1.6591174423579722,1.0,0.835220639410507,14.329558721178985,3.0,2.0,80.0,0.0,2.659117442357972,2.835220639410507,3.164779360589493,2.0,2.0,0.16477936058949305,1.8352206394105068,1
29.6211501496518,0.0,1.0,0.0,413.2419389756508,0.0,1.0,0.0,20.066049052205273,2.0,0.0,0.0,1.0,0.0,0.0,0.0,1.0,1882.7005535417593,3.378849850348201,0.792949950116067,67.61669870301775,2.4141000997678663,1.0,0.0,0.0,0.0,0.0,0.0,1.0,0.0,0.0,0.0,3.792949950116067,1.0,0.0,0.0,2437.5506496508124,14869.983278184422,1.414100099767866,1.0,1.0,21.92949950116067,3.792949950116067,1.7929499501160668,80.0,0.0,2.4493503491875313,2.792949950116067,2.207050049883933,1.621150149651799,0.20705004988393305,0.792949950116067,0.6211501496517992,1
42.03334534801872,0.0,0.3444484493395732,0.6555515506604268,910.8222782907541,0.0,1.0,0.0,11.544520537451891,2.3444484493395734,0.0,0.0,1.0,0.0,0.0,0.0,1.0,928.2411684402291,2.0333453480187194,1.0,77.0886806343422,2.3444484493395734,1.0,0.0,0.3444484493395732,0.0,0.0,0.0,0.6555515506604268,0.0,0.0,0.0,1.6888968986791464,0.0,0.0,1.0,2470.04866560391,20164.52072839634,4.966654651981281,1.0,0.3444484493395732,18.722242246697867,3.3444484493395734,2.0333453480187194,80.0,1.0,9.822278290754024,1.3111031013208536,1.0,1.0,0.0,0.0,0.0,1
29.47067156963274,0.7646642151836308,0.2353357848163692,0.0,420.7407161064847,0.2353357848163692,0.7646642151836308,0.0,1.0,3.7646642151836307,0.0,0.0,0.2353357848163692,0.0,0.7646642151836308,0.0,1.0,1477.0508651000735,1.7060073544491074,0.7646642151836308,89.17455389844702,2.2353357848163693,1.0,0.0,0.0,0.0,0.0,0.0,0.7646642151836308,0.0,0.0,0.2353357848163692,1.2353357848163693,1.0,0.0,0.0,2347.8798529110177,7744.737174397093,4.8233210759181535,1.0,0.2353357848163692,12.529328430367261,3.0,2.5293284303672614,80.0,0.0,9.117313721469046,2.0,1.7060073544491074,7.587985291101785,5.8233210759181535,0.4706715696327384,5.8233210759181535,1
32.37937030947911,0.0,0.8103148452604476,0.1896851547395524,1169.955381673274,0.1896851547395524,0.8103148452604476,0.0,16.569055464218657,1.3793703094791048,0.1896851547395524,0.0,0.8103148452604476,0.0,0.0,0.0,1.0,121.96233757285006,1.8103148452604476,0.1896851547395524,71.05157422630224,1.569055464218657,1.1896851547395524,0.0,0.0,0.1896851547395524,0.0,0.0,0.8103148452604476,0.0,0.0,0.0,1.569055464218657,1.0,0.0,0.0,4181.71393931428,4675.499130512553,2.3277960831768665,1.0,1.0,20.29283360734403,3.8103148452604474,2.0,80.0,0.0,9.810314845260448,4.620629690520895,2.8103148452604474,9.051574226302238,2.0,4.861889071562686,6.430944535781343,1
31.85663616064532,0.16333769133638287,0.8366623086636171,0.0,879.1047235363061,0.16333769133638287,0.8366623086636171,0.0,25.56990848193596,3.836662308663617,0.0,0.8366623086636171,0.0,0.0,0.16333769133638287,0.0,1.0,1051.1820041424032,1.4900130740091486,0.16333769133638287,51.38659693861787,2.0,2.0,0.0,0.0,0.16333769133638287,0.0,0.0,0.8366623086636171,0.0,0.0,0.0,2.6733246173272343,1.0,0.0,0.0,4641.610231513161,3118.383050063135,1.8166884566819144,1.0,0.0,21.183311543318087,3.836662308663617,2.163337691336383,80.0,0.0,12.693298469308937,3.6733246173272343,2.836662308663617,11.529960777972555,6.3466492346544685,2.6733246173272343,7.019973851981703,1
31.888898016165882,0.01587171197630277,0.9841282880236972,0.0,1126.4919409257725,0.0,1.0,0.0,15.809539456284366,1.0,0.0,0.0,0.9841282880236972,0.0,0.01587171197630277,0.0,1.0,50.03034695057295,2.0317434239526055,0.01587171197630277,71.3651315209479,1.0317434239526055,1.0,0.0,0.01587171197630277,0.0,0.0,0.0,0.9841282880236972,0.0,0.0,0.0,1.0476151359289085,0.9841282880236972,0.01587171197630277,0.0,3915.381249669403,4679.793749889801,1.0,1.0,1.0,21.888898016165882,3.9841282880236975,2.0,80.0,0.01587171197630277,9.952384864071092,4.968256576047395,3.0158717119763025,9.952384864071092,2.0793585598815136,5.9841282880236975,6.9841282880236975,1
24.783843382115556,1.0,0.0,0.0,1094.2663752102196,0.0,1.0,0.0,8.949781407664762,3.2278020658150264,0.0,0.7721979341849735,0.2278020658150265,0.0,0.0,0.0,1.0,995.7256161424626,3.5443958683699472,0.0,88.66011530158391,1.7721979341849736,1.0,0.0,0.2278020658150265,0.0,0.0,0.0,0.7721979341849735,0.0,0.0,0.0,1.6834061974450796,0.7721979341849735,0.0,0.2278020658150265,2640.5487677150745,18149.708863801734,1.6834061974450796,1.0,1.0,14.544395868369946,3.0,1.455604131630053,80.0,0.2278020658150265,3.0502185923352383,1.7721979341849736,2.7721979341849736,2.366812394890159,1.5946144607051855,0.2278020658150265,0.0,1
45.03286047112466,1.0,0.0,0.0,372.74611088905704,0.5894154331306973,0.41058456686930267,0.0,11.211691337386053,2.231753700607908,0.0,0.41058456686930267,0.5894154331306973,0.0,0.0,0.0,1.0,637.7111773708193,3.4105845668693027,0.5894154331306973,68.65513637538001,2.4105845668693027,3.0,0.0,0.0,0.5894154331306973,0.0,0.0,0.0,0.0,0.41058456686930267,0.0,4.0,0.0,1.0,0.0,10319.6624006307,4675.0698842173215,1.0,1.0,0.5894154331306973,11.410584566869304,3.0,2.231753700607908,80.0,1.0,25.854029604863264,4.768246299392092,2.5894154331306973,25.854029604863264,8.231753700607907,7.927014802431632,6.589415433130697,1
26.76284726595643,1.0,0.0,0.0,468.79190027654624,0.41238424468118995,0.58761575531881,0.0,4.886689712768329,3.1752315106376203,0.0,0.0,1.0,0.0,0.0,0.0,1.0,807.3130630322792,1.0,1.0,74.46377330850692,2.58761575531881,1.0,0.0,0.58761575531881,0.0,0.0,0.0,0.0,0.0,0.0,0.41238424468118995,2.1752315106376203,0.58761575531881,0.41238424468118995,0.0,3862.3315838832887,15036.858908436254,2.41238424468119,1.0,0.0,11.41238424468119,3.0,2.1752315106376203,80.0,0.0,5.41238424468119,3.76284726595643,1.82476848936238,1.23715273404357,0.8247684893623799,0.8247684893623799,0.8247684893623799,1
27.90208565692804,1.0,0.0,0.0,524.2348353038312,0.03263811435731989,0.9673618856426801,0.0,2.2284668005012396,3.93472377128536,0.0,0.0,1.0,0.0,0.0,0.0,1.0,399.0859729341189,1.0,1.0,78.64098074206947,2.96736188564268,1.0,0.0,0.9673618856426801,0.0,0.0,0.0,0.0,0.0,0.0,0.03263811435731989,2.93472377128536,0.9673618856426801,0.03263811435731989,0.0,3514.863874636948,14943.061614246259,2.03263811435732,1.0,0.0,11.03263811435732,3.0,2.93472377128536,80.0,0.0,5.03263811435732,4.90208565692804,1.0652762287146398,0.09791434307195956,0.06527622871463978,0.06527622871463978,0.06527622871463978,1
44.126351190728634,0.657667443075158,0.342332556924842,0.0,514.8618053896961,0.342332556924842,0.657667443075158,0.0,9.71166278462421,3.657667443075158,0.0,0.657667443075158,0.0,0.0,0.342332556924842,0.0,1.0,793.8185149987835,2.315334886150316,0.657667443075158,73.36069306455538,2.342332556924842,2.0,0.0,0.0,0.342332556924842,0.0,0.0,0.657667443075158,0.0,0.0,0.0,2.0,0.342332556924842,0.657667443075158,0.0,5223.08202690607,17657.30887008569,3.026997670774526,1.0,0.0,13.630669772300632,3.0,1.0,80.0,0.0,9.630669772300632,3.342332556924842,1.657667443075158,6.973002329225475,2.342332556924842,4.603672101526106,4.603672101526106,1
33.584904266321495,1.0,0.0,0.0,1069.6413839689346,0.0,0.4150957336785044,0.5849042663214956,15.64153173885607,3.5849042663214954,0.0,0.4150957336785044,0.0,0.0,0.5849042663214956,0.0,1.0,1317.9806316094168,1.0,0.4150957336785044,53.24528720103552,2.5849042663214954,1.0,0.0,0.0,0.0,0.0,0.0,0.4150957336785044,0.5849042663214956,0.0,0.0,2.5849042663214954,0.4150957336785044,0.5849042663214956,0.0,2563.923930251922,3039.207437039398,2.245287201035513,1.0,0.4150957336785044,17.07547866839252,3.4150957336785046,3.1698085326429912,80.0,0.0,3.245287201035513,0.0,3.0,2.0,2.0,2.0,2.0,1
25.075090314655906,1.0,0.0,0.0,275.5184070301188,0.48122742133602325,0.5187725786639767,0.0,12.187725786639767,3.5187725786639765,0.0,0.0,1.0,0.0,0.0,0.0,1.0,1547.9245441367989,3.5187725786639765,0.48122742133602325,74.09891622412911,3.0,1.0,0.0,0.0,0.0,0.0,0.0,0.5187725786639767,0.0,0.0,0.48122742133602325,3.4812274213360235,0.5187725786639767,0.0,0.48122742133602325,2336.7339368610133,25402.850550467778,1.0,1.0,1.0,16.849819370688188,3.4812274213360235,3.0375451573279535,80.0,0.48122742133602325,5.5938628933198835,2.0,3.0,5.5938628933198835,2.0,3.6314080506478374,4.5938628933198835,1
45.2931507619506,0.0,1.0,0.0,508.3419186862369,1.0,0.0,0.0,12.236164314244458,2.4706849238049395,0.23534246190246988,0.0,0.0,0.0,0.7646575380975301,0.0,1.0,623.2147961533528,2.2353424619024698,0.7646575380975301,50.47068492380494,2.7646575380975302,2.0,0.0,0.0,1.0,0.0,0.0,0.0,0.0,0.0,0.0,2.5293150761950605,0.23534246190246988,0.7646575380975301,0.0,6772.465753809753,23337.8589059773,3.4706849238049395,1.0,0.7646575380975301,14.23534246190247,3.0,1.4706849238049398,80.0,0.7646575380975301,15.88191784287777,4.23534246190247,2.7646575380975302,4.4706849238049395,3.0,0.7646575380975301,2.5293150761950605,1
29.893944739412376,0.10605526058762504,0.893944739412375,0.0,311.41022949483585,1.0,0.0,0.0,26.106055260587624,3.893944739412375,1.0,0.0,0.0,0.0,0.0,0.0,1.0,297.303115830598,2.893944739412375,0.0,50.19706057001037,2.106055260587625,2.106055260587625,0.0,0.0,1.0,0.0,0.0,0.0,0.0,0.0,0.0,1.3181657817628751,0.893944739412375,0.10605526058762504,0.0,6796.010110734131,23132.234095995518,4.5757789576495,1.0,0.0,15.742386824113375,3.106055260587625,3.106055260587625,80.0,0.31816578176287513,9.106055260587626,4.78788947882475,2.0,6.4242210423505,3.106055260587625,0.10605526058762504,1.8484420847010004,1
43.97908098816772,0.9979080988167726,0.0,0.0020919011832274403,935.0669408378633,0.0,1.0,0.0,3.027194715381957,3.0020919011832277,0.0,0.0,0.9979080988167726,0.0,0.0020919011832274403,0.0,1.0,1334.1965674768062,1.0062757035496823,1.0,88.99163239526709,2.995816197633545,1.0,0.0,0.9979080988167726,0.0,0.0,0.0,0.0020919011832274403,0.0,0.0,0.0,1.0,0.0,1.0,0.0,2361.8849454349224,14668.562792652705,3.993724296450318,1.0,0.0020919011832274403,12.023010913015503,3.0020919011832277,2.9979080988167723,80.0,0.0020919011832274403,9.989540494083863,3.995816197633545,3.9979080988167723,3.004183802366455,2.0,1.0041838023664549,1.9958161976335451,1
24.332577925473757,1.0,0.0,0.0,685.8258190362089,1.0,0.0,0.0,3.8076892475791198,2.0475111322105364,0.0,0.0,1.0,0.0,0.0,0.0,1.0,694.1064329452577,1.0475111322105364,0.0,65.28506679326321,2.9049777355789272,2.0,0.0,0.0,1.0,0.0,0.0,0.0,0.0,0.0,0.0,3.0,0.9524888677894636,0.04751113221053638,0.0,4576.1447996202105,24785.142533396633,8.71493320673678,1.0,0.04751113221053638,13.85746660336839,3.0,1.0950222644210728,80.0,0.04751113221053638,4.0,2.9524888677894636,3.0,2.0,2.0,2.0,0.09502226442107276,1
27.479865192502785,1.0,0.0,0.0,734.6886391887664,0.0,1.0,0.0,6.0107385639985145,1.9973153590003714,0.0,0.5013423204998143,0.4986576795001857,0.0,0.0,0.0,1.0,1133.8348658061611,2.504026961499443,0.5013423204998143,50.45033414150687,3.0,1.0,0.0,0.4986576795001857,0.0,0.0,0.0,0.5013423204998143,0.0,0.0,0.0,2.002684640999629,0.5013423204998143,0.0,0.4986576795001857,1540.0704286676978,26809.51008178993,1.0,1.0,1.0,11.498657679500186,3.0,4.0,80.0,0.4986576795001857,1.0,3.504026961499443,3.0,1.0,0.0,0.5013423204998143,0.5013423204998143,1
34.35832310582305,0.6716646211646092,0.32833537883539077,0.0,1452.3883108328107,0.6716646211646092,0.32833537883539077,0.0,9.05997545397531,5.0,0.6716646211646092,0.0,0.32833537883539077,0.0,0.0,0.0,1.0,1643.036106199103,2.3283353788353907,0.6716646211646092,97.31334151534156,2.6566707576707813,2.3283353788353907,0.0,0.0,0.6716646211646092,0.32833537883539077,0.0,0.0,0.0,0.0,0.0,1.3283353788353907,0.32833537883539077,0.0,0.6716646211646092,6564.7760170320325,8747.635558422062,3.686658484658437,1.0,0.6716646211646092,12.343329242329219,3.0,1.6716646211646093,80.0,2.0149938634938276,14.029987726987656,2.6716646211646093,3.0,4.626683030683126,3.970012273012345,2.6566707576707813,3.6416768941769537,1
26.951414139085838,0.0,1.0,0.0,704.5414325284768,1.0,0.0,0.0,3.9444260806648455,3.631946739916894,0.3680532600831057,0.0,0.6319467399168943,0.0,0.0,0.0,1.0,1298.181358970913,2.7361065201662114,0.0,51.47221304033242,1.7361065201662114,1.0,0.0,0.0,0.0,0.0,0.0,0.0,0.0,0.0,1.0,3.368053260083106,1.0,0.0,0.0,1713.803342720114,16540.823976347343,1.0,1.0,0.3680532600831057,12.736106520166212,3.0,2.0,80.0,0.0,1.3680532600831057,3.0,3.0,1.3680532600831057,0.7361065201662114,0.0,0.7361065201662114,1
26.39231336776215,0.1961566838810741,0.8038433161189259,0.0,633.7299282300575,0.0,0.1961566838810741,0.8038433161189259,16.01921658059463,3.411529948356778,0.0,0.0,1.0,0.0,0.0,0.0,1.0,719.220839760569,2.196156683881074,0.0,62.11929036150256,3.0,1.0,0.0,0.1961566838810741,0.0,0.0,0.0,0.0,0.8038433161189259,0.0,0.0,3.196156683881074,0.0,0.1961566838810741,0.8038433161189259,2696.6685894428774,22836.83503253052,0.1961566838810741,1.0,1.0,11.0,3.0,2.3923133677621484,80.0,0.8038433161189259,6.626903212832481,2.3923133677621484,2.0,5.823059896713556,5.823059896713556,0.8038433161189259,0.0,1
28.029774460793785,1.0,0.0,0.0,1092.411557450975,0.0,1.0,0.0,7.558668088231235,3.382370212418752,0.0,0.6176297875812483,0.3823702124187517,0.0,0.0,0.0,1.0,981.9690510947311,3.2352595751624964,0.0,82.32282129083119,1.6176297875812482,1.0,0.0,0.3823702124187517,0.0,0.0,0.0,0.6176297875812483,0.0,0.0,0.0,2.147110637256255,0.6176297875812483,0.0,0.3823702124187517,2668.0618978105376,18064.696383169685,2.147110637256255,1.0,1.0,14.235259575162496,3.0,1.7647404248375034,80.0,0.3823702124187517,4.441331911768765,1.6176297875812482,2.617629787581248,3.29422127451251,2.6765914869312617,0.3823702124187517,0.0,1
51.5647368718234,0.7701691739936929,0.2298308260063071,0.0,247.63045131886471,0.0,1.0,0.0,2.6894924780189213,3.0,0.0,0.2298308260063071,0.0,0.0,0.7701691739936929,0.0,1.0,986.1932330402523,3.540338347987386,0.7701691739936929,53.06847743405676,3.0,1.0,0.0,0.2298308260063071,0.0,0.0,0.0,0.7701691739936929,0.0,0.0,0.0,2.770169173993693,1.0,0.0,0.0,2465.8996429176404,26111.624925344833,3.0806766959747716,1.0,0.0,22.39118421795585,3.770169173993693,1.0,80.0,0.0,6.310507521981078,3.770169173993693,3.0,1.4596616520126142,0.4596616520126142,0.2298308260063071,0.4596616520126142,1
27.357227987472875,1.0,0.0,0.0,182.9271242129611,0.0,0.559537997912146,0.440462002087854,22.0,2.119075995824292,0.0,0.0,0.559537997912146,0.440462002087854,0.0,0.0,1.0,1316.7280214823763,2.321386006263562,0.440462002087854,52.40462002087854,2.119075995824292,1.0,0.0,0.0,0.0,0.0,0.0,0.559537997912146,0.440462002087854,0.0,0.0,3.0,0.0,1.0,0.0,1877.8534247953082,11559.261252096041,2.678613993736438,1.0,0.559537997912146,11.0,3.0,2.440462002087854,80.0,0.440462002087854,4.357227987472876,2.0,3.0,3.238151991648584,1.119075995824292,0.0,0.559537997912146,1
43.12892955300529,0.15592253724955862,0.8440774627504414,0.0,349.814232967126,0.8440774627504414,0.15592253724955862,0.0,23.505239404007064,3.532232388251324,0.0,0.15592253724955862,0.8440774627504414,0.0,0.0,0.0,1.0,668.4077462750441,1.0,0.15592253724955862,90.33280269052736,2.688154925500883,1.8440774627504415,0.0,0.15592253724955862,0.8440774627504414,0.0,0.0,0.0,0.0,0.0,0.0,1.467767611748676,0.0,0.8440774627504414,0.15592253724955862,4149.100012294887,5797.616727543275,2.779612686247793,1.0,0.0,13.844077462750441,3.0,3.532232388251324,80.0,2.1559225372495585,5.467767611748676,3.688154925500883,3.0,1.467767611748676,1.3118450744991172,0.15592253724955862,0.467767611748676,1
31.31416342355583,1.0,0.0,0.0,1195.5982187109387,0.07620406404935243,0.9237959359506476,0.0,2.381020320246762,3.923795935950648,0.0,0.0,1.0,0.0,0.0,0.0,1.0,1692.7620406404935,3.923795935950648,1.0,95.30481625619741,3.0,1.0,0.0,0.9237959359506476,0.0,0.0,0.0,0.0,0.0,0.0,0.07620406404935243,2.152408128098705,0.9237959359506476,0.0,0.07620406404935243,1460.211984491529,24871.12722007639,1.0,1.0,0.07620406404935243,12.685836576444173,3.076204064049352,1.0762040640493524,80.0,0.07620406404935243,1.1524081280987049,2.0,3.0,1.1524081280987049,0.15240812809870485,0.0,0.15240812809870485,1
25.811283275801365,0.5188716724198636,0.48112832758013635,0.0,444.7727453779505,0.5188716724198636,0.48112832758013635,0.0,5.075486689679455,1.9622566551602727,0.5188716724198636,0.0,0.48112832758013635,0.0,0.0,0.0,1.0,1663.085816398027,2.9622566551602727,0.5188716724198636,31.962256655160274,3.0,1.0,0.0,0.0,0.0,0.0,0.0,0.48112832758013635,0.0,0.0,0.5188716724198636,2.4811283275801364,1.0,0.0,0.0,3354.9853002500913,4369.256257364564,1.0,1.0,0.0,12.518871672419863,3.0,1.5188716724198636,80.0,0.0,3.886769965480818,2.5188716724198636,2.0377433448397273,3.886769965480818,0.9622566551602727,3.886769965480818,3.3678982930609545,1
29.933699420426777,1.0,0.0,0.0,835.2326593826363,0.4668497102133887,0.5331502897866113,0.0,9.870144494054387,3.533150289786611,0.0,0.5331502897866113,0.4668497102133887,0.0,0.0,0.0,1.0,1162.394336684804,1.4668497102133888,0.5331502897866113,52.3397398574686,2.0663005795732223,1.4668497102133888,0.0,0.0,0.4668497102133887,0.0,0.0,0.5331502897866113,0.0,0.0,0.0,3.533150289786611,0.0,1.0,0.0,4680.558266071347,25500.288787154914,6.198901738719668,1.0,1.0,12.599450869359835,3.0,2.466849710213389,80.0,2.0663005795732223,4.0,2.533150289786611,3.533150289786611,2.0,2.0,2.0,2.0,1
26.58596787587235,0.7356720206879421,0.26432797931205787,0.0,1045.0721896126659,0.0,1.0,0.0,3.735672020687942,1.5286559586241157,0.0,0.0,0.26432797931205787,0.0,0.7356720206879421,0.0,1.0,1219.925359083497,4.0,0.7356720206879421,32.26432797931206,3.0,1.0,0.0,0.7356720206879421,0.0,0.0,0.0,0.26432797931205787,0.0,0.0,0.0,3.735672020687942,0.26432797931205787,0.7356720206879421,0.0,3794.8808958696386,4486.316737288886,1.0,1.0,0.7356720206879421,14.207016062063826,3.0,1.7356720206879421,80.0,0.7356720206879421,7.0,2.735672020687942,3.2070160620638264,7.0,5.678360103439711,5.528655958624116,6.264327979312058,1
32.184090356162194,1.0,0.0,0.0,369.4696785387398,0.05638525505534253,0.9436147449446575,0.0,21.041450664059177,3.9436147449446572,0.0,0.9436147449446575,0.05638525505534253,0.0,0.0,0.0,1.0,1385.053032146126,3.887229489889315,1.0,96.08290132811835,3.0,2.0563852550553428,0.0,0.0,0.05638525505534253,0.9436147449446575,0.0,0.0,0.0,0.0,0.0,2.9436147449446572,0.05638525505534253,0.9436147449446575,0.0,6306.825373210461,21083.895766661397,1.4510820404427403,1.0,1.0,15.225541020221371,3.0,3.9436147449446572,80.0,1.887229489889315,10.0,2.9436147449446572,2.0,9.887229489889314,2.281926275276713,6.056385255055343,7.0,1
33.05028457859051,0.09497154214094927,0.9050284578590507,0.0,290.6815936401068,0.9050284578590507,0.0,0.09497154214094927,7.519544674255188,1.9050284578590508,0.9050284578590507,0.0,0.0,0.09497154214094927,0.0,0.0,1.0,665.0720173413602,4.0,0.09497154214094927,35.37428855352373,1.0,1.0,0.0,0.0,0.0,0.0,0.0,0.0,0.09497154214094927,0.0,0.9050284578590507,3.0,0.0,0.09497154214094927,0.9050284578590507,2275.4026524558044,12189.559009849845,0.09497154214094927,1.0,0.0,15.525142289295253,3.0,3.905028457859051,80.0,1.0,2.8100569157181017,2.905028457859051,2.094971542140949,1.9050284578590508,1.8100569157181015,0.9050284578590507,0.0,1
41.45122958443274,0.4435963019459075,0.5564036980540925,0.0,334.3901633245381,0.5564036980540925,0.4435963019459075,0.0,18.90245916886548,4.0,0.0,0.4435963019459075,0.5564036980540925,0.0,0.0,0.0,1.0,1183.0458396891459,2.3307889058377222,0.4435963019459075,81.36895531827189,3.0,2.0,0.0,0.0,0.5564036980540925,0.4435963019459075,0.0,0.0,0.0,0.0,0.0,1.0,0.4435963019459075,0.5564036980540925,0.0,4253.617469957949,5346.985559358511,1.5564036980540925,1.0,0.0,14.443596301945908,3.0,3.112807396108185,80.0,1.112807396108185,7.217981509729538,4.0,2.112807396108185,4.992366717513168,1.887192603891815,0.0,3.54877041556726,1
36.222723154276245,0.09715960571546922,0.9028403942845308,0.0,466.78787101097527,0.09715960571546922,0.9028403942845308,0.0,11.651713297162978,3.0,0.09715960571546922,0.9028403942845308,0.0,0.0,0.0,0.0,1.0,336.2675832627873,1.0971596057154693,0.9028403942845308,58.4738502513978,3.0,3.0,0.0,0.0,0.09715960571546922,0.9028403942845308,0.0,0.0,0.0,0.0,0.0,3.0971596057154693,0.0,0.09715960571546922,0.9028403942845308,9813.942509831435,22762.655550356594,5.514201971422654,1.0,0.0,12.068755662870162,3.0971596057154693,2.1943192114309387,80.0,2.0971596057154693,16.319882759991714,4.805680788569061,2.9028403942845307,1.874436451439223,0.3886384228618769,0.09715960571546922,0.874436451439223,1
31.0,1.0,0.0,0.0,265.74943506063346,0.7932168511032905,0.20678314889670946,0.0,9.308530382347351,4.0,0.0,0.20678314889670946,0.7932168511032905,0.0,0.0,0.0,1.0,416.5161405473658,2.4135662977934187,1.0,80.54922927572761,1.413566297793419,2.0,0.0,0.0,0.7932168511032905,0.20678314889670946,0.0,0.0,0.0,0.0,0.0,3.0,0.0,1.0,0.0,6173.4474820422765,20804.757041349152,3.3796505533098715,1.0,1.0,17.379650553309872,3.0,2.4135662977934187,80.0,0.4135662977934189,11.58643370220658,3.0,2.0,7.6203494466901285,5.966084255516453,6.79321685110329,7.0,1
38.285081635365415,1.0,0.0,0.0,892.4083022502102,0.7285081635365417,0.2714918364634583,0.0,6.7013285657326245,2.5429836729269164,0.0,0.2714918364634583,0.7285081635365417,0.0,0.0,0.0,1.0,377.8306690112801,2.5429836729269164,0.2714918364634583,95.08596734585383,3.0,2.0,0.0,0.0,0.7285081635365417,0.2714918364634583,0.0,0.0,0.0,0.0,0.0,3.728508163536542,0.7285081635365417,0.2714918364634583,0.0,6043.497481582203,19907.414117939337,6.099557144755792,1.0,1.0,12.085967345853833,3.0,1.814475509390375,80.0,0.5429836729269166,8.542983672926917,0.8144755093903749,1.2714918364634582,7.085967345853833,3.4570163270730836,1.6289510187807499,5.542983672926916,1
26.610461585349924,0.4842197735214392,0.5157802264785608,0.0,262.98188797981766,0.4842197735214392,0.5157802264785608,0.0,5.968439547042879,3.0,0.0,0.5157802264785608,0.4842197735214392,0.0,0.0,0.0,1.0,1348.6905448621858,2.4842197735214393,0.4842197735214392,78.88457116733613,3.0,1.0,0.0,0.5157802264785608,0.0,0.0,0.0,0.0,0.0,0.0,0.4842197735214392,2.9684395470428786,0.5157802264785608,0.0,0.4842197735214392,2350.8196932923483,25423.815300869664,0.4842197735214392,1.0,0.4842197735214392,18.936879094085757,3.4842197735214393,1.4842197735214393,80.0,0.4842197735214392,3.5157802264785607,2.5157802264785607,3.0,3.0,2.0,0.5157802264785608,2.0,1
33.984868666343814,0.33837711121872815,0.6616228887812718,0.0,931.7716980164654,0.6616228887812718,0.33837711121872815,0.0,10.984868666343816,3.661622888781272,0.0,0.33837711121872815,0.0,0.0,0.0,0.6616228887812718,1.0,1167.2170067299385,2.9848686663438153,0.6616228887812718,37.69188555609364,3.0,1.6616228887812718,0.0,0.33837711121872815,0.6616228887812718,0.0,0.0,0.0,0.0,0.0,0.0,2.9848686663438153,1.0,0.0,0.0,4452.078320625665,10349.708348868442,4.353508444874913,1.0,0.6616228887812718,23.323245777562544,4.0,1.0,80.0,0.0,11.984868666343816,2.0,4.0,8.96973733268763,7.3081144439063594,3.969737332687631,5.984868666343815,1
37.48450323219468,1.0,0.0,0.0,713.6530232792627,0.22586393019951678,0.7741360698004832,0.0,20.06376890740628,2.225863930199517,0.0,0.0,1.0,0.0,0.0,0.0,1.0,624.1891997608229,2.225863930199517,0.7741360698004832,53.16209502279324,2.225863930199517,2.225863930199517,0.0,0.0,0.22586393019951678,0.7741360698004832,0.0,0.0,0.0,0.0,0.0,2.774136069800483,0.0,1.0,0.0,6231.757774418925,15161.366199723518,3.451727860399034,1.0,0.7741360698004832,14.806911441596135,3.225863930199517,1.4517278603990336,80.0,0.6775917905985502,9.3551835811971,1.225863930199517,3.0,2.5810475113966174,1.5810475113966174,0.0,2.3551835811971005,1
23.095893569459665,1.0,0.0,0.0,799.1445320658563,0.47602660763508364,0.5239733923649164,0.0,5.428079822905251,1.0,0.47602660763508364,0.0,0.0,0.0,0.5239733923649164,0.0,1.0,1426.8419335460464,3.0479467847298327,1.0,31.523973392364915,3.0,1.0,0.0,0.5239733923649164,0.0,0.0,0.0,0.0,0.0,0.0,0.47602660763508364,3.0479467847298327,0.47602660763508364,0.5239733923649164,0.0,3209.2610730732954,4586.910988909867,1.0,1.0,0.5239733923649164,14.047946784729833,3.0,2.0,80.0,0.5239733923649164,4.143840354189498,3.0,3.5239733923649164,4.143840354189498,3.6678137465544145,3.0958935694596654,3.143840354189498,1
19.740741008886907,0.8703705044434535,0.12962949555654646,0.0,1025.3148889572299,0.12962949555654646,0.8703705044434535,0.0,9.962964035547628,2.8703705044434535,0.0,1.0,0.0,0.0,0.0,0.0,1.0,1094.8147332983804,3.740741008886907,0.0,94.3703741244167,2.1296294955565465,1.0,0.0,0.0,0.0,0.0,0.0,0.8703705044434535,0.0,0.0,0.12962949555654646,1.3888884866696394,1.0,0.0,0.0,2466.3519900812007,18293.7962768557,1.0,1.0,1.0,14.61111151333036,3.0,1.259258991113093,80.0,0.0,0.8703705044434535,2.0,3.1296294955565465,0.8703705044434535,0.0,0.0,0.0,1
35.9789087506764,0.9957817501352805,0.0042182498647195255,0.0,1455.9535992514882,0.9957817501352805,0.0042182498647195255,0.0,12.949381001623365,5.0,0.9957817501352805,0.0,0.0042182498647195255,0.0,0.0,0.0,1.0,1731.8441995370667,2.0042182498647194,0.9957817501352805,96.01687299945888,2.008436499729439,2.0042182498647194,0.0,0.0,0.9957817501352805,0.0042182498647195255,0.0,0.0,0.0,0.0,0.0,1.0042182498647194,0.0042182498647195255,0.0,0.9957817501352805,6139.534343822512,8659.151582213068,4.983127000541122,1.0,0.9957817501352805,12.99156350027056,3.0,1.9957817501352806,80.0,2.9873452504058413,15.974690500811683,2.9957817501352806,3.0,2.033745998917756,2.0253094991883174,2.008436499729439,2.0210912493235975,1
54.04295289997683,1.0,0.0,0.0,241.08978660055092,0.2198359500012872,0.7801640499987128,0.0,22.780164049998714,3.5603280999974256,0.2198359500012872,0.7801640499987128,0.0,0.0,0.0,0.0,1.0,236.8863556504209,3.780164049998713,0.2198359500012872,88.28426529996653,2.780164049998713,2.780164049998713,0.0,0.0,0.2198359500012872,0.0,0.0,0.0,0.0,0.7801640499987128,0.0,3.780164049998713,0.0,1.0,0.0,9447.605044594939,4046.4660877534047,1.2198359500012872,1.0,0.2198359500012872,12.0,3.0,3.3404921499961384,80.0,1.2198359500012872,32.96524959995881,3.6595078500038616,2.219835950001287,32.52557769995624,8.680984299992277,11.92229669998198,4.680984299992277,1
33.3883286228249,1.0,0.0,0.0,1051.9495760542407,0.0,0.6116713771751028,0.3883286228248972,18.786742034801645,3.388328622824897,0.0,0.6116713771751028,0.0,0.0,0.3883286228248972,0.0,1.0,1247.4099755941381,1.0,0.6116713771751028,53.835014131525305,2.388328622824897,1.0,0.0,0.0,0.0,0.0,0.0,0.6116713771751028,0.3883286228248972,0.0,0.0,2.388328622824897,0.6116713771751028,0.3883286228248972,0.0,2479.5929791918807,3023.677961203167,2.835014131525308,1.0,0.6116713771751028,18.058356885875515,3.611671377175103,2.7766572456497944,80.0,0.0,3.835014131525308,0.0,3.0,2.0,2.0,2.0,2.0,1
40.71253465792215,0.0,1.0,0.0,912.0709080461093,0.1524976894718566,0.8475023105281434,0.0,14.560036968450294,3.0,0.0,0.0,0.0,0.0,1.0,0.0,1.0,1724.1481492584082,2.695004621056287,1.0,46.23487523148026,2.152497689471857,1.0,0.0,0.0,0.0,0.0,0.0,0.8475023105281434,0.0,0.0,0.1524976894718566,3.0,0.0,1.0,0.0,2508.978909430716,15611.399630315496,8.08501386316886,1.0,0.8475023105281434,15.847502310528144,3.0,4.0,80.0,1.0,5.847502310528143,3.847502310528143,3.152497689471857,1.3049953789437132,0.3049953789437132,0.1524976894718566,0.3049953789437132,1
33.0,0.0,1.0,0.0,840.636077898674,0.0,1.0,0.0,27.57615250857219,3.9452366349450845,0.0,0.9452366349450843,0.05476336505491575,0.0,0.0,0.0,1.0,1079.1494173430885,1.0,0.05476336505491575,54.87621384087865,2.0547633650549155,1.9452366349450843,0.0,0.0,0.0,0.0,0.0,1.0,0.0,0.0,0.0,2.8904732698901685,1.0,0.0,0.0,4444.474496536298,3130.9167177769223,1.0,1.0,0.05476336505491575,21.397602984395927,3.9452366349450845,1.9452366349450843,80.0,0.0,13.780946539780338,3.9452366349450845,3.0,12.835709904835252,7.0547633650549155,3.328580190329495,7.9452366349450845,1
36.5495678747581,1.0,0.0,0.0,811.3326896847118,0.0,1.0,0.0,4.3206914003870445,2.419827149903239,0.0,1.0,0.0,0.0,0.0,0.0,1.0,1286.1045256271516,2.419827149903239,1.0,68.52628372291963,2.419827149903239,1.7099135749516194,0.0,0.29008642504838056,0.0,0.7099135749516194,0.0,0.0,0.0,0.0,0.0,2.580172850096761,0.0,0.7099135749516194,0.29008642504838056,4435.244942954993,7377.998069054135,4.870259275145141,1.0,0.0,11.580172850096762,3.0,1.0,80.0,2.2900864250483806,7.290086425048381,2.0,3.0,4.709913574951619,2.2900864250483806,1.0,3.7099135749516194,1
30.908170975785517,0.0,1.0,0.0,581.3802281154545,0.2729572560536204,0.7270427439463796,0.0,3.9081709757855183,2.2729572560536204,0.0,0.0,0.7270427439463796,0.0,0.2729572560536204,0.0,1.0,1815.35036300771,1.0,0.2729572560536204,59.28307652241292,3.7270427439463796,1.0,0.0,0.0,0.0,0.0,0.0,0.7270427439463796,0.0,0.0,0.2729572560536204,3.0,0.7270427439463796,0.2729572560536204,0.0,2562.2006111375767,15435.098662847004,3.0,1.0,0.7270427439463796,14.27295725605362,3.0,1.8188717681608613,80.0,0.2729572560536204,7.181128231839139,2.2729572560536204,3.2729572560536204,3.7270427439463796,1.2729572560536204,0.2729572560536204,2.7270427439463796,1
28.060064593668383,0.015016148417095754,0.0,0.9849838515829042,1359.9635083363275,0.015016148417095754,0.9849838515829042,0.0,23.654628586406798,2.0,0.0,0.0,0.015016148417095754,0.0,0.9849838515829042,0.0,1.0,1091.7905287679464,1.9849838515829044,1.0,71.42938636015036,1.9849838515829044,2.9849838515829044,0.0,0.0,0.015016148417095754,0.0,0.0,0.0,0.0,0.9849838515829042,0.0,1.0150161484170956,1.0,0.0,0.0,8692.162913095231,12351.876641129244,1.0750807420854787,1.0,0.0,12.045048445251288,3.0,1.0150161484170956,80.0,0.0,10.0,2.0,2.0150161484170956,9.849838515829042,6.89488696108033,0.9849838515829042,8.864854664246138,1
43.8245638910116,0.8791424383895334,0.0,0.12085756161046657,753.2377204424952,0.8791424383895334,0.12085756161046657,0.0,10.812863424156998,2.0,0.0,0.8791424383895334,0.0,0.0,0.12085756161046657,0.0,1.0,234.50668939248976,2.8791424383895334,1.0,64.96686049288374,2.0,3.0,0.0,0.0,0.8791424383895334,0.0,0.0,0.0,0.0,0.12085756161046657,0.0,3.6374273151686003,1.0,0.0,0.0,9510.590767235411,13446.015766041412,1.0,1.0,0.0,15.516569753558134,3.0,3.6374273151686003,80.0,0.0,9.120857561610467,2.8791424383895334,2.8791424383895334,9.120857561610467,7.879142438389533,3.6374273151686003,7.241715123220933,1
28.575446942031473,1.0,0.0,0.0,1134.6215078098871,0.0,0.936061450885392,0.06393854911460795,2.255754196458432,4.0,0.0,0.936061450885392,0.0,0.06393854911460795,0.0,0.0,1.0,420.3708654218154,1.127877098229216,1.0,82.65729046859323,1.127877098229216,1.0,0.0,0.0,0.0,0.0,0.0,0.936061450885392,0.06393854911460795,0.0,0.0,3.808184352656176,0.0,0.936061450885392,0.06393854911460795,3375.0614781815802,24667.370920014193,4.936061450885392,1.0,1.0,13.575446942031471,3.063938549114608,4.0,80.0,0.0,5.127877098229216,3.936061450885392,2.063938549114608,3.0,2.0,1.872122901770784,2.0,1
29.397579451877057,1.0,0.0,0.0,464.28150028208677,0.7333953986698191,0.26660460133018093,0.0,16.66790797339638,1.5332092026603619,0.7333953986698191,0.0,0.0,0.0,0.26660460133018093,0.0,1.0,382.9497270774466,4.0,1.0,50.26660460133018,3.0,1.0,0.0,0.0,0.0,0.0,0.0,0.26660460133018093,0.0,0.0,0.7333953986698191,3.0,1.0,0.0,0.0,1889.3500994694655,26661.903471411202,1.799813803990543,1.0,0.7333953986698191,20.333023006650905,3.266604601330181,3.200186196009457,80.0,0.0,1.8662322093112662,2.5332092026603616,2.266604601330181,0.26660460133018093,0.0,0.0,0.0,1
31.946103868676595,1.0,0.0,0.0,515.5497405394988,0.0,1.0,0.0,1.0107792262646815,2.9892207737353185,0.0,0.0,1.0,0.0,0.0,0.0,1.0,334.20681981374275,3.9892207737353185,0.9946103868676592,61.84909083229446,2.0053896131323405,1.0053896131323408,0.0,0.9946103868676592,0.0,0.005389613132340765,0.0,0.0,0.0,0.0,0.0,3.0,0.9946103868676592,0.005389613132340765,0.0,3732.3768193913625,9573.430715522685,0.0,1.0,1.0,14.026948065661703,3.0,3.9838311606029775,80.0,0.005389613132340765,4.0,2.0053896131323405,1.0161688393970225,3.0,2.0,0.9946103868676592,2.0,1
28.491671534451246,1.0,0.0,0.0,860.0895256265256,0.0,1.0,0.0,5.992861315243925,3.0,0.0,1.0,0.0,0.0,0.0,0.0,1.0,364.41404371585236,1.0,0.5011897807926793,66.05948903963396,3.0,1.0,0.0,1.0,0.0,0.0,0.0,0.0,0.0,0.0,0.0,1.0,0.4988102192073207,0.5011897807926793,0.0,4115.2989270460375,9809.014861503661,5.997620438414641,1.0,0.0,17.489291972865885,3.4988102192073205,2.0023795615853586,80.0,0.5011897807926793,7.995240876829283,3.5035693423780376,3.4988102192073205,3.4964306576219624,2.9976204384146414,0.0,2.9976204384146414,1
33.76801183320065,0.7906660092666306,0.20933399073336945,0.0,257.3203747180206,0.20933399073336945,0.7906660092666306,0.0,18.859990138999457,2.7906660092666304,0.0,0.20933399073336945,0.7906660092666306,0.0,0.0,0.0,1.0,1147.8124516338248,1.6280019722001082,0.0,57.83869756446836,3.0,1.0,0.0,0.0,0.0,0.0,0.0,0.7906660092666306,0.0,0.0,0.20933399073336945,3.0,0.0,1.0,0.0,2241.481677153552,11581.076132137407,3.581332018533261,1.0,1.0,11.0,3.0,2.2093339907333696,80.0,0.4186679814667389,9.512007888800433,2.2093339907333696,3.0,5.837335962933478,3.0466699536668473,1.465337935133586,2.2560039444002165,1
23.56786149731915,1.0,0.0,0.0,1235.5519548125603,0.0,1.0,0.0,16.946435828865248,3.0,0.0,1.0,0.0,0.0,0.0,0.0,1.0,1070.1125660426737,2.216069251340426,0.5946435828865247,61.72674144392199,2.594643582886525,1.0,0.0,0.5946435828865247,0.0,0.0,0.0,0.40535641711347525,0.0,0.0,0.0,2.1892871657730497,0.40535641711347525,0.0,0.5946435828865247,2467.394481016305,18927.918654009405,1.0,1.0,0.40535641711347525,17.973217914432624,3.594643582886525,2.1892871657730497,80.0,0.5946435828865247,1.0,0.8107128342269505,2.405356417113475,1.0,0.5946435828865247,0.0,0.0,1
34.74489987842735,0.0,1.0,0.0,515.2755006078633,0.0,1.0,0.0,13.758500202621093,3.0,0.0,0.6241499797378908,0.37585002026210923,0.0,0.0,0.0,1.0,434.08325496421674,1.0,1.0,62.87925010131055,3.0,3.0,0.0,0.0,0.0,0.6241499797378908,0.0,0.0,0.0,0.37585002026210923,0.0,3.0,0.0,0.37585002026210923,0.6241499797378908,9963.809595461287,22698.909756787805,4.872449939213672,1.0,0.0,11.37585002026211,3.0,1.6241499797378909,80.0,1.2482999594757815,15.120749898689454,3.872449939213672,3.0,1.0,0.0,0.0,0.0,1
28.331927262671353,1.0,0.0,0.0,1135.424727926362,0.0,1.0,0.0,1.668072737328647,4.0,0.0,1.0,0.0,0.0,0.0,0.0,1.0,966.7685658594371,1.0,1.0,68.06749139177506,1.6638545253427057,1.0,0.0,0.0,0.0,0.0,0.0,1.0,0.0,0.0,0.0,4.0,0.0,1.0,0.0,3903.1397685142,25197.383113325166,6.327709050685412,1.0,1.0,13.331927262671353,3.0,3.336145474657294,80.0,0.9957817880140585,4.6680727373286475,3.668072737328647,2.663854525342706,2.668072737328647,2.0,2.0,2.0,1
25.76178787476642,1.0,0.0,0.0,1154.292727514015,0.0,1.0,0.0,10.589176132593517,1.3452234843458022,0.0,1.0,0.0,0.0,0.0,0.0,1.0,1619.443208427335,3.827388257827099,1.0,93.0,2.172611742172901,1.0,0.0,0.8273882578270989,0.0,0.0,0.0,0.1726117421729011,0.0,0.0,0.0,2.6547765156541976,1.0,0.0,0.0,3974.3280019153035,20856.65521172711,0.8273882578270989,1.0,0.8273882578270989,11.345223484345802,3.0,1.0,80.0,0.0,5.172611742172901,2.0,3.0,5.0,3.6547765156541976,0.8273882578270989,2.172611742172901,1
52.96138077297224,1.0,0.0,0.0,512.4075518351524,0.10128730756759197,0.898712692432408,0.0,13.392276154594448,3.898712692432408,0.0,0.0,0.898712692432408,0.0,0.10128730756759197,0.0,1.0,225.31744030542086,2.202574615135184,0.10128730756759197,68.55623154270188,2.898712692432408,1.101287307567592,0.0,0.0,0.10128730756759197,0.0,0.0,0.898712692432408,0.0,0.0,0.0,1.898712692432408,0.10128730756759197,0.898712692432408,0.0,4999.767292647036,4363.538553257262,8.696138077297224,1.0,0.898712692432408,17.898712692432408,3.0,1.202574615135184,80.0,2.696138077297224,6.898712692432408,2.0,2.898712692432408,4.898712692432408,3.898712692432408,3.696138077297224,2.898712692432408,1
31.0,0.6209913675004786,0.37900863249952144,0.0,964.0088668155063,0.6209913675004786,0.37900863249952144,0.0,19.064138119992343,3.241982735000957,0.0,1.0,0.0,0.0,0.0,0.0,1.0,538.1924534126412,2.3790086324995214,1.0,55.47521581248804,2.6209913675004786,1.6209913675004786,0.0,0.37900863249952144,0.6209913675004786,0.0,0.0,0.0,0.0,0.0,0.0,1.3790086324995214,0.37900863249952144,0.0,0.6209913675004786,3947.227491095361,11565.061208549932,1.2419827350009571,1.0,0.0,14.725948205002872,3.0,2.6209913675004786,80.0,0.0,7.862974102501436,2.0,2.1370258974985643,3.758017264999043,2.1370258974985643,1.0,2.758017264999043,1
33.91286259089453,0.0,0.04356870455273687,0.9564312954472631,935.2384143810548,0.0,1.0,0.0,15.520744249919895,3.9128625908945263,0.0,0.0,0.04356870455273687,0.0,0.9564312954472631,0.0,1.0,1906.4813359547932,3.869293886341789,0.9564312954472631,83.344389226996,1.1307061136582106,1.0,0.0,0.0,0.0,0.0,0.0,1.0,0.0,0.0,0.0,1.0871374091054737,0.04356870455273687,0.9564312954472631,0.0,2312.446088069092,14497.381948506249,1.0871374091054737,1.0,1.0,22.607881659025367,3.9564312954472634,1.9564312954472631,80.0,0.9564312954472631,5.130706113658211,2.0,3.0,4.956431295447263,1.9564312954472631,2.869293886341789,0.1307061136582106,1
28.684041064707007,0.6840410647070062,0.3159589352929938,0.0,472.02776420500015,0.0,1.0,0.0,1.0,3.684041064707006,0.0,0.3159589352929938,0.0,0.0,0.6840410647070062,0.0,1.0,1392.1408775945795,1.0,1.0,82.62225855888533,2.0,1.0,0.0,0.3159589352929938,0.0,0.0,0.0,0.6840410647070062,0.0,0.0,0.0,1.315958935292994,0.6840410647070062,0.0,0.3159589352929938,2435.9343908585606,7439.088754400458,4.420205323535031,1.0,0.0,13.631917870585987,3.0,2.368082129414012,80.0,0.6319178705859876,7.840410647070062,2.0,1.6319178705859876,6.47232851765605,4.788287452949043,0.0,4.788287452949043,1
32.980420233145,0.8039159533710001,0.19608404662899992,0.0,938.918530773711,0.8039159533710001,0.19608404662899992,0.0,5.176504279773999,3.803915953371,0.0,1.0,0.0,0.0,0.0,0.0,1.0,301.000286378079,3.4117478601130005,1.0,37.686437352241,1.3921680932579998,3.0,0.0,0.0,0.8039159533710001,0.19608404662899992,0.0,0.0,0.0,0.0,0.0,3.803915953371,0.0,0.8039159533710001,0.19608404662899992,10330.978415586593,25176.88377296867,1.9804202331449996,1.0,0.0,11.0,3.0,2.803915953371,80.0,0.39216809325799984,14.588252139887,2.5882521398869995,2.196084046629,11.450907393823002,6.431327626968001,7.2352435803390005,6.431327626968001,1
28.24606703187509,0.0273407813194545,0.9726592186805455,0.0,291.21460328687584,0.0,1.0,0.0,2.218726250555636,2.054681562638909,0.0,1.0,0.0,0.0,0.0,0.0,1.0,1512.3389383024337,3.0273407813194546,1.0,38.54681562638909,2.0273407813194546,1.0273407813194546,0.0,0.9726592186805455,0.0,0.0273407813194545,0.0,0.0,0.0,0.0,0.0,1.0,1.0,0.0,0.0,2606.1669707397386,5345.075296381038,6.835955312083273,1.0,0.0,11.109363125277818,3.0,2.9726592186805454,80.0,0.0,8.054681562638908,2.054681562638909,1.9726592186805454,0.273407813194545,0.0820223439583635,0.0,0.218726250555636,1
29.550953275233255,0.0,1.0,0.0,452.9395139724342,0.5509532752332554,0.44904672476674456,0.0,17.388560697200937,3.101906550466511,0.0,0.0,1.0,0.0,0.0,0.0,1.0,1195.8370042154284,2.898093449533489,1.0,73.55095327523325,2.0,1.0,0.0,0.0,0.0,0.0,0.0,0.44904672476674456,0.0,0.0,0.5509532752332554,2.347140174300234,0.44904672476674456,0.5509532752332554,0.0,2215.3129702552983,14597.08022310899,1.0,1.0,0.44904672476674456,20.69428034860047,3.4490467247667445,2.5509532752332555,80.0,0.5509532752332554,1.0,2.4490467247667445,3.101906550466511,1.0,0.0,0.44904672476674456,0.0,1
26.946450024390963,0.0,0.8133136385809965,0.18668636141900352,419.4224913791712,0.0,1.0,0.0,21.013018217295944,1.8133136385809965,0.0,0.18668636141900352,0.8133136385809965,0.0,0.0,0.0,1.0,1735.0793106696694,3.8133136385809965,1.0,74.30680452993303,2.1866863614190035,1.0,0.0,0.18668636141900352,0.0,0.0,0.0,0.8133136385809965,0.0,0.0,0.0,3.8133136385809965,1.0,0.0,0.0,2339.1227966408333,14529.536425381453,1.0,1.0,0.8133136385809965,21.759763662971956,3.8133136385809965,2.373372722838007,80.0,0.0,0.8133136385809965,2.4399409157429894,2.1866863614190035,0.8133136385809965,0.0,0.8133136385809965,0.0,1
34.57982344484794,0.0,0.8599411482826469,0.1400588517173531,775.7277875944907,1.0,0.0,0.0,17.01958803797853,4.0,0.8599411482826469,0.0,0.0,0.0,0.0,0.1400588517173531,1.0,1275.0959200637026,4.0,0.1400588517173531,66.01958803797852,3.1400588517173533,2.0,0.0,0.0,1.0,0.0,0.0,0.0,0.0,0.0,0.0,3.0,0.0,1.0,0.0,4627.025473209714,23375.676841175064,1.1204708137388248,1.0,0.8599411482826469,17.159646889695882,3.0,3.1400588517173533,80.0,0.8599411482826469,5.140058851717353,0.2801177034347062,2.1400588517173533,4.0,2.0,2.719882296565294,2.0,1
29.0,0.8964790748508423,0.10352092514915767,0.0,143.36051983221805,0.8964790748508423,0.10352092514915767,0.0,25.65422797306095,2.7929581497016844,0.8964790748508423,0.0,0.0,0.0,0.0,0.10352092514915767,1.0,400.8068128197414,2.103520925149158,0.0,40.07252533230873,3.0,3.0,0.0,0.0,0.8964790748508423,0.0,0.0,0.0,0.0,0.10352092514915767,0.0,4.0,0.10352092514915767,0.8964790748508423,0.0,7630.097200437172,24359.884124387092,0.8964790748508423,1.0,0.10352092514915767,20.964790748508424,3.896479074850842,3.689437224552527,80.0,2.689437224552527,9.896479074850843,2.7929581497016844,2.103520925149158,9.792958149701684,4.310562775447473,1.621125550894946,8.792958149701684,1
31.30434228546781,0.3369572143165237,0.0,0.6630427856834763,1289.2172417076308,1.0,0.0,0.0,15.29347064251824,3.0,0.6630427856834763,0.0,0.0,0.0,0.3369572143165237,0.0,1.0,601.0654210090579,2.010871642949571,1.0,57.22824078482081,3.326085571366953,2.0,0.0,0.0,1.0,0.0,0.0,0.0,0.0,0.0,0.0,2.989128357050429,1.0,0.0,0.0,5311.413058714964,4116.91194366536,7.326085571366953,1.0,0.6630427856834763,14.347828857266094,3.0,2.3369572143165236,80.0,0.0,7.989128357050429,2.6630427856834764,2.0,4.663042785683476,2.3369572143165236,0.3369572143165237,3.326085571366953,1
33.84030089783188,0.71007522445797,0.28992477554203,0.0,1273.8718709056293,0.71007522445797,0.28992477554203,0.0,3.13022567337391,3.57984955108406,0.0,0.0,0.28992477554203,0.0,0.71007522445797,0.0,1.0,1204.0829944195889,3.7100752244579702,0.71007522445797,90.05894685758842,3.2899247755420298,3.0,0.0,0.0,0.71007522445797,0.28992477554203,0.0,0.0,0.0,0.0,0.0,1.28992477554203,1.0,0.0,0.0,8962.720679442224,9926.525464690074,0.28992477554203,1.0,0.71007522445797,18.81082746903767,3.7100752244579702,1.0,80.0,0.0,9.28992477554203,2.0,3.0,8.57984955108406,7.28992477554203,4.0,7.0,1
46.99321110078468,1.0,0.0,0.0,943.7065207370536,1.0,0.0,0.0,6.472584970357447,3.0,0.0,0.29451699407148946,0.7054830059285105,0.0,0.0,0.0,1.0,1413.2454381028765,2.5890339881429787,1.0,61.349347053356595,2.7054830059285107,3.0,0.0,0.0,1.0,0.0,0.0,0.0,0.0,0.0,0.0,1.7054830059285107,0.7054830059285105,0.29451699407148946,0.0,8993.80160897297,21532.821932023715,9.0,1.0,0.7054830059285105,18.41096601185702,3.0,3.0,80.0,0.0,11.472584970357447,2.2945169940714893,2.2945169940714893,9.472584970357447,8.472584970357447,6.70548300592851,4.938381041499573,1
32.77091198947803,1.0,0.0,0.0,359.6789684445533,0.9713639986847535,0.028636001315246462,0.0,4.9427279973695075,3.0,0.9713639986847535,0.028636001315246462,0.0,0.0,0.0,0.0,1.0,486.5177080697081,3.9140919960542604,0.028636001315246462,35.632252074969045,3.0,1.0,0.0,0.028636001315246462,0.0,0.0,0.0,0.0,0.0,0.0,0.9713639986847535,2.942727997369507,0.9713639986847535,0.028636001315246462,0.0,2884.7904815519905,9157.04445632355,1.1145440052609858,1.0,0.9713639986847535,13.0,3.0,2.0286360013152462,80.0,0.028636001315246462,1.143180006576232,2.0859080039457396,3.0,1.0286360013152465,0.057272002630492924,0.0,0.057272002630492924,1
39.40981181156508,0.27868747006804684,0.7213125299319532,0.0,719.4266365537339,0.0,1.0,0.0,24.819687948979297,4.0,0.0,0.7213125299319532,0.27868747006804684,0.0,0.0,0.0,1.0,839.033778136036,1.2786874700680468,0.0,59.01637446122484,2.278687470068047,1.7213125299319532,0.0,0.0,0.0,0.0,0.0,1.0,0.0,0.0,0.0,2.721312529931953,0.7213125299319532,0.27868747006804684,0.0,4634.802798880962,3513.8673961639724,3.2294997605443747,1.0,0.27868747006804684,20.885250119727814,3.721312529931953,1.7213125299319532,80.0,0.8360624102041405,12.049187709523672,3.4426250598639063,3.0,10.770500239455625,6.163937589795859,3.278687470068047,6.606562649659766,1
40.160213727381446,0.9300178106151203,0.06998218938487966,0.0,1032.9275790771237,1.0,0.0,0.0,1.8397862726185559,2.0699821893848798,0.0,0.0,0.9300178106151203,0.0,0.06998218938487966,0.0,1.0,104.99353342593118,1.9300178106151202,0.0,90.99076585645018,3.0,2.0,0.0,0.0,1.0,0.0,0.0,0.0,0.0,0.0,0.0,3.8600356212302405,1.0,0.0,0.0,5977.044060820247,19339.45551436655,7.790053431845361,1.0,0.9300178106151203,11.0,3.0,1.0,80.0,0.0,7.93001781061512,0.2799287575395186,1.0,5.93001781061512,3.9300178106151202,0.0,4.650089053075602,1
27.634962527999786,1.0,0.0,0.0,614.5886654674332,1.0,0.0,0.0,11.827766139428048,2.5192803611428265,0.0,0.0,1.0,0.0,0.0,0.0,1.0,436.99220317715964,1.5192803611428265,0.0,68.11568216685696,1.9614392777143472,2.0,0.0,0.0,1.0,0.0,0.0,0.0,0.0,0.0,0.0,3.0,0.4807196388571736,0.5192803611428264,0.0,4567.652953499429,24786.557841083428,5.884317833143042,1.0,0.5192803611428264,12.442158916571522,3.0,2.038560722285653,80.0,0.5192803611428264,4.0,2.4807196388571735,3.0,2.0,2.0,2.0,1.0385607222856528,1
36.4762385285329,1.0,0.0,0.0,182.0755075288409,0.0,1.0,0.0,12.414723292645368,3.694314886176358,0.0,0.0,0.6943148861763578,0.0,0.30568511382364216,0.0,1.0,1274.1667712834812,4.0,0.30568511382364216,51.0,3.0,1.0,0.0,0.0,0.0,0.0,0.0,1.0,0.0,0.0,0.0,3.0,1.0,0.0,0.0,2419.9832346750095,25847.90407214771,1.9170553414709266,1.0,0.6943148861763578,16.362536252060064,3.305685113823642,3.0829446585290734,80.0,0.0,7.6943148861763575,2.611370227647284,3.0,5.860204203234505,1.3886297723527157,4.860204203234505,4.860204203234505,1
39.266020638812094,0.24465978706263503,0.0,0.755340212937365,1270.0605418485097,1.0,0.0,0.0,18.372824897559394,3.244659787062635,0.0,0.0,1.0,0.0,0.0,0.0,1.0,982.0854434069978,1.755340212937365,0.24465978706263503,86.7883714986177,3.51068042587473,3.755340212937365,0.0,0.0,1.0,0.0,0.0,0.0,0.0,0.0,0.0,2.244659787062635,0.755340212937365,0.24465978706263503,0.0,12561.554450443089,16545.226117602397,4.244659787062635,1.0,0.755340212937365,14.776701064686826,3.0,3.755340212937365,80.0,0.0,20.776701064686826,2.0,1.755340212937365,4.180577231814255,0.24465978706263503,2.6912576576889853,1.7126185094384452,1
20.661417797770042,0.6614177977700431,0.33858220222995694,0.0,1142.7010557400743,0.33858220222995694,0.6614177977700431,0.0,9.661417797770042,3.0,0.33858220222995694,0.0,0.6614177977700431,0.0,0.0,0.0,1.0,1078.32283559554,3.338582202229957,0.0,42.09447964013923,2.338582202229957,1.0,0.0,0.6614177977700431,0.0,0.0,0.0,0.0,0.0,0.0,0.33858220222995694,2.015746606689871,1.0,0.0,0.0,1723.094057422571,17240.055143281814,1.0,1.0,0.33858220222995694,13.338582202229958,3.0,1.338582202229957,80.0,0.0,1.338582202229957,4.984253393310129,2.338582202229957,1.338582202229957,0.6771644044599139,0.6614177977700431,0.6771644044599139,1
34.81813991515785,1.0,0.0,0.0,1004.2401516697305,0.0,0.4363720169684303,0.5636279830315697,4.254511932126279,4.0,0.0,0.0,0.4363720169684303,0.5636279830315697,0.0,0.0,1.0,813.3039744537829,3.43637201696843,1.0,76.96390454298977,3.0,1.0,0.0,0.4363720169684303,0.0,0.0,0.0,0.0,0.5636279830315697,0.0,0.0,1.4363720169684302,0.4363720169684303,0.0,0.5636279830315697,1776.2670284614674,24173.39190842999,2.690883949094709,1.0,0.5636279830315697,17.636279830315697,3.56362798303157,2.690883949094709,80.0,0.0,4.381767898189418,2.56362798303157,3.0,2.1272559660631396,1.1272559660631394,0.0,1.1272559660631394,1
46.393597813158735,0.0,0.8866781657895102,0.1133218342104898,1337.8805806053074,0.1133218342104898,0.8866781657895102,0.0,28.11332183421049,2.0,0.0,0.1133218342104898,0.8866781657895102,0.0,0.0,0.0,1.0,1376.5977374973825,1.1133218342104898,1.0,94.96020698421118,1.8866781657895102,2.0,0.0,0.8866781657895102,0.1133218342104898,0.0,0.0,0.0,0.0,0.0,0.0,1.0,1.0,0.0,0.0,4361.625456434185,22608.350314713192,3.5666091710524492,1.0,0.0,19.77335633157902,3.88667816578951,1.3399655026314692,80.0,0.0,18.52681615526363,2.453287336841959,3.0,3.7733563315790204,2.88667816578951,1.1133218342104898,2.88667816578951,1
31.715236777186387,1.0,0.0,0.0,620.7366295296871,0.0,1.0,0.0,11.22058496531156,3.2419777178122433,0.0,0.0,0.25267409406258556,0.0,0.0,0.7473259059374144,1.0,988.7753760987428,2.7473259059374144,0.7473259059374144,37.73662952968707,2.2526740940625856,1.2526740940625856,0.0,0.7473259059374144,0.0,0.25267409406258556,0.0,0.0,0.0,0.0,0.0,2.2526740940625856,0.0,0.25267409406258556,0.7473259059374144,3851.1445122587866,10060.860947108746,0.7473259059374144,1.0,1.0,22.73662952968707,3.7473259059374144,3.2419777178122433,80.0,1.0,4.747325905937414,2.2526740940625856,1.7580222821877567,3.7473259059374144,2.0,0.0,2.0,1
26.904080408852195,1.0,0.0,0.0,886.5752445652653,0.0,0.7904080408852193,0.20959195911478068,1.2095919591147806,2.7904080408852194,0.0,0.0,0.0,0.0,1.0,0.0,1.0,355.75146112453166,2.580816081770439,1.0,78.08346534921223,2.7904080408852194,1.0,0.0,0.0,0.0,0.0,0.0,0.7904080408852193,0.20959195911478068,0.0,0.0,3.2095919591147806,1.0,0.0,0.0,2164.053531312079,19480.338613968488,0.20959195911478068,1.0,0.0,13.580816081770438,3.0,3.7904080408852194,80.0,0.0,5.742448245311316,1.4191839182295614,2.419183918229561,4.952040204426097,1.5808160817704386,0.7904080408852193,3.9520402044260967,1
41.468012727020145,0.748222929278897,0.0,0.251777070721103,1282.1990319207634,0.748222929278897,0.251777070721103,0.0,13.524878990095441,2.748222929278897,0.0,0.0,0.748222929278897,0.0,0.251777070721103,0.0,1.0,1670.8514453424918,2.748222929278897,0.251777070721103,66.01421656576882,2.748222929278897,3.0,0.0,0.0,0.748222929278897,0.0,0.0,0.0,0.0,0.251777070721103,0.0,1.748222929278897,0.251777070721103,0.748222929278897,0.0,7668.502115575313,13594.057170885853,3.992891717115588,1.0,0.0,18.734006363510073,3.748222929278897,2.496445858557794,80.0,2.244668787836691,12.992891717115588,2.0,2.748222929278897,8.503554141442207,7.0,0.251777070721103,7.503554141442206,1
33.57164206750248,1.0,0.0,0.0,617.7148644602868,1.0,0.0,0.0,14.620897918354832,2.5238806891674934,0.0,0.0,1.0,0.0,0.0,0.0,1.0,1767.0044834175521,2.047761378334987,1.0,60.194034458374674,2.047761378334987,2.0,0.0,0.0,1.0,0.0,0.0,0.0,0.0,0.0,0.0,3.047761378334987,1.0,0.0,0.0,6251.982004587571,12851.619526930279,3.3805965541625325,1.0,0.5238806891674935,16.57164206750248,3.0,3.047761378334987,80.0,0.0,10.0,2.0,3.0,5.238806891674935,3.667164824172455,3.667164824172455,3.667164824172455,1
22.696660880562174,1.0,0.0,0.0,430.03848666510237,0.7689586949648641,0.23104130503513587,0.0,17.37917389929728,1.4620826100702717,0.7689586949648641,0.0,0.23104130503513587,0.0,0.0,0.0,1.0,490.9199096592604,3.3068760848945926,0.7689586949648641,54.38978479566758,3.0,1.0,0.0,0.23104130503513587,0.0,0.0,0.0,0.0,0.0,0.0,0.7689586949648641,2.5379173899297283,0.7689586949648641,0.0,0.23104130503513587,1767.1854807090192,26773.56069768794,1.0,1.0,1.0,17.38271086475405,3.0,4.0,80.0,0.23104130503513587,0.23104130503513587,2.0,2.231041305035136,0.23104130503513587,0.0,0.0,0.0,1
41.99399734204748,0.0,1.0,0.0,637.2349407946699,1.0,0.0,0.0,5.574858661687157,3.618761778192737,0.0,0.0,0.0,0.0,0.3812382218072631,0.6187617781927369,1.0,1255.5830949559163,2.8562853345782107,0.6187617781927369,69.56285334578212,3.0,2.0,0.0,0.0,1.0,0.0,0.0,0.0,0.0,0.0,0.0,2.618761778192737,1.0,0.0,0.0,5123.344036014132,17340.2097439029,3.762476443614526,1.0,0.6187617781927369,12.85628533457821,3.0,2.8562853345782107,80.0,0.0,5.762476443614526,4.0,2.237523556385474,1.9061911090363153,1.1437146654217893,0.0,0.0,1
47.50926986410641,1.0,0.0,0.0,1210.2992841840069,0.0,1.0,0.0,6.992054402194506,4.0,0.0,0.0,1.0,0.0,0.0,0.0,1.0,1140.342412310191,1.9973514673981685,1.0,64.91789548934322,3.0,1.0,0.0,0.0,0.0,0.0,0.0,1.0,0.0,0.0,0.0,3.0,0.49867573369908424,0.5013242663009158,0.0,2697.870973507065,10578.345812447347,5.010594130407326,1.0,1.0,11.501324266300916,3.0,3.0,80.0,1.5039727989027472,12.015891195610989,2.9973514673981683,3.501324266300916,8.005297065203663,1.994702934796337,1.0026485326018315,4.506621331504579,1
26.165504078082904,0.4028746601597578,0.0,0.5971253398402422,322.1080108748877,0.0,1.0,0.0,6.179877378881695,2.4028746601597577,0.0,0.5971253398402422,0.4028746601597578,0.0,0.0,0.0,1.0,689.6497542005011,2.5971253398402423,1.0,46.40287466015976,2.0,1.0,0.0,0.4028746601597578,0.0,0.0,0.0,0.5971253398402422,0.0,0.0,0.0,2.2086239804792736,1.0,0.0,0.0,1829.8957892652552,9886.492492367302,0.4028746601597578,1.0,0.5971253398402422,22.0,4.0,1.8057493203195156,80.0,0.0,2.7913760195207264,1.2086239804792736,2.5971253398402423,2.1942506796804846,1.1942506796804844,1.0,1.1942506796804844,1
37.02424011651864,1.0,0.0,0.0,875.4347832916517,0.24393997087033936,0.7560600291296606,0.0,7.366679359147465,3.2439399708703394,0.0,1.0,0.0,0.0,0.0,0.0,1.0,1552.5090424468915,2.5121200582593213,0.7560600291296606,70.99846119431609,2.7560600291296606,2.0,0.0,0.0,0.24393997087033936,0.7560600291296606,0.0,0.0,0.0,0.0,0.0,2.0,0.24393997087033936,0.7560600291296606,0.0,4792.551367457193,7692.518275280995,3.0242401165186426,1.0,0.24393997087033936,13.927279650444072,3.2439399708703394,1.4878799417406787,80.0,1.5121200582593213,9.195459737833055,2.0,3.2439399708703394,7.439399708703394,3.707579796092375,3.1954597378330547,5.463639825222036,1
23.62920206199656,1.0,0.0,0.0,451.50346329782786,0.0,0.4629202061996559,0.5370797938003441,12.647164742592086,3.3887606185989676,0.0,0.0,0.0,0.0,1.0,0.0,1.0,565.5370797938003,1.9258404123993118,0.5370797938003441,60.79548391779346,2.0,1.0,0.0,0.0,0.0,0.0,0.0,0.4629202061996559,0.5370797938003441,0.0,0.0,3.074159587600688,0.5370797938003441,0.4629202061996559,0.0,2555.6674362884064,18373.579931750646,2.8516808247986236,1.0,0.0,13.851680824798624,3.0,2.537079793800344,80.0,0.0,3.3146010309982796,2.537079793800344,4.0,1.462920206199656,0.9258404123993118,0.4629202061996559,0.4629202061996559,1
35.40898902318385,0.10224725579596294,0.8977527442040371,0.0,631.1213287496191,0.8977527442040371,0.10224725579596294,0.0,18.511236278979815,3.897752744204037,0.8977527442040371,0.10224725579596294,0.0,0.0,0.0,0.0,1.0,1372.8426920942825,3.897752744204037,0.10224725579596294,69.65842865069504,3.0,1.8977527442040372,0.0,0.0,0.8977527442040371,0.0,0.0,0.10224725579596294,0.0,0.0,0.0,2.7955054884080743,0.10224725579596294,0.8977527442040371,0.0,4541.404448384867,23172.051611927378,0.0,1.0,0.8977527442040371,17.488763721020185,3.0,2.7955054884080743,80.0,0.8977527442040371,5.102247255795963,0.2044945115919259,2.102247255795963,4.102247255795963,2.0,2.693258232612111,2.102247255795963,1
29.0,0.9470674904902782,0.05293250950972184,0.0,132.4334220540999,0.9470674904902782,0.05293250950972184,0.0,26.311877376373616,2.8941349809805565,0.9470674904902782,0.0,0.0,0.0,0.0,0.05293250950972184,1.0,343.23719582206354,2.0529325095097217,0.0,37.59369296597637,3.0,3.0,0.0,0.0,0.9470674904902782,0.0,0.0,0.0,0.0,0.05293250950972184,0.0,4.0,0.05293250950972184,0.9470674904902782,0.0,7634.447804182164,24440.572647331996,0.9470674904902782,1.0,0.05293250950972184,21.47067490490278,3.9470674904902783,3.8412024714708344,80.0,2.8412024714708344,9.947067490490278,2.8941349809805565,2.0529325095097217,9.894134980980557,4.158797528529165,1.3175950570583312,8.894134980980557,1
28.153545066254917,1.0,0.0,0.0,414.85628496333516,0.0,0.9153545066254917,0.08464549337450833,23.053153652386307,4.746063519876476,0.0,0.0,0.0,0.0,1.0,0.0,1.0,565.0846454933745,2.830709013250983,0.08464549337450833,69.39173562588434,2.0,1.0,0.0,0.0,0.0,0.0,0.0,0.9153545066254917,0.08464549337450833,0.0,0.0,2.169290986749017,0.08464549337450833,0.9153545066254917,0.0,2547.523618880741,18311.59643259231,4.661418026501966,1.0,0.0,15.661418026501966,3.0,2.0846454933745084,80.0,0.0,5.576772533127459,2.0846454933745084,4.0,1.9153545066254916,1.8307090132509833,0.9153545066254917,0.9153545066254917,1
43.77259170030011,0.24548165993997806,0.7545183400600219,0.0,372.0345665238541,1.0,0.0,0.0,25.018073360240088,3.509036680120044,0.24548165993997806,0.0,0.7545183400600219,0.0,0.0,0.0,1.0,636.8675212915242,1.4909633198799561,0.24548165993997806,92.1445868819207,2.754518340060022,2.0,0.0,0.0,1.0,0.0,0.0,0.0,0.0,0.0,0.0,1.4909633198799561,0.0,1.0,0.0,4800.038595914314,5747.83119677119,2.0,1.0,0.24548165993997806,13.509036680120044,3.0,3.263555020180066,80.0,2.0,5.736444979819934,4.490963319879956,3.0,2.2274082996998903,1.7364449798199342,0.24548165993997806,0.0,1
37.72424702793856,1.0,0.0,0.0,835.3805548417506,0.2463210039912228,0.7536789960087772,0.0,13.522073976052663,3.0,0.2463210039912228,0.0,0.0,0.0,0.0,0.7536789960087772,1.0,1085.4996565428064,1.0,0.7536789960087772,81.9852840159649,2.507357992017554,2.0,0.0,0.7536789960087772,0.2463210039912228,0.0,0.0,0.0,0.0,0.0,0.0,3.0,0.2463210039912228,0.0,0.7536789960087772,4960.116354043506,8259.749557509684,7.2463210039912225,1.0,0.0,13.753678996008777,3.0,2.0,80.0,0.7536789960087772,8.507357992017555,2.753678996008777,2.0,1.7389630119736683,0.7389630119736684,0.2463210039912228,0.7389630119736684,1
30.926357230044438,1.0,0.0,0.0,641.650484628728,0.0,0.0,1.0,11.45891421596445,3.3852714460088875,0.0,0.0,0.0,0.6147285539911124,0.38527144600888763,0.0,1.0,1698.7526648546493,1.0,0.6147285539911124,54.45891421596445,2.3852714460088875,1.0,0.0,0.0,0.0,0.0,0.0,0.0,1.0,0.0,0.0,1.7705428920177753,0.0,0.38527144600888763,0.6147285539911124,2491.805478525617,3124.2519270892444,2.844185661973337,1.0,0.6147285539911124,15.0,3.0,4.0,80.0,1.844185661973337,3.229457107982225,1.844185661973337,3.0,2.0,2.0,2.0,0.7705428920177753,1
31.480000440402844,1.0,0.0,0.0,761.4400049912323,0.7200000489336493,0.27999995106635067,0.0,18.120001027606634,3.7200000489336493,0.0,1.0,0.0,0.0,0.0,0.0,1.0,1222.7200465359006,1.0,0.27999995106635067,54.279997504383886,2.2799999510663507,1.7200000489336493,0.0,0.27999995106635067,0.7200000489336493,0.0,0.0,0.0,0.0,0.0,0.0,1.7200000489336493,0.7200000489336493,0.27999995106635067,0.0,4439.960027794313,8257.6799226359,1.3999997553317534,1.0,0.7200000489336493,20.200000489336492,3.7200000489336493,3.0,80.0,0.27999995106635067,13.200000489336492,2.839999853199052,3.7200000489336493,11.36000063613744,7.040000342535546,7.200000489336493,7.760000391469195,1
33.55849397352238,0.6576602410591048,0.3423397589408952,0.0,552.458180675743,1.0,0.0,0.0,6.2612819284728385,2.6846795178817904,0.0,0.0,1.0,0.0,0.0,0.0,1.0,1646.1155541592416,1.3423397589408952,1.0,76.90083373246327,2.342339758940895,1.3423397589408952,0.0,0.0,0.3423397589408952,0.0,0.0,0.0,0.0,0.0,0.6576602410591048,1.6846795178817904,0.0,0.6576602410591048,0.3423397589408952,5196.966958814404,14864.65104346179,4.369359035763581,1.0,0.0,12.0,3.0,2.027019276822686,80.0,0.6846795178817904,8.054038553645372,2.342339758940895,3.0,4.027019276822686,2.342339758940895,1.3153204821182096,1.6576602410591048,1
26.566437868858543,1.0,0.0,0.0,1198.9058590759307,0.0,0.6757783755583141,0.3242216244416859,6.972664873325058,3.324221624441686,0.0,0.0,0.6757783755583141,0.0,0.3242216244416859,0.0,1.0,1023.6893856337459,2.351556751116628,0.6757783755583141,59.43356213114146,3.675778375558314,1.0,0.0,0.6757783755583141,0.0,0.0,0.0,0.0,0.3242216244416859,0.0,0.0,1.6484432488833718,0.0,1.0,0.0,1970.9368734879636,3324.065334083251,1.0,1.0,0.6757783755583141,19.054670253349883,3.675778375558314,3.324221624441686,80.0,1.3515567511166282,1.324221624441686,1.3515567511166282,3.0,0.6484432488833718,0.6484432488833718,0.6484432488833718,0.6484432488833718,1
29.245608395095665,0.7543916049043361,0.2456083950956639,0.0,173.3145881553764,1.0,0.0,0.0,26.754391604904335,3.245608395095664,1.0,0.0,0.0,0.0,0.0,0.0,1.0,286.92973432153065,2.245608395095664,0.0,39.17534271662629,2.754391604904336,2.754391604904336,0.0,0.0,1.0,0.0,0.0,0.0,0.0,0.0,0.0,3.2631748147130084,0.2456083950956639,0.7543916049043361,0.0,7407.391283424789,24142.342120440957,1.9824335803826556,1.0,0.0,20.280741234330353,3.754391604904336,3.754391604904336,80.0,2.2631748147130084,9.754391604904336,3.491216790191328,2.0,9.017566419617344,3.754391604904336,0.7543916049043361,7.035132839234689,1
31.45403631363713,1.0,0.0,0.0,379.14943095121924,0.11350907840928237,0.8864909215907176,0.0,21.205436451135025,3.7729818431814355,0.0,1.0,0.0,0.0,0.0,0.0,1.0,1418.0583240727763,3.6594727647721528,1.0,93.57314594203798,2.7729818431814355,2.0,0.0,0.0,0.11350907840928237,0.8864909215907176,0.0,0.0,0.0,0.0,0.0,3.1135090784092823,0.0,0.8864909215907176,0.11350907840928237,6095.1167910555405,21175.162950624064,1.5675453920464117,1.0,1.0,14.886490921590717,3.0,4.0,80.0,2.0,9.659472764772152,2.8864909215907177,2.0,9.091927372725742,2.0,5.545963686362871,6.432454607953588,1
26.898540948629233,0.7753647628426916,0.22463523715730838,0.0,1224.1401276055344,0.22463523715730838,0.7753647628426916,0.0,15.101459051370767,4.0,0.0,0.7753647628426916,0.22463523715730838,0.0,0.0,0.0,1.0,451.0573502379563,1.2246352371573084,1.0,51.514421877561944,2.775364762842692,1.0,0.0,0.7753647628426916,0.0,0.0,0.0,0.0,0.0,0.0,0.22463523715730838,1.7753647628426916,0.0,0.22463523715730838,0.7753647628426916,2296.6240193665153,14245.14421877562,1.7753647628426916,1.0,0.7753647628426916,14.12317618578654,3.0,3.775364762842692,80.0,1.0,4.1014590513707665,2.0,3.224635237157308,2.5507295256853832,1.5507295256853832,0.0,1.5507295256853832,1
28.343607898613342,0.4140980253466646,0.5859019746533354,0.0,862.5121233720113,0.5859019746533354,0.4140980253466646,0.0,13.656392101386658,4.0,0.0,0.4140980253466646,0.5859019746533354,0.0,0.0,0.0,1.0,542.8191015619472,1.5859019746533354,1.0,61.99115726494672,2.4140980253466644,1.0,0.0,0.4140980253466646,0.0,0.0,0.0,0.0,0.0,0.0,0.5859019746533354,1.4140980253466646,0.0,0.5859019746533354,0.4140980253466646,2173.793328617866,14349.911572649467,1.4140980253466646,1.0,0.4140980253466646,15.929509873266678,3.0,3.4140980253466644,80.0,1.0,2.6563921013866585,2.0,3.5859019746533356,1.8281960506933292,0.8281960506933292,0.0,0.8281960506933292,1
29.8353886871465,0.0,1.0,0.0,334.4938339385605,0.8353886871465002,0.16461131285349984,0.0,24.024664245758004,3.5061660614395005,0.8353886871465002,0.0,0.0,0.0,0.0,0.16461131285349984,1.0,483.69389302162676,3.0,0.0,57.267562011311995,2.1646113128535,2.1646113128535,0.0,0.0,0.8353886871465002,0.0,0.0,0.0,0.0,0.16461131285349984,0.0,1.4938339385604995,1.0,0.0,0.0,6837.0718951154495,22960.90938142442,4.1769434357325,1.0,0.16461131285349984,14.506166061439501,3.0,2.6707773742930003,80.0,0.0,9.0,4.341554748586001,2.1646113128535,6.329222625707,3.6584452514139993,1.1522791899744984,1.987667877120999,1
34.41474608721573,0.0,1.0,0.0,516.9262695639213,0.0,1.0,0.0,14.308756521307119,3.0,0.0,0.5691243478692881,0.4308756521307119,0.0,0.0,0.0,1.0,447.56453477202444,1.0,1.0,63.15437826065356,3.0,3.0,0.0,0.0,0.0,0.5691243478692881,0.0,0.0,0.0,0.4308756521307119,0.0,3.0,0.0,0.4308756521307119,0.5691243478692881,9951.48385392272,22717.34334346379,4.7073730436078645,1.0,0.0,11.430875652130712,3.0,1.569124347869288,80.0,1.1382486957385762,14.845621739346441,3.7073730436078645,3.0,1.0,0.0,0.0,0.0,1
25.249928906417708,0.3750355467911466,0.6249644532088534,0.0,809.2863288205518,0.3750355467911466,0.0,0.6249644532088534,10.999431251341655,2.8748933596265602,0.0,0.0,0.6249644532088534,0.0,0.3750355467911466,0.0,1.0,587.748080473278,1.6249644532088534,0.0,59.500142187164585,3.0,1.0,0.0,0.0,0.0,0.0,0.0,0.0,0.6249644532088534,0.0,0.3750355467911466,2.6249644532088534,0.3750355467911466,0.0,0.6249644532088534,2913.8913870707183,22494.4702828826,0.3750355467911466,1.0,1.0,12.875177733955733,3.0,2.0,80.0,0.6249644532088534,7.249928906417707,2.750071093582293,2.3750355467911466,6.249928906417707,5.499857812835414,1.0,1.5001421871645864,1
47.78235147373795,0.5544121315655142,0.44558786843448583,0.0,1086.4589614686333,1.0,0.0,0.0,5.9897091840896275,3.445587868434486,0.0,0.0,1.0,0.0,0.0,0.0,1.0,1946.977876976035,2.554412131565514,0.44558786843448583,77.36763605303457,3.0,2.554412131565514,0.0,0.0,1.0,0.0,0.0,0.0,0.0,0.0,0.0,2.445587868434486,0.0,0.5544121315655142,0.44558786843448583,7052.885509097391,14119.723439898014,5.891175736868972,1.0,0.0,16.989709184089627,3.554412131565514,3.445587868434486,80.0,2.554412131565514,13.108824263131028,2.445587868434486,3.0,7.108824263131028,5.217648526262057,0.0,4.326472789393085,1
34.97567126635308,0.0,1.0,0.0,661.9026850654124,0.9756712663530814,0.024328733646918566,0.0,17.732383929883895,3.9756712663530815,0.9756712663530814,0.0,0.024328733646918566,0.0,0.0,0.0,1.0,1350.0026714133494,3.927013799059244,0.024328733646918566,66.97567126635307,2.951342532706163,2.0,0.0,0.024328733646918566,0.9756712663530814,0.0,0.0,0.0,0.0,0.0,0.0,3.0,0.024328733646918566,0.9756712663530814,0.0,4649.519951124501,23278.244177807584,0.024328733646918566,1.0,1.0,18.14597240188151,3.0243287336469185,3.0243287336469185,80.0,0.9756712663530814,5.097314934587674,0.07298620094075581,2.0243287336469185,4.121643668234593,2.1216436682345927,2.927013799059244,2.0973149345876743,1
28.24452560858189,1.0,0.0,0.0,1141.105835442177,0.0,1.0,0.0,1.75547439141811,4.0,0.0,1.0,0.0,0.0,0.0,0.0,1.0,828.0621408194595,1.0,1.0,72.26277078806928,1.48905121716378,1.0,0.0,0.0,0.0,0.0,0.0,1.0,0.0,0.0,0.0,4.0,0.0,1.0,0.0,3787.5073801538406,25076.15701910308,5.97810243432756,1.0,1.0,13.24452560858189,3.0,3.51094878283622,80.0,0.7335768257456698,4.75547439141811,3.75547439141811,2.48905121716378,2.75547439141811,2.0,2.0,2.0,1
27.717011990521865,1.0,0.0,0.0,296.9991822511706,0.45518675059238345,0.5448132494076166,0.0,11.103735011847668,2.089626498815233,0.45518675059238345,0.0,0.5448132494076166,0.0,0.0,0.0,1.0,930.8281756694784,2.3655602517771506,0.45518675059238345,60.351451738744714,3.0,1.0,0.0,0.5448132494076166,0.0,0.0,0.0,0.0,0.0,0.0,0.45518675059238345,1.910373501184767,0.45518675059238345,0.0,0.5448132494076166,1892.380486513639,26710.492536869067,1.0,1.0,1.0,15.186307254146683,3.0,4.0,80.0,0.5448132494076166,0.5448132494076166,2.0,2.5448132494076168,0.5448132494076166,0.0,0.0,0.0,1
25.740320905387204,0.8259679094612796,0.17403209053872037,0.0,249.74579707016835,0.17403209053872037,0.0,0.8259679094612796,19.215486551380472,1.1740320905387205,0.17403209053872037,0.0,0.0,0.8259679094612796,0.0,0.0,1.0,1512.2968070656232,4.0,0.8259679094612796,53.64919773653199,1.0,1.0,0.0,0.0,0.0,0.0,0.0,0.0,0.8259679094612796,0.0,0.17403209053872037,3.0,0.0,0.8259679094612796,0.17403209053872037,1693.5295440688215,11701.253436479865,0.8259679094612796,1.0,0.0,11.870160452693602,3.0,3.1740320905387205,80.0,1.0,1.3480641810774407,2.1740320905387205,2.8259679094612795,1.1740320905387205,0.34806418107744075,0.17403209053872037,0.0,1
23.383543132599467,1.0,0.0,0.0,399.00135132023894,0.9041142168501333,0.09588578314986673,0.0,7.958857831498667,3.0958857831498667,0.0,0.0,1.0,0.0,0.0,0.0,1.0,1673.5219224044895,3.0958857831498667,0.9041142168501333,94.3974824088064,3.0,1.0,0.0,0.0,0.0,0.0,0.0,0.09588578314986673,0.0,0.0,0.9041142168501333,3.9041142168501333,0.09588578314986673,0.0,0.9041142168501333,2286.410408194834,25158.421982660624,1.0,1.0,1.0,20.232913734801066,3.9041142168501333,2.1917715662997335,80.0,0.9041142168501333,3.4794289157493337,2.0,3.0,3.4794289157493337,2.0,0.6712004820490671,2.4794289157493337,1
28.735784390483587,1.0,0.0,0.0,388.02312735834676,0.2058377826833102,0.0,0.7941622173166898,14.706595477067037,4.58832443463338,0.0,0.2058377826833102,0.0,0.7941622173166898,0.0,0.0,1.0,1652.6292399313547,3.79416221731669,0.7941622173166898,80.7664886926676,3.5883244346333796,1.0,0.0,0.0,0.0,0.0,0.0,0.0,0.7941622173166898,0.0,0.2058377826833102,1.4116755653666204,0.2058377826833102,0.7941622173166898,0.0,2768.2759421928213,21609.651644954603,0.2058377826833102,1.0,0.0,16.17664886926676,3.0,3.20583778268331,80.0,0.0,2.0,3.79416221731669,2.79416221731669,1.2058377826833102,0.4116755653666204,0.0,0.4116755653666204,1
24.95012977037047,0.34995674320984327,0.6500432567901567,0.0,1038.5312698098621,0.0,1.0,0.0,6.04987022962953,1.6500432567901568,0.0,1.0,0.0,0.0,0.0,0.0,1.0,1140.563837323429,3.349956743209843,0.34995674320984327,89.74978371604922,2.0,1.0,0.0,0.34995674320984327,0.0,0.0,0.0,0.6500432567901567,0.0,0.0,0.0,3.0,0.34995674320984327,0.6500432567901567,0.0,2933.9797942295754,20788.813496118528,1.0,1.0,1.0,12.95012977037047,3.0,1.0,80.0,0.6500432567901567,6.95012977037047,2.0,3.0,6.95012977037047,5.95012977037047,1.0,5.250216283950784,1
33.06352814702531,1.0,0.0,0.0,1022.7175332322774,0.0,0.9364718529746944,0.06352814702530563,23.98354964759511,3.0635281470253055,0.0,0.9364718529746944,0.0,0.0,0.06352814702530563,0.0,1.0,1130.8066047820848,1.0,0.9364718529746944,54.80941555892408,2.0635281470253055,1.0,0.0,0.0,0.0,0.0,0.0,0.9364718529746944,0.06352814702530563,0.0,0.0,2.0635281470253055,0.9364718529746944,0.06352814702530563,0.0,2340.253575073856,2998.018723614999,3.809415558924083,1.0,0.9364718529746944,19.682359264873472,3.9364718529746945,2.127056294050611,80.0,0.0,4.8094155589240835,0.0,3.0,2.0,2.0,2.0,2.0,1
31.329261109364925,0.7764203697883085,0.22357963021169147,0.0,886.7056218101225,0.7764203697883085,0.22357963021169147,0.0,6.235796302116915,3.329261109364926,0.0,0.7764203697883085,0.0,0.0,0.0,0.22357963021169147,1.0,543.6449821392114,3.7764203697883083,0.7764203697883085,43.626140771007954,1.447159260423383,3.0,0.0,0.0,0.7764203697883085,0.0,0.0,0.0,0.0,0.22357963021169147,0.0,4.0,0.22357963021169147,0.7764203697883085,0.0,9763.468792787315,25167.643505729906,0.7764203697883085,1.0,0.22357963021169147,11.223579630211692,3.0,2.552840739576617,80.0,0.0,12.882101848941543,1.7764203697883085,2.2235796302116917,12.658522218729852,7.776420369788308,8.552840739576617,7.776420369788308,1
41.192611674108676,0.7740764592635847,0.2259235407364153,0.0,1260.8456179576838,1.0,0.0,0.0,9.677770622209247,3.2259235407364155,0.7740764592635847,0.0,0.0,0.0,0.0,0.2259235407364153,1.0,1296.217376012743,1.6777706222092459,0.2259235407364153,73.92974650391565,1.4518470814728306,2.0,0.0,0.0,1.0,0.0,0.0,0.0,0.0,0.0,0.0,3.2259235407364155,1.0,0.0,0.0,5173.168491336643,9697.979275181184,6.870382296317923,1.0,0.2259235407364153,15.485158948100569,3.2259235407364155,1.7740764592635847,80.0,0.0,8.355541244418491,2.0,2.4518470814728306,5.581464785154907,4.355541244418491,2.1296177036820767,3.903694162945661,1
28.5927243583119,0.14818108957797527,0.0,0.8518189104220247,1306.431201989654,0.14818108957797527,0.8518189104220247,0.0,20.59183493970657,2.0,0.0,0.0,0.14818108957797527,0.0,0.8518189104220247,0.0,1.0,1178.6140704048398,1.8518189104220246,1.0,66.36911859603694,1.8518189104220246,2.8518189104220246,0.0,0.0,0.14818108957797527,0.0,0.0,0.0,0.0,0.8518189104220247,0.0,1.1481810895779754,1.0,0.0,0.0,8427.564175008563,12324.178333367781,1.740905447889876,1.0,0.0,12.444543268733925,3.0,1.1481810895779754,80.0,0.0,10.0,2.0,2.1481810895779754,8.518189104220248,5.962732372954173,0.8518189104220247,7.6663701937982225,1
35.448895233719966,0.8276550259688847,0.17234497403111526,0.0,356.0400571034797,0.0,1.0,0.0,8.621240207751079,3.6553100519377697,0.0,1.0,0.0,0.0,0.0,0.0,1.0,1756.4347829205099,3.827655025968885,1.0,54.55310051937769,2.827655025968885,1.8276550259688848,0.0,0.17234497403111526,0.0,0.8276550259688847,0.0,0.0,0.0,0.0,0.0,1.0,1.0,0.0,0.0,3928.2861029005976,5054.561225573295,2.034069844186692,1.0,0.0,14.31062010387554,3.0,2.172344974031115,80.0,0.0,9.65531005193777,3.6553100519377697,1.1723449740311152,8.276550259688847,2.482965077906654,0.0,6.621240207751078,1
24.648296647022296,1.0,0.0,0.0,399.32161889890017,1.0,0.0,0.0,4.296593294044591,2.6482966470222955,0.6482966470222954,0.0,0.3517033529777046,0.0,0.0,0.0,1.0,345.28453802111324,2.296593294044591,0.6482966470222954,52.68236370657639,2.3517033529777045,2.0,0.0,0.0,1.0,0.0,0.0,0.0,0.0,0.0,0.0,3.0,1.0,0.0,0.0,5333.562187075018,26194.39691062647,3.813626823821637,1.0,0.6482966470222954,12.055110058933113,3.0,2.944889941066886,80.0,0.0,5.296593294044591,1.7034067059554092,3.0,4.593186588089182,3.296593294044591,0.7034067059554092,1.944889941066886,1
22.385866598136605,1.0,0.0,0.0,914.3486570982088,0.0,1.0,0.0,14.711348041545829,3.5301925773636897,0.0,0.7349037113181551,0.0,0.0,0.26509628868184487,0.0,1.0,896.4415738044879,3.734903711318155,0.0,90.8424002055902,2.0,1.0,0.0,0.0,0.0,0.0,0.0,1.0,0.0,0.0,0.0,1.2650962886818449,0.7349037113181551,0.26509628868184487,0.0,2585.6848004111803,18281.627407217045,2.0603851547273795,1.0,0.7349037113181551,15.265096288681844,3.0,1.2650962886818449,80.0,0.0,2.3254814434092244,2.0,3.265096288681845,1.2650962886818449,0.5301925773636897,0.26509628868184487,0.26509628868184487,1
27.872611527738236,0.12738847226176264,0.8726115277382374,0.0,1486.318476108106,1.0,0.0,0.0,1.1273884722617626,2.7452230554764747,0.12738847226176264,0.0,0.0,0.0,0.8726115277382374,0.0,1.0,1381.6688412176163,1.2547769445235253,1.0,91.10828069416766,3.0,1.0,0.0,0.0,0.0,0.0,0.0,0.0,0.0,0.0,1.0,2.7452230554764747,0.0,0.8726115277382374,0.12738847226176264,2925.8152783385526,15823.305694884795,2.6178345832147123,1.0,0.0,14.490446110952949,3.0,3.7452230554764747,80.0,1.0,5.0,3.0,3.872611527738237,3.127388472261763,2.127388472261763,0.8726115277382374,2.0,1
45.927616618600865,0.9879361031001443,0.0,0.012063896899855653,390.29441438364097,1.0,0.0,0.0,9.180958453497835,3.0,0.9879361031001443,0.0,0.012063896899855653,0.0,0.0,0.0,1.0,1451.317904560168,1.0120638968998557,0.9879361031001443,52.57906705119307,3.0120638968998557,3.0120638968998557,0.0,0.0,1.0,0.0,0.0,0.0,0.0,0.0,0.0,3.9758722062002887,0.012063896899855653,0.0,0.9879361031001443,10133.373952595754,15999.089328136342,4.0,1.0,0.012063896899855653,11.060319484499278,3.0,1.036191690699567,80.0,0.9879361031001443,27.927616618600865,1.0120638968998557,3.9758722062002887,6.927616618600866,6.91555272170101,3.9517444124005774,2.963808309300433,1
19.164656899119734,1.0,0.0,0.0,665.3238538658578,0.8353431008802664,0.16465689911973358,0.0,20.024117210563197,1.0,0.8353431008802664,0.16465689911973358,0.0,0.0,0.0,0.0,1.0,254.92678412993774,4.0,1.0,47.0361758158448,3.0,1.0,0.0,0.0,0.0,0.0,0.0,0.16465689911973358,0.0,0.0,0.8353431008802664,3.0,1.0,0.0,0.0,1565.3385051862574,26849.473584942432,1.0,1.0,1.0,17.68274480704213,3.0,4.0,80.0,0.0,0.16465689911973358,2.4939706973592006,2.1646568991197337,0.16465689911973358,0.0,0.16465689911973358,0.16465689911973358,1
40.39634962963422,0.1006083950609632,0.8993916049390368,0.0,249.745507159682,1.0,0.0,0.0,4.0,3.0,0.8993916049390368,0.0,0.0,0.0,0.1006083950609632,0.0,1.0,549.5723377773095,1.3018251851828895,1.0,59.01825185182889,3.0,2.1006083950609633,0.0,0.0,1.0,0.0,0.0,0.0,0.0,0.0,0.0,1.8993916049390367,1.0,0.0,0.0,9377.838105678838,9635.971506172247,0.8993916049390368,1.0,0.1006083950609632,18.40243358024385,3.1006083950609633,2.7987832098780734,80.0,0.0,8.100608395060963,4.6981748148171105,3.0,8.0,7.0,6.6981748148171105,7.0,1
33.705189890156106,0.0,0.4863206739895929,0.5136793260104071,896.7599071941977,0.0,1.0,0.0,5.0,2.0,0.0,0.4863206739895929,0.5136793260104071,0.0,0.0,0.0,1.0,1033.9519160157674,1.9726413479791858,0.5136793260104071,91.59575528207284,2.0,1.0,0.0,0.0,0.0,0.0,0.0,1.0,0.0,0.0,0.0,1.9726413479791858,0.0,0.4863206739895929,0.5136793260104071,2232.9570545633046,20587.224007763703,3.5683966300520353,1.0,0.4863206739895929,15.541037978031222,3.0,1.0,80.0,1.0,6.4589620219687784,2.0,1.9726413479791858,4.40424471792715,3.40424471792715,0.4863206739895929,3.40424471792715,1
19.114384832286273,0.8856151677137261,0.11438483228627394,0.0,521.0277530401567,0.11438483228627394,0.0,0.8856151677137261,2.8006938260039176,2.114384832286274,0.11438483228627394,0.0,0.0,0.0,0.8856151677137261,0.0,1.0,624.450649298286,1.3431544968588218,0.8856151677137261,52.228769664572546,2.114384832286274,1.0,0.0,0.0,0.0,0.0,0.0,0.0,0.8856151677137261,0.0,0.11438483228627394,4.0,1.0,0.0,0.0,2536.4332554190078,18296.077886623312,1.0,1.0,0.11438483228627394,12.228769664572548,3.0,2.885615167713726,80.0,0.0,1.114384832286274,3.0,3.885615167713726,1.114384832286274,0.22876966457254788,0.0,0.22876966457254788,1
50.8958128925435,1.0,0.0,0.0,993.1937630847835,0.9474196615496907,0.052580338450309294,0.0,5.893865753655258,3.0525803384503094,0.0,0.052580338450309294,0.9474196615496907,0.0,0.0,0.0,1.0,1322.6806236915218,2.105160676900619,1.0,65.78773150731051,3.0,2.9474196615496906,0.0,0.0,0.9474196615496907,0.052580338450309294,0.0,0.0,0.0,0.0,0.0,2.0525803384503094,0.9474196615496907,0.052580338450309294,0.0,8326.800372733149,21508.9191785592,8.579357292397525,1.0,1.0,18.789678646198762,3.0,3.0525803384503094,80.0,0.10516067690061859,10.0,2.0525803384503094,2.0,8.105160676900619,6.737098307748454,6.947419661549691,7.0,1
20.00825369155515,0.6694178971850506,0.3305821028149494,0.0,1072.84013877619,0.3305821028149494,0.6694178971850506,0.0,7.685925280295354,2.669417897185051,0.0,0.3305821028149494,0.6694178971850506,0.0,0.0,0.0,1.0,1259.1672460341474,2.669417897185051,0.0,47.239791495708275,2.330582102814949,1.0,0.0,0.6694178971850506,0.0,0.0,0.0,0.0,0.0,0.0,0.3305821028149494,1.9917463084448481,1.0,0.0,0.0,1466.5790617306873,17642.13640347097,1.0,1.0,0.3305821028149494,12.66941789718505,3.0,1.6611642056298987,80.0,0.0,0.6694178971850506,4.6776715887402025,2.6611642056298987,0.6694178971850506,0.0,0.6694178971850506,0.0,1
23.03570437117108,0.9203304329868399,0.07966956701316008,0.0,637.9530961244611,0.07966956701316008,0.9203304329868399,0.0,3.7170261031184406,1.2390087010394804,0.0,0.0,0.9203304329868399,0.0,0.0,0.07966956701316008,1.0,985.0351491567516,2.15933913402632,0.07966956701316008,34.15933913402632,3.0,2.0,0.0,0.0,0.07966956701316008,0.9203304329868399,0.0,0.0,0.0,0.0,0.0,3.07966956701316,0.07966956701316008,0.9203304329868399,0.0,4203.664522475396,10053.230470269158,0.23900870103948035,1.0,1.0,19.3983478350658,3.07966956701316,1.0,80.0,0.9203304329868399,4.717026103118441,2.92033043298684,4.0,3.6373565361052806,2.5576869690921207,0.4780174020789607,2.3983478350658007,1
25.685491010824684,1.0,0.0,0.0,1317.7865675870253,0.0,1.0,0.0,20.47581835137447,3.0,0.0,1.0,0.0,0.0,0.0,0.0,1.0,1102.2299469975078,1.1572544945876588,0.9475818351374471,40.197508056615725,2.947581835137447,1.0,0.0,0.9475818351374471,0.0,0.0,0.0,0.05241816486255291,0.0,0.0,0.0,2.8951636702748944,0.05241816486255291,0.0,0.9475818351374471,2388.6892507643493,19315.444854980917,1.0,1.0,0.05241816486255291,19.737909175687236,3.947581835137447,2.8951636702748944,80.0,0.9475818351374471,1.0,0.10483632972510581,2.052418164862553,1.0,0.9475818351374471,0.0,0.0,1
32.364655463076545,1.0,0.0,0.0,272.7063947408616,0.8411638657691359,0.15883613423086407,0.0,13.617457986537039,3.158836134230864,0.8411638657691359,0.15883613423086407,0.0,0.0,0.0,0.0,1.0,1010.8740501508838,1.0,0.15883613423086407,63.758407570381486,3.0,1.8411638657691358,0.0,0.0,0.8411638657691359,0.0,0.0,0.15883613423086407,0.0,0.0,0.0,1.476508402692592,0.8411638657691359,0.15883613423086407,0.0,5238.704995918026,26446.165760589578,5.635344536923457,1.0,0.15883613423086407,14.841163865769136,3.0,2.841163865769136,80.0,0.4765084026925921,5.682327731538272,3.0,3.158836134230864,2.841163865769136,2.0,0.31767226846172814,2.0,1
36.826417130589185,1.0,0.0,0.0,648.0724707491848,0.15867914347054068,0.8413208565294593,0.0,7.889245995706215,3.8413208565294594,0.0,0.15867914347054068,0.8413208565294593,0.0,0.0,0.0,1.0,1436.8883641960292,3.8413208565294594,0.8413208565294593,80.12887169158999,2.8413208565294594,1.0,0.0,0.8413208565294593,0.0,0.0,0.0,0.0,0.0,0.0,0.15867914347054068,1.3173582869410814,1.0,0.0,0.0,2022.125657730234,21866.06809070699,2.682641713058919,1.0,0.0,13.841320856529459,3.0,2.317358286941081,80.0,0.0,12.937171134882972,3.0,1.1586791434705406,4.523962569588378,3.682641713058919,0.8413208565294593,0.31735828694108137,1
22.77930853999971,0.0,0.41992317111107913,0.5800768288889209,413.716518211118,0.0,1.0,0.0,6.640614631111367,2.580076828888921,0.0,1.0,0.0,0.0,0.0,0.0,1.0,1355.5003318044362,1.8398463422221583,0.41992317111107913,71.64445607555741,2.0,1.0,0.0,0.41992317111107913,0.0,0.0,0.0,0.5800768288889209,0.0,0.0,0.0,1.5800768288889209,1.0,0.0,0.0,2153.7860661199775,5815.000925308914,3.519539026666475,1.0,0.5800768288889209,19.12107560444489,3.580076828888921,2.419923171111079,80.0,0.0,3.939462197777554,2.0,3.1601536577778417,0.5800768288889209,0.5800768288889209,0.0,0.0,1
36.55259913819823,0.7537570812998738,0.24624291870012616,0.0,727.9572558457266,0.0,1.0,0.0,8.015028325199495,3.5075141625997475,0.0,0.24624291870012616,0.7537570812998738,0.0,0.0,0.0,1.0,1365.0773577717134,3.7537570812998737,0.7537570812998738,86.49248583740025,2.7537570812998737,1.0,0.0,0.7537570812998738,0.0,0.0,0.0,0.24624291870012616,0.0,0.0,0.0,1.4924858374002523,0.7537570812998738,0.24624291870012616,0.0,2103.692535707644,21601.255356852784,2.5075141625997475,1.0,0.24624291870012616,14.0,3.0,1.7537570812998737,80.0,0.24624291870012616,13.276299569099116,2.7537570812998737,1.4924858374002523,5.738728756100379,4.738728756100379,1.0,1.723700430900883,1
33.74115247798798,1.0,0.0,0.0,665.7497936923942,0.0,1.0,0.0,12.535802703259616,3.0,0.0,0.20534977472836524,0.0,0.0,0.0,0.7946502252716348,1.0,946.4502157896203,1.0,1.0,83.05349774728366,3.0,1.7946502252716348,0.0,1.0,0.0,0.0,0.0,0.0,0.0,0.0,0.0,2.5893004505432695,0.0,0.20534977472836524,0.7946502252716348,4669.104130893123,8173.827953532225,6.58930045054327,1.0,0.0,13.794650225271635,3.0,2.205349774728365,80.0,1.0,8.383950675814905,3.4106995494567305,2.205349774728365,1.2053497747283652,0.4106995494567305,0.0,0.4106995494567305,1
38.902736051438445,0.3151741498893502,0.6848258501106498,0.0,850.4940326847303,0.3151741498893502,0.6848258501106498,0.0,14.4786068008852,3.0,0.0,0.3151741498893502,0.0,0.0,0.6848258501106498,0.0,1.0,1801.3539823379392,2.68482585011065,1.0,54.07388164435686,2.31517414988935,1.0,0.0,0.0,0.0,0.0,0.0,0.6848258501106498,0.0,0.0,0.3151741498893502,3.31517414988935,0.3151741498893502,0.6848258501106498,0.0,2009.6238527500411,15723.155232752199,6.478606800885198,1.0,0.6848258501106498,15.05447755033195,3.0,3.68482585011065,80.0,0.6848258501106498,4.424129250553249,3.68482585011065,2.68482585011065,1.0,0.0,0.0,0.0,1
27.027776664560466,1.0,0.0,0.0,1368.0277365887373,0.0,1.0,0.0,18.944446670879067,3.0,0.0,0.48611166771976655,0.0,0.0,0.5138883322802335,0.0,1.0,1545.346747435039,2.027776664560467,1.0,34.430558338598836,2.4861116677197668,1.0,0.0,1.0,0.0,0.0,0.0,0.0,0.0,0.0,0.0,3.5138883322802332,0.0,0.0,1.0,2371.8611166771975,19067.750330625542,3.055553329120934,1.0,0.0,15.888893341758132,3.4861116677197668,1.972223335439533,80.0,1.0,3.569441661401167,1.027776664560467,2.0,2.5416649968407006,1.0,0.0,1.5416649968407004,1
37.472921834443994,1.0,0.0,0.0,879.0613280496534,1.0,0.0,0.0,8.472921834443992,3.3249096449758255,0.0,0.0,1.0,0.0,0.0,0.0,1.0,1693.9133158601853,1.6750903550241742,1.0,64.64981928995165,2.3249096449758255,2.3249096449758255,0.0,0.0,1.0,0.0,0.0,0.0,0.0,0.0,0.0,1.0,0.32490964497582575,0.6750903550241742,0.0,9952.483679412257,5491.953015387429,2.6245482248791285,1.0,0.32490964497582575,11.649819289951651,3.0,3.3501807100483485,80.0,0.6750903550241742,11.62454822487913,3.3501807100483485,2.6750903550241745,7.400722840193394,6.050542130145045,4.700361420096697,5.3754517751208715,1
29.198284301321426,1.0,0.0,0.0,979.9748473548527,0.8997855376651783,0.10021446233482167,0.0,8.899785537665178,2.7995710753303564,0.0,1.0,0.0,0.0,0.0,0.0,1.0,1866.6800550028615,2.100214462334822,0.8997855376651783,87.99785537665178,3.0,1.0,0.0,0.10021446233482167,0.0,0.0,0.0,0.0,0.0,0.0,0.8997855376651783,3.699356612995535,0.8997855376651783,0.10021446233482167,0.0,1212.98244689496,16016.995710753303,1.0,1.0,0.10021446233482167,13.400857849339287,3.0,3.0,80.0,0.0,1.0,3.300643387004465,2.100214462334822,1.0,0.0,0.0,0.0,1
28.179053483966516,0.4552366290083707,0.5447633709916293,0.0,903.6918656373791,0.5447633709916293,0.4552366290083707,0.0,13.820946516033484,4.0,0.0,0.4552366290083707,0.5447633709916293,0.0,0.0,0.0,1.0,532.3698962318738,1.5447633709916293,1.0,60.79813775875725,2.455236629008371,1.0,0.0,0.4552366290083707,0.0,0.0,0.0,0.0,0.0,0.0,0.5447633709916293,1.4552366290083707,0.0,0.5447633709916293,0.4552366290083707,2187.780453862846,14337.981377587572,1.4552366290083707,1.0,0.4552366290083707,15.723816854958146,3.0,3.455236629008371,80.0,1.0,2.820946516033483,2.0,3.544763370991629,1.9104732580167414,0.9104732580167414,0.0,0.9104732580167414,1
29.347025153066898,0.0,1.0,0.0,335.95892454079933,0.34702515306689696,0.652974846933103,0.0,18.164301836802764,2.041075459200691,0.34702515306689696,0.0,0.0,0.0,0.0,0.652974846933103,1.0,1031.6377782589416,3.0,0.0,72.8951951018593,2.652974846933103,2.652974846933103,0.0,0.0,0.34702515306689696,0.0,0.0,0.0,0.0,0.652974846933103,0.0,2.958924540799309,1.0,0.0,0.0,7255.599443821669,22942.839930663475,1.7351257653344847,1.0,0.652974846933103,13.041075459200691,3.0,1.694050306133794,80.0,0.0,9.0,2.388100612267588,2.652974846933103,7.305949693866206,5.611899387732413,4.570823928531722,4.917849081598618,1
32.56438322460184,0.6089041938495405,0.39109580615045947,0.0,1175.318534017027,1.0,0.0,0.0,12.60890419384954,4.0,0.0,0.6089041938495405,0.0,0.0,0.0,0.39109580615045947,1.0,1047.7444348550173,2.782191612300919,1.0,42.089041938495406,3.0,2.0,0.0,0.0,1.0,0.0,0.0,0.0,0.0,0.0,0.0,2.1732874184513786,0.39109580615045947,0.0,0.6089041938495405,4369.10134054036,11082.576804846796,2.3910958061504592,1.0,0.39109580615045947,19.737670643053217,3.3910958061504592,2.217808387699081,80.0,0.0,10.564383224601837,2.0,2.1732874184513786,6.128766449203676,4.128766449203676,2.955479030752297,3.955479030752297,1
29.44745629102647,0.6894912582052938,0.0,0.3105087417947062,253.9681398687153,1.0,0.0,0.0,13.141701061278244,3.3789825164105878,0.0,0.3105087417947062,0.6894912582052938,0.0,0.0,0.0,1.0,434.38464032857325,2.0,1.0,76.93152622538412,1.0,2.0,0.0,0.0,1.0,0.0,0.0,0.0,0.0,0.0,0.0,2.3789825164105878,0.3105087417947062,0.6894912582052938,0.0,5798.457983620969,21072.486388687514,5.2420349671788244,1.0,0.6894912582052938,18.0,3.0,2.6210174835894122,80.0,0.0,10.44745629102647,3.9315262253841188,2.310508741794706,5.447456291026469,5.447456291026469,5.447456291026469,5.447456291026469,1
23.871952049195173,0.6128047950804828,0.3871952049195172,0.0,876.8444082358449,0.0,1.0,0.0,8.064023975402414,1.7743904098390344,0.0,1.0,0.0,0.0,0.0,0.0,1.0,823.3536847545674,3.225609590160966,0.6128047950804828,42.84146573774648,3.0,1.0,0.0,0.3871952049195172,0.0,0.0,0.0,0.6128047950804828,0.0,0.0,0.0,2.612804795080483,1.0,0.0,0.0,1556.106824551278,26505.713308932536,0.6128047950804828,1.0,0.6128047950804828,13.323171229517104,3.0,2.8384143852414483,80.0,0.0,2.1615856147585517,4.225609590160966,3.0,1.7743904098390344,0.7743904098390344,1.0,1.387195204919517,1
24.776561661689097,1.0,0.0,0.0,297.31099869669595,0.5558595845777259,0.4441404154222741,0.0,11.441404154222742,3.4441404154222743,0.0,0.0,1.0,0.0,0.0,0.0,1.0,1570.0902966195845,3.4441404154222743,0.5558595845777259,77.68126005973085,3.0,1.0,0.0,0.0,0.0,0.0,0.0,0.4441404154222741,0.0,0.0,0.5558595845777259,3.5558595845777257,0.4441404154222741,0.0,0.5558595845777259,2327.8527094352507,25359.713160114075,1.0,1.0,1.0,17.446876676621805,3.5558595845777257,2.8882808308445482,80.0,0.5558595845777259,5.220702077111371,2.0,3.0,5.220702077111371,2.0,3.1089829079559186,4.220702077111371,1
32.15558186156747,0.0,1.0,0.0,246.04782538471744,0.0,1.0,0.0,5.169725667164515,2.014143805597043,0.0,0.0,0.985856194402957,0.0,0.01414380559704298,0.0,1.0,1936.5672654373086,1.028287611194086,0.01414380559704298,46.87270574962661,3.971712388805914,1.0,0.0,0.0,0.0,0.0,0.0,1.0,0.0,0.0,0.0,3.0,0.985856194402957,0.01414380559704298,0.0,2432.0707190279854,15321.804683705604,3.0848628335822577,1.0,1.0,14.028287611194086,3.0,1.0424314167911288,80.0,0.01414380559704298,7.971712388805914,2.028287611194086,3.0,3.957568583208871,0.985856194402957,0.0,2.957568583208871,1
44.23823497611739,0.15235300477652247,0.8476469952234775,0.0,346.98295828488455,1.0,0.0,0.0,25.390587980893912,3.695293990446955,0.15235300477652247,0.0,0.8476469952234775,0.0,0.0,0.0,1.0,654.7482230829077,1.304706009553045,0.15235300477652247,95.12470384715128,2.8476469952234775,2.0,0.0,0.0,1.0,0.0,0.0,0.0,0.0,0.0,0.0,1.304706009553045,0.0,1.0,0.0,4605.027192002038,5703.129442292731,2.0,1.0,0.15235300477652247,13.695293990446956,3.0,3.5429409856704326,80.0,2.0,5.457059014329568,4.304706009553045,3.0,1.761765023882612,1.4570590143295674,0.15235300477652247,0.0,1
27.546560968597657,1.0,0.0,0.0,1363.7042202344412,0.921919861628906,0.07808013837109395,0.0,2.312320553484376,1.0,0.921919861628906,0.07808013837109395,0.0,0.0,0.0,0.0,1.0,617.3410319959843,2.921919861628906,1.0,84.84383972325782,3.0,1.0,0.0,0.0,0.0,0.0,0.0,0.07808013837109395,0.0,0.0,0.921919861628906,1.0,0.07808013837109395,0.0,0.921919861628906,3034.6755087919414,16405.028584608546,0.1561602767421879,1.0,0.0,11.0,3.0,2.078080138371094,80.0,0.921919861628906,5.234240415113282,2.921919861628906,3.0,4.0,2.921919861628906,0.07808013837109395,2.078080138371094,1
33.20211876183481,1.0,0.0,0.0,531.9722608957734,1.0,0.0,0.0,10.954767214128328,2.8989406190825937,0.0,0.550529690458703,0.44947030954129696,0.0,0.0,0.0,1.0,978.885001259798,1.4494703095412969,1.0,66.64099526220205,1.0,2.0,0.0,0.0,1.0,0.0,0.0,0.0,0.0,0.0,0.0,3.550529690458703,0.0,0.44947030954129696,0.550529690458703,5769.012266584229,21487.16984933338,5.101059380917406,1.0,1.0,15.797881238165187,3.0,3.1010593809174063,80.0,1.101059380917406,9.247351547706485,2.449470309541297,2.0,4.247351547706485,4.247351547706485,4.247351547706485,4.247351547706485,1
42.42332426289228,1.0,0.0,0.0,1080.708910426707,0.26802111678461615,0.7319788832153838,0.0,8.556358985338473,3.7319788832153837,0.0,0.0,0.7319788832153838,0.0,0.0,0.26802111678461615,1.0,1048.3014237522768,1.8040633503538483,1.0,34.80406335035385,2.7319788832153837,1.0,0.0,0.0,0.0,0.0,0.0,0.7319788832153838,0.0,0.0,0.26802111678461615,2.7319788832153837,0.26802111678461615,0.7319788832153838,0.0,2369.8728202932307,10228.811870037924,6.855831065723071,1.0,1.0,12.268021116784617,3.0,2.7319788832153837,80.0,2.1959366496461517,13.443641014661527,2.2680211167846163,4.0,7.587809948938455,0.0,1.4639577664307677,5.123852182507687,1
26.29282999357763,1.0,0.0,0.0,1139.1184951509258,0.990239000214079,0.009760999785921043,0.0,8.058565998715526,3.009760999785921,0.0,0.0,0.009760999785921043,0.0,0.990239000214079,0.0,1.0,789.8017651359402,3.9804780004281577,0.990239000214079,38.33187399272131,2.009760999785921,1.9902390002140788,0.0,0.0,0.990239000214079,0.0,0.0,0.009760999785921043,0.0,0.0,0.0,1.0097609997859212,0.990239000214079,0.009760999785921043,0.0,5322.456757077711,3078.114405690442,6.029282999357763,1.0,0.009760999785921043,17.00976099978592,3.0,2.9804780004281577,80.0,0.029282999357763018,6.009760999785921,2.0,2.009760999785921,4.009760999785921,3.009760999785921,1.029282999357763,2.009760999785921,1
29.91597015003209,0.3831940300064184,0.6168059699935816,0.0,847.2921193372914,0.0,1.0,0.0,4.448746270057765,2.2336119399871635,0.0,1.0,0.0,0.0,0.0,0.0,1.0,909.0567461866175,1.0,1.0,42.31764178995507,1.6168059699935817,1.0,0.0,1.0,0.0,0.0,0.0,0.0,0.0,0.0,0.0,2.7663880600128365,0.0,0.0,1.0,2907.153552365212,6985.64671634708,3.2991641800385105,1.0,0.0,14.233611939987163,3.0,1.0,80.0,2.3831940300064183,3.682358210044929,2.0,3.0,2.1495820900192553,1.1495820900192553,0.3831940300064184,1.1495820900192553,1
43.71117552006696,0.0,1.0,0.0,581.7860224476847,1.0,0.0,0.0,6.693655394290497,2.0,0.30634460570950306,0.6936553942904969,0.0,0.0,0.0,0.0,1.0,1342.9925279140045,4.0,0.0,76.0066344460108,2.3873107885809937,1.0,0.0,0.0,0.0,0.0,0.0,0.0,0.0,0.0,1.0,3.0,0.0,0.6936553942904969,0.30634460570950306,2561.871239864311,11897.154782728976,1.3873107885809939,1.0,0.6936553942904969,12.531723028547516,3.0,3.306344605709503,80.0,1.6936553942904968,14.098486308647951,3.0,2.693655394290497,6.855587760033479,5.468276971452484,5.161932365742982,4.855587760033479,1
38.65933566143097,0.0,1.0,0.0,699.1034864412842,0.0,1.0,0.0,19.170332169284514,2.6899525472450696,0.0,0.0,0.3100474527549305,0.0,0.6899525472450695,0.0,1.0,1798.314792728248,3.3100474527549304,1.0,48.85166084642257,2.0,1.0,0.0,0.0,0.0,0.0,0.0,1.0,0.0,0.0,0.0,3.3100474527549304,0.3100474527549305,0.6899525472450695,0.0,2437.62009490551,15328.420424402388,6.519620377960556,1.0,1.0,18.480379622039443,3.3100474527549304,3.379905094490139,80.0,0.6899525472450695,4.449762736225347,3.6899525472450696,2.6899525472450696,1.0,0.0,0.3100474527549305,0.0,1
28.43430906465917,0.43430906465916996,0.56569093534083,0.0,668.0673842425515,0.0,1.0,0.0,1.0,3.43430906465917,0.0,0.56569093534083,0.0,0.0,0.43430906465916996,0.0,1.0,1289.501025574919,1.0,1.0,68.88699855625435,2.0,1.0,0.0,0.56569093534083,0.0,0.0,0.0,0.43430906465916996,0.0,0.0,0.0,1.5656909353408301,0.43430906465916996,0.0,0.56569093534083,2494.3716788697543,7337.198098380942,3.1715453232958497,1.0,0.0,14.13138187068166,3.0,1.86861812931834,80.0,1.13138187068166,5.343090646591699,2.0,2.1313818706816603,4.47447251727336,3.04016345261419,0.0,3.04016345261419,1
34.39831631466684,1.0,0.0,0.0,922.6393327840594,1.0,0.0,0.0,21.809260269332352,4.1991581573334225,0.19915815733342257,0.8008418426665774,0.0,0.0,0.0,0.0,1.0,1537.594590389355,1.1991581573334225,0.19915815733342257,51.152856810671665,2.0,2.0,0.0,0.0,1.0,0.0,0.0,0.0,0.0,0.0,0.0,1.8008418426665775,0.8008418426665774,0.0,0.19915815733342257,4904.7077715068035,7982.890326632075,0.9957907866671128,1.0,1.0,21.008418426665774,3.8008418426665775,2.8008418426665775,80.0,0.5974744720002677,16.0,2.1991581573334225,3.8008418426665775,12.410943954665507,7.605892898666042,8.40673474133262,8.40673474133262,1
49.46527001419827,0.0,1.0,0.0,565.2083799148104,0.9665793758873915,0.03342062411260849,0.0,7.966579375887392,2.0334206241126083,0.0,0.0,0.03342062411260849,0.0,0.9665793758873915,0.0,1.0,703.7497205111375,1.9665793758873915,1.0,50.53472998580173,2.933158751774783,2.0,0.0,0.03342062411260849,0.9665793758873915,0.0,0.0,0.0,0.0,0.0,0.0,3.0,0.03342062411260849,0.9665793758873915,0.0,6771.870309390697,23433.117347376377,2.933158751774783,1.0,1.0,14.334206241126084,3.0334206241126083,1.1002618723378257,80.0,0.9665793758873915,17.699214382986526,3.9665793758873917,3.0,4.167103120563042,3.133682496450434,0.9665793758873915,3.1002618723378257,1
34.17201882884168,0.06369085931987073,0.9363091406801293,0.0,863.249303998874,0.9363091406801293,0.06369085931987073,0.0,11.426782266121164,3.8089274220403877,0.0,0.0,0.06369085931987073,0.0,0.0,0.9363091406801293,1.0,1619.8050732439758,3.8726182813602588,0.9363091406801293,35.87261828136026,3.0,2.0,0.0,0.0,0.9363091406801293,0.06369085931987073,0.0,0.0,0.0,0.0,0.0,3.9363091406801294,0.9363091406801293,0.06369085931987073,0.0,4554.886747678853,10389.03318314661,2.8089274220403877,1.0,1.0,23.681545703400648,3.9363091406801294,1.0,80.0,0.06369085931987073,12.426782266121164,2.0636908593198706,4.0,10.490473125441035,8.554163984760905,5.617854844080775,6.681545703400646,1
30.940597551292186,1.0,0.0,0.0,619.4644962603525,0.48514938782304673,0.5148506121769533,0.0,8.277240817345701,3.514850612176953,0.48514938782304673,0.5148506121769533,0.0,0.0,0.0,0.0,1.0,1440.9395395097595,1.0,0.5148506121769533,52.00992979816054,3.0,1.4851493878230468,0.0,0.0,0.48514938782304673,0.0,0.0,0.5148506121769533,0.0,0.0,0.0,2.54455183653086,0.48514938782304673,0.5148506121769533,0.0,5047.525221260976,26309.812215536225,7.059402448707813,1.0,0.5148506121769533,14.485149387823046,3.0,2.485149387823047,80.0,1.54455183653086,4.970298775646094,3.0,3.514850612176953,2.485149387823047,2.0,1.0297012243539065,2.0,1
46.143924384613854,1.0,0.0,0.0,1230.9552940174535,0.0,1.0,0.0,5.324384258741675,3.7792692902097205,0.0,0.0,1.0,0.0,0.0,0.0,1.0,1061.7964282482458,1.662192129370838,0.7792692902097207,46.8023811678362,2.7792692902097205,1.0,0.0,0.0,0.0,0.0,0.0,1.0,0.0,0.0,0.0,2.5585385804194414,0.2207307097902793,0.7792692902097207,0.0,2448.4183495419543,10585.17812412945,8.337807870629161,1.0,1.0,13.765845678322234,3.2207307097902795,3.0,80.0,2.3378078706291623,14.68903935314581,2.6621921293708377,3.7792692902097205,7.792692902097206,0.0,1.5585385804194414,5.454885031468045,1
25.881922396683436,1.0,0.0,0.0,532.0448850395004,0.7060258677721886,0.29397413222781144,0.0,6.94218107440532,2.5879482644556226,0.0,0.29397413222781144,0.7060258677721886,0.0,0.0,0.0,1.0,1259.3818052088072,1.5879482644556229,1.0,61.53256909098815,2.2939741322278113,1.0,0.0,0.0,0.0,0.0,0.0,0.29397413222781144,0.0,0.0,0.7060258677721886,1.5879482644556229,0.29397413222781144,0.7060258677721886,0.0,4394.7084656198995,15532.41716561555,3.8819223966834344,1.0,0.0,13.469870661139057,3.0,1.8819223966834344,80.0,0.0,5.706025867772189,2.2939741322278113,2.7060258677721887,2.7060258677721887,2.0,2.0,1.7060258677721887,1
31.25643715511249,0.0,0.8285273221945306,0.17147267780546938,287.597838787532,0.8285273221945306,0.17147267780546938,0.0,6.342945355610938,1.8285273221945306,0.8285273221945306,0.17147267780546938,0.0,0.0,0.0,0.0,1.0,658.0550793610871,3.828527322194531,0.17147267780546938,41.05921585685706,1.3429453556109388,1.0,0.0,0.17147267780546938,0.0,0.0,0.0,0.0,0.0,0.0,0.8285273221945306,3.0,0.17147267780546938,0.0,0.8285273221945306,2274.3517130209552,12476.428899180526,0.17147267780546938,1.0,0.0,15.314109288778123,3.0,4.0,80.0,0.8285273221945306,2.4855819665835917,2.4855819665835917,2.171472677805469,1.6570546443890612,1.6570546443890612,0.8285273221945306,0.0,1
32.46906225193167,1.0,0.0,0.0,437.77449937321967,1.0,0.0,0.0,9.305390066846257,3.265468874034165,0.0,0.36726556298291757,0.6327344370170824,0.0,0.0,0.0,1.0,707.2875643406838,1.6327344370170824,1.0,69.75648542929041,1.0,2.0,0.0,0.0,1.0,0.0,0.0,0.0,0.0,0.0,0.0,3.367265562982918,0.0,0.6327344370170824,0.36726556298291757,5903.161607896504,21238.113900093784,4.734531125965836,1.0,1.0,16.53093774806833,3.0,2.734531125965835,80.0,0.7345311259658351,10.163672185085412,2.632734437017082,2.0,5.163672185085412,5.163672185085412,5.163672185085412,5.163672185085412,1
31.9170102033035,1.0,0.0,0.0,775.6730594353869,1.0,0.0,0.0,2.9170102033035015,3.083348269708848,0.0,0.0,1.0,0.0,0.0,0.0,1.0,1595.8393975017923,1.916651730291152,1.0,64.1666965394177,2.083348269708848,2.083348269708848,0.0,0.0,1.0,0.0,0.0,0.0,0.0,0.0,0.0,1.0,0.0833482697088479,0.9166517302911521,0.0,9775.177629966294,5366.341100248601,1.4167413485442395,1.0,0.0833482697088479,11.166696539417696,3.0,3.833303460582304,80.0,0.9166517302911521,10.416741348544239,3.833303460582304,2.916651730291152,9.333213842329217,7.499910381746913,5.666606921164608,6.58325865145576,1
44.78523602048794,0.8036909948780148,0.19630900512198524,0.0,1020.6357970075477,0.19630900512198524,0.8036909948780148,0.0,9.411072984634044,3.6073819897560293,0.0,0.19630900512198524,0.8036909948780148,0.0,0.0,0.0,1.0,1296.3877215148948,3.1963090051219853,0.8036909948780148,95.80369099487801,3.0,1.0,0.0,0.0,0.0,0.0,0.0,0.8036909948780148,0.0,0.0,0.19630900512198524,3.0,0.8036909948780148,0.19630900512198524,0.0,2880.837169560722,11005.426430681495,1.1963090051219853,1.0,1.0,11.0,3.0,3.0,80.0,0.39261801024397047,8.552017066585808,3.8036909948780147,3.0,6.588927015365956,4.588927015365956,1.3741630358538965,2.9815450256099263,1
56.32448092318218,1.0,0.0,0.0,553.5269594901616,0.0,1.0,0.0,8.954772256287463,3.7207468205303624,0.0,1.0,0.0,0.0,0.0,0.0,1.0,1424.3678578677514,3.139626589734819,0.0,54.815145666552645,2.139626589734819,2.860373410265181,0.0,0.0,0.0,0.8603734102651812,0.0,0.0,0.0,0.13962658973481878,0.0,1.1396265897348188,0.0,1.0,0.0,9856.924029906926,11858.10099752318,6.581120230795544,1.0,0.8603734102651812,15.11701271787855,3.139626589734819,4.0,80.0,0.13962658973481878,28.48672138477326,0.27925317946963757,2.2792531794696376,9.860373410265181,8.720746820530362,4.720746820530362,8.720746820530362,1
31.0,0.9770288500601702,0.02297114993982985,0.0,1340.69652336366,0.9770288500601702,0.02297114993982985,0.0,13.367538399037278,3.95405770012034,0.0,1.0,0.0,0.0,0.0,0.0,1.0,643.2235107677502,2.02297114993983,1.0,46.57427874849574,2.97702885006017,1.97702885006017,0.0,0.02297114993982985,0.9770288500601702,0.0,0.0,0.0,0.0,0.0,0.0,1.02297114993983,0.02297114993982985,0.0,0.9770288500601702,4215.679752945368,11515.215960991576,1.9540577001203403,1.0,0.0,16.86217310036102,3.0,2.97702885006017,80.0,0.0,8.93108655018051,2.0,1.0689134498194894,3.04594229987966,1.0689134498194894,1.0,2.04594229987966,1
44.44430326952165,0.0,0.7320178393836263,0.2679821606163737,1474.7320178393836,0.2679821606163737,0.7320178393836263,0.0,23.444303269521647,2.5359643212327474,0.0,0.0,0.7320178393836263,0.0,0.0,0.2679821606163737,1.0,1208.562075273681,1.803946481849121,1.0,87.08466005719417,2.5359643212327474,2.0,0.0,0.7320178393836263,0.2679821606163737,0.0,0.0,0.0,0.0,0.0,0.0,1.5359643212327474,0.7320178393836263,0.2679821606163737,0.0,4397.356453940726,23032.650521382115,4.339910803081868,1.0,0.0,17.856142715069012,3.7320178393836265,1.803946481849121,80.0,0.0,16.248249751370768,2.0,3.0,4.0,2.7320178393836265,1.0,2.7320178393836265,1
26.701635950812758,1.0,0.0,0.0,761.1150340579475,0.0,1.0,0.0,6.19345619674897,2.0,0.0,0.0,1.0,0.0,0.0,0.0,1.0,896.1545038778754,1.973773036890432,0.0,76.73773036890432,1.6491820245936213,1.0,0.0,0.32459101229681064,0.0,0.0,0.0,0.6754089877031894,0.0,0.0,0.0,2.0,0.6754089877031894,0.32459101229681064,0.0,2214.052453926219,3709.7044938515946,5.052453926219136,1.0,0.6754089877031894,13.0,3.0,3.026226963109568,80.0,0.32459101229681064,7.078680889328704,3.6754089877031895,2.350817975406379,5.052453926219136,4.727862913922325,2.026226963109568,4.727862913922325,1
41.538418045003766,1.0,0.0,0.0,1316.4598857101432,0.9188010025002092,0.08119899749979076,0.0,8.512806015001255,3.0,0.9188010025002092,0.08119899749979076,0.0,0.0,0.0,0.0,1.0,1135.220651625136,1.0,0.08119899749979076,85.48719398499874,1.1623979949995815,1.9188010025002091,0.0,0.08119899749979076,0.9188010025002092,0.0,0.0,0.0,0.0,0.0,0.0,2.8376020050004183,0.9188010025002092,0.08119899749979076,0.0,5239.223318287775,9481.44849323252,7.756403007500627,1.0,0.0,13.0,3.0,2.081198997499791,80.0,0.08119899749979076,6.918801002500209,2.243596992499372,2.081198997499791,3.8376020050004183,2.918801002500209,0.9188010025002092,2.918801002500209,1
32.4469311836627,1.0,0.0,0.0,435.6873527341229,0.0,0.7234655918313483,0.2765344081686517,6.424550530698427,2.8296032245059553,0.0,0.0,0.7234655918313483,0.2765344081686517,0.0,0.0,1.0,746.6730939673387,1.8296032245059553,0.2765344081686517,52.826720408432585,3.2765344081686516,1.0,0.0,0.7234655918313483,0.0,0.0,0.0,0.0,0.2765344081686517,0.0,0.0,1.0,0.0,1.0,0.0,2775.857067633994,21505.128518285637,5.064259142819438,1.0,0.0,19.170396775494044,3.7234655918313484,1.5530688163373034,80.0,0.0,9.958121510144831,3.2765344081686516,3.7234655918313484,6.787724734650786,5.064259142819438,0.7234655918313483,5.064259142819438,1
26.249309837201377,1.0,0.0,0.0,443.79974541046704,0.5835633875995409,0.41643661240045915,0.0,6.084943713196786,2.8328732248009185,0.0,0.0,1.0,0.0,0.0,0.0,1.0,991.3306416695063,1.0,1.0,72.58080273640505,2.4164366124004593,1.0,0.0,0.41643661240045915,0.0,0.0,0.0,0.0,0.0,0.0,0.5835633875995409,1.8328732248009183,0.41643661240045915,0.5835633875995409,0.0,4018.96049965358,15079.140156737087,2.5835633875995407,1.0,0.0,11.583563387599542,3.0,1.8328732248009183,80.0,0.0,5.583563387599541,3.2493098372013773,2.1671267751990815,1.7506901627986227,1.1671267751990817,1.1671267751990817,1.1671267751990817,1
32.39128138910584,0.0,1.0,0.0,703.4092004085605,1.0,0.0,0.0,2.409200408560541,2.9181599182878917,0.0,0.08184008171210821,0.9181599182878918,0.0,0.0,0.0,1.0,1404.5341054941778,3.0818400817121083,0.0,90.40920040856054,2.0818400817121083,1.0,0.0,0.0,0.0,0.0,0.0,0.0,0.0,0.0,1.0,3.9181599182878917,0.9181599182878918,0.08184008171210821,0.0,2774.360789377426,11870.37870839688,6.590799591439459,1.0,0.08184008171210821,13.754479754863675,3.0,3.0,80.0,0.16368016342421643,4.309441307393731,3.0,3.9181599182878917,1.6547206536968657,0.5728805719847578,0.5728805719847578,0.5728805719847578,1
24.803825529580063,0.6884638300466596,0.31153616995334044,0.0,1098.6668214392555,0.31153616995334044,0.6884638300466596,0.0,5.819246810326617,1.9346085098600212,0.0,0.6884638300466596,0.31153616995334044,0.0,0.0,0.0,1.0,1672.0931234966108,2.6884638300466595,0.0,69.96545107135313,2.376927660093319,1.0,0.0,0.6884638300466596,0.0,0.0,0.0,0.0,0.0,0.0,0.31153616995334044,1.6230723399066809,0.31153616995334044,0.6884638300466596,0.0,2074.313919418479,16047.288106342769,1.0,1.0,0.6884638300466596,15.442319150233297,3.0,2.6884638300466595,80.0,0.0,1.0,5.065391490139978,3.0,1.0,0.0,0.0,0.0,1
45.12200496108288,0.9414669974055251,0.058533002594474914,0.0,330.3030750718583,0.0,1.0,0.0,19.8293399481105,2.1755990077834246,0.0,0.9414669974055251,0.058533002594474914,0.0,0.0,0.0,1.0,1799.8110530608,3.941466997405525,0.0,67.99012208821215,3.058533002594475,2.058533002594475,0.0,0.0,0.0,0.058533002594474914,0.0,0.0,0.0,0.9414669974055251,0.0,2.0,0.058533002594474914,0.9414669974055251,0.0,8839.371156160178,10730.143432041958,3.8244009922165754,1.0,0.0,21.356136971460778,3.941466997405525,3.8244009922165754,80.0,0.9414669974055251,12.824400992216574,2.0,3.941466997405525,9.058533002594475,7.058533002594475,3.058533002594475,7.0,1
28.477268010422467,1.0,0.0,0.0,859.3796376565359,0.0,1.0,0.0,5.980515437504972,3.0,0.0,1.0,0.0,0.0,0.0,0.0,1.0,365.13010462471163,1.0,0.5032474270825046,66.16237135412523,3.0,1.0,0.0,1.0,0.0,0.0,0.0,0.0,0.0,0.0,0.0,1.0,0.4967525729174954,0.5032474270825046,0.0,4114.951184823057,9807.311130375687,5.993505145834991,1.0,0.0,17.470773156257458,3.4967525729174955,2.006494854165009,80.0,0.5032474270825046,7.987010291669982,3.509742281247514,3.4967525729174955,3.490257718752486,2.993505145834991,0.0,2.993505145834991,1
47.18431935495377,1.0,0.0,0.0,235.2704896988026,0.0,1.0,0.0,7.233393860506239,3.3488929240337493,0.0,0.0,0.3488929240337493,0.0,0.6511070759662507,0.0,1.0,1126.3261714864448,4.0,0.6511070759662507,51.0,3.0,1.0,0.0,0.0,0.0,0.0,0.0,1.0,0.0,0.0,0.0,3.0,1.0,0.0,0.0,2449.3441014571313,26036.504463477573,2.953321227898752,1.0,0.3488929240337493,20.162177835628757,3.6511070759662507,2.046678772101248,80.0,0.0,7.348892924033749,3.3022141519325015,3.0,3.442250468236245,0.6977858480674985,2.442250468236245,2.442250468236245,1
33.64701959513671,1.0,0.0,0.0,1075.2317635623037,0.0,0.3529804048632914,0.6470195951367086,14.647686477812663,3.6470195951367086,0.0,0.3529804048632914,0.0,0.0,0.6470195951367086,0.0,1.0,1340.2800346540785,1.0,0.3529804048632914,53.05894121458987,2.6470195951367086,1.0,0.0,0.0,0.0,0.0,0.0,0.3529804048632914,0.6470195951367086,0.0,0.0,2.6470195951367086,0.3529804048632914,0.6470195951367086,0.0,2590.571406313648,3044.1145480157998,2.0589412145898742,1.0,0.3529804048632914,16.764902024316456,3.3529804048632914,3.294039190273417,80.0,0.0,3.0589412145898742,0.0,3.0,2.0,2.0,2.0,2.0,1
23.498477219866757,0.24974620331112607,0.7502537966888739,0.0,1105.652785606702,0.0,1.0,0.0,2.5005075933777476,3.5005075933777476,0.0,0.0,1.0,0.0,0.0,0.0,1.0,1087.6172540702598,2.5005075933777476,0.7502537966888739,52.7451778629114,1.7502537966888738,1.0,0.0,0.0,0.0,0.0,0.0,1.0,0.0,0.0,0.0,3.5005075933777476,0.24974620331112607,0.7502537966888739,0.0,2693.9116684908126,4135.3390826377945,1.7482234231778824,1.0,1.0,11.499492406622252,3.0,2.4994924066222524,80.0,0.7502537966888739,3.2477158298001347,4.750253796688874,3.0,1.7482234231778824,1.7482234231778824,0.7492386099333782,1.7482234231778824,1
46.0130732344563,1.0,0.0,0.0,1033.734607333417,1.0,0.0,0.0,9.161891221203879,2.5404728053009697,0.7702364026504849,0.0,0.22976359734951513,0.0,0.0,0.0,1.0,869.1799768633884,3.0,0.22976359734951513,44.83810877879612,2.770236402650485,3.0,0.0,0.0,1.0,0.0,0.0,0.0,0.0,0.0,0.0,4.0,0.0,1.0,0.0,8267.698568520555,5781.420849706466,1.0,1.0,0.22976359734951513,16.391654818553395,3.0,1.0,80.0,1.7702364026504849,10.608345181446605,3.6892907920485456,3.770236402650485,10.608345181446605,7.770236402650485,6.0809456106019395,7.0,1
24.803653555375238,1.0,0.0,0.0,328.944939415017,1.0,0.0,0.0,4.607307110750477,2.8036535553752384,0.8036535553752384,0.0,0.19634644462476158,0.0,0.0,0.0,1.0,255.48824499311218,2.607307110750477,0.8036535553752384,49.73058244787047,2.1963464446247616,2.0,0.0,0.0,1.0,0.0,0.0,0.0,0.0,0.0,0.0,3.0,1.0,0.0,0.0,5514.863699122903,26532.142829385768,2.5707715569980927,1.0,0.8036535553752384,11.589039333874284,3.0,3.4109606661257152,80.0,0.0,5.607307110750477,1.3926928892495232,3.0,5.214614221500954,3.607307110750477,0.39269288924952317,2.4109606661257152,1
34.518794765909725,1.0,0.0,0.0,116.95244088426324,0.04010043617418957,0.9598995638258104,0.0,2.2005021808709477,3.0,0.0,0.0,1.0,0.0,0.0,0.0,1.0,1574.333358011167,1.0802008723483791,0.04010043617418957,70.20301308522569,3.0,1.0,0.0,0.9598995638258104,0.0,0.0,0.0,0.0,0.0,0.0,0.04010043617418957,1.1203013085225688,0.0,0.0,1.0,2082.060187671012,26558.207738759927,1.0,1.0,1.0,12.360903925567706,3.0401004361741895,3.919799127651621,80.0,1.0,1.0802008723483791,2.0,3.0,1.0802008723483791,0.08020087234837914,0.0,0.08020087234837914,1
27.492913727618575,1.0,0.0,0.0,1158.7557243621561,0.5070862723814266,0.49291372761857344,0.0,2.0,2.47874118285572,0.5070862723814266,0.49291372761857344,0.0,0.0,0.0,0.0,1.0,746.3591101465903,3.0,1.0,65.77636462287563,3.0,1.0,0.0,0.0,0.0,0.0,0.0,0.49291372761857344,0.0,0.0,0.5070862723814266,1.9858274552371469,0.49291372761857344,0.0,0.5070862723814266,3701.997308736507,16359.80158437332,2.9574823657114404,1.0,0.0,13.95748236571144,3.0,2.985827455237147,80.0,0.5070862723814266,5.0,3.0,2.5070862723814265,3.014172544762853,2.5070862723814265,0.9858274552371469,1.5070862723814265,1
30.25484488859498,1.0,0.0,0.0,1382.1385675623155,0.7516149628649933,0.2483850371350067,0.0,11.012919702919946,4.0,0.0,0.7516149628649933,0.0,0.0,0.2483850371350067,0.0,1.0,504.69475327602106,2.248385037135007,1.0,46.99354014854003,3.0,1.7516149628649933,0.0,0.2483850371350067,0.7516149628649933,0.0,0.0,0.0,0.0,0.0,0.0,1.4967700742700134,0.2483850371350067,0.0,0.7516149628649933,4036.279050589075,11429.287782634043,1.7516149628649933,1.0,0.2483850371350067,16.006459851459972,3.0,3.0,80.0,0.0,7.261304740054953,2.248385037135007,1.2483850371350067,2.751614962864993,1.2483850371350067,1.2483850371350067,2.0,1
38.99415425471743,0.4739918813306616,0.5260081186693384,0.0,801.850392503471,0.5260081186693384,0.4739918813306616,0.0,8.421975643991985,2.4739918813306616,0.0,0.5260081186693384,0.4739918813306616,0.0,0.0,0.0,1.0,1360.627658712529,4.0,0.0,93.57802435600802,2.5260081186693384,1.0,0.0,0.0,0.0,0.0,0.0,0.4739918813306616,0.0,0.0,0.5260081186693384,2.0520162373386768,0.4739918813306616,0.5260081186693384,0.0,2536.028037786004,11616.288118972698,3.8959675253226465,1.0,1.0,15.265926931975955,3.4739918813306616,3.0,80.0,1.0520162373386768,11.416129898709414,3.9479837626613232,3.0,4.7340730680240455,3.6820568306853687,3.6820568306853687,3.6820568306853687,1
33.42427711879189,0.587540160067117,0.41245983993288304,0.0,1160.8914656275178,0.0,1.0,0.0,22.23737951979865,3.0,0.0,0.587540160067117,0.41245983993288304,0.0,0.0,0.0,1.0,812.0912144479887,2.2373795197986492,1.0,39.4747590395973,3.0,1.0,0.0,1.0,0.0,0.0,0.0,0.0,0.0,0.0,0.0,3.0,0.0,0.0,1.0,2700.3685145073805,19598.615532443288,1.824919679865766,1.0,0.41245983993288304,20.824919679865765,4.0,3.412459839932883,80.0,1.0,8.424277118791895,0.0,1.587540160067117,1.0,0.587540160067117,0.0,0.0,1
25.168277962271997,0.4158610188640013,0.5841389811359987,0.0,851.0099612790093,0.4158610188640013,0.0,0.5841389811359987,10.34622369817598,2.7524169434079964,0.0,0.0,0.5841389811359987,0.0,0.4158610188640013,0.0,1.0,585.543504981344,1.5841389811359987,0.0,59.663444075456006,3.0,1.0,0.0,0.0,0.0,0.0,0.0,0.0,0.5841389811359987,0.0,0.4158610188640013,2.5841389811359985,0.4158610188640013,0.0,0.5841389811359987,2932.7119296963047,22460.340188229697,0.4158610188640013,1.0,1.0,13.079305094320006,3.0,2.0,80.0,0.5841389811359987,7.168277962271997,2.8317220377280026,2.4158610188640015,6.168277962271997,5.336555924543995,1.0,1.6634440754560051,1
34.04022738416523,1.0,0.0,0.0,803.3957189270197,1.0,0.0,0.0,23.778749387091267,4.020113692082612,0.020113692082612267,0.9798863079173877,0.0,0.0,0.0,0.0,1.0,1493.9077408681574,1.0201136920826124,0.020113692082612267,41.12636675662629,2.0,2.0,0.0,0.0,1.0,0.0,0.0,0.0,0.0,0.0,0.0,1.9798863079173876,0.9798863079173877,0.0,0.020113692082612267,4629.87451734681,7831.955842425642,0.10056846041306144,1.0,1.0,22.798863079173877,3.9798863079173876,2.9798863079173876,80.0,0.06034107624783669,16.0,2.0201136920826124,3.9798863079173876,14.738522002926041,8.859204155421715,9.839090463339101,9.839090463339101,1
34.005299372537365,1.0,0.0,0.0,758.273985962381,0.0,1.0,0.0,12.34216562089561,3.668433124179122,0.0,0.33156687582087807,0.0,0.0,0.0,0.6684331241791219,1.0,738.11516182688,2.336866248358244,0.6684331241791219,39.66313375164176,2.331566875820878,1.0,0.0,1.0,0.0,0.0,0.0,0.0,0.0,0.0,0.0,1.668433124179122,0.33156687582087807,0.0,0.6684331241791219,3894.5260622501414,10123.735031373131,2.9894012549252684,1.0,0.6684331241791219,23.336866248358245,4.0,3.005299372537366,80.0,0.6684331241791219,6.65783437910439,2.0,1.9947006274626342,4.331566875820878,2.663133751641756,0.0,2.663133751641756,1
33.877233658857286,0.23976947157144035,0.7602305284285596,0.0,1427.4968285752848,0.23976947157144035,0.7602305284285596,0.0,2.918155772571523,4.520461056857119,0.23976947157144035,0.0,0.7602305284285596,0.0,0.0,0.0,1.0,1394.0224732041397,2.520461056857119,0.0,96.40345792642839,3.280691585285679,2.7602305284285595,0.0,0.0,0.23976947157144035,0.7602305284285596,0.0,0.0,0.0,0.0,0.0,2.2397694715714405,1.0,0.0,0.0,6942.484109699975,9064.791365136864,2.6783863010000823,1.0,0.0,11.479538943142881,3.0,1.2397694715714405,80.0,0.0,9.280691585285679,2.0,2.7602305284285595,8.561383170571357,6.801152642142798,3.280691585285679,6.040922113714238,1
31.045592977491324,0.9848023408362251,0.015197659163774913,0.0,255.21584259798394,0.9848023408362251,0.015197659163774913,0.0,6.015197659163775,3.984802340836225,0.0,0.0,1.0,0.0,0.0,0.0,1.0,162.7568374533796,1.9848023408362252,1.0,75.84802340836225,1.0,2.0,0.0,0.015197659163774913,0.9848023408362251,0.0,0.0,0.0,0.0,0.0,0.0,3.0,0.015197659163774913,0.9848023408362251,0.0,6170.51062940195,20771.64457188379,3.954407022508675,1.0,1.0,18.09118595498265,3.015197659163775,2.0303953183275496,80.0,0.0,11.954407022508676,3.0,2.015197659163775,7.03039531832755,7.0,6.8936163858535755,6.984802340836225,1
46.06372148585517,0.21868213967471284,0.7813178603252872,0.0,896.8066640120253,1.0,0.0,0.0,1.0,3.562635720650574,0.0,0.0,1.0,0.0,0.0,0.0,1.0,1976.208536700839,1.781317860325287,1.0,80.87907161951723,2.562635720650574,2.0,0.0,0.0,1.0,0.0,0.0,0.0,0.0,0.0,0.0,2.781317860325287,0.21868213967471284,0.0,0.7813178603252872,6729.530774977723,13794.018049565706,6.781317860325287,1.0,0.0,12.656046419024138,3.0,3.562635720650574,80.0,1.5626357206505743,11.562635720650574,2.781317860325287,3.0,4.687907161951723,2.3439535809758616,0.0,0.7813178603252872,1
27.73311785378774,0.5444803577020433,0.4555196422979567,0.0,919.2680753679444,0.0,1.0,0.0,3.544480357702043,1.9110392845959134,0.0,0.0,0.4555196422979567,0.0,0.5444803577020433,0.0,1.0,1302.3289658304193,4.0,0.5444803577020433,32.45551964229796,3.0,1.0,0.0,0.5444803577020433,0.0,0.0,0.0,0.4555196422979567,0.0,0.0,0.0,3.544480357702043,0.4555196422979567,0.5444803577020433,0.0,3870.019219423097,4400.471680608218,1.0,1.0,0.5444803577020433,13.63344107310613,3.0,1.5444803577020432,80.0,0.5444803577020433,7.0,2.544480357702043,2.63344107310613,7.0,4.722401788510217,5.911039284595914,6.455519642297957,1
26.934203367264807,1.0,0.0,0.0,1154.0870038998153,0.0,1.0,0.0,13.474986397803132,3.0,0.0,0.3934203367264807,0.6065796632735193,0.0,0.0,0.0,1.0,927.8458400077648,2.2131593265470384,1.0,59.85263730618816,3.2131593265470384,1.0,0.0,0.6065796632735193,0.0,0.0,0.0,0.3934203367264807,0.0,0.0,0.0,1.3934203367264808,0.3934203367264807,0.6065796632735193,0.0,1881.1152797492541,3267.1740077996305,2.180261010179442,1.0,1.0,20.606579663273518,4.0,2.606579663273519,80.0,1.2131593265470386,2.5736813469059228,1.2131593265470386,3.0,0.7868406734529614,0.7868406734529614,0.7868406734529614,0.7868406734529614,1
33.06163119658174,0.18767376068365083,0.8123262393163492,0.0,410.480994017027,0.8123262393163492,0.18767376068365083,0.0,6.750695042734604,2.187673760683651,0.8123262393163492,0.0,0.18767376068365083,0.0,0.0,0.0,1.0,637.3887809401227,4.0,0.0,44.072751880335396,1.187673760683651,1.0,0.0,0.0,0.0,0.0,0.0,0.18767376068365083,0.0,0.0,0.8123262393163492,2.624652478632698,0.18767376068365083,0.0,0.8123262393163492,2360.9467093162334,12107.740509230855,1.1260425641019047,1.0,0.18767376068365083,16.750695042734602,3.187673760683651,3.812326239316349,80.0,0.8123262393163492,3.0,3.375347521367302,2.187673760683651,1.6246524786326983,1.6246524786326983,0.8123262393163492,0.0,1
27.643329734996243,0.7855567550012524,0.21444324499874756,0.0,129.42447563003256,0.0,1.0,0.0,14.42668106001503,3.7855567550012523,0.0,0.21444324499874756,0.7855567550012524,0.0,0.0,0.0,1.0,1321.796020940486,3.5711135100025047,0.0,52.92998920498873,3.0,1.0,0.0,0.21444324499874756,0.0,0.0,0.0,0.7855567550012524,0.0,0.0,0.0,2.7855567550012523,1.0,0.0,0.0,2400.004410859965,25690.435502779947,0.7855567550012524,1.0,0.7855567550012524,13.85777297999499,3.0,3.3566702650037574,80.0,0.0,7.142227020005009,2.2144432449987477,3.0,6.927783775006262,2.0,5.713340530007515,5.927783775006262,1
29.910904032086584,0.08909596791341601,0.910904032086584,0.0,315.0225588344424,1.0,0.0,0.0,26.089095967913416,3.910904032086584,1.0,0.0,0.0,0.0,0.0,0.0,1.0,297.57446451338535,2.910904032086584,0.0,50.48536854547193,2.089095967913416,2.089095967913416,0.0,0.0,1.0,0.0,0.0,0.0,0.0,0.0,0.0,1.267287903740248,0.910904032086584,0.08909596791341601,0.0,6780.017497742351,23105.8115180091,4.643616128346336,1.0,0.0,15.623671775393912,3.089095967913416,3.089095967913416,80.0,0.267287903740248,9.089095967913416,4.821808064173168,2.0,6.356383871653664,3.089095967913416,0.08909596791341601,1.712767743307328,1
29.52010724969194,0.04798927503080608,0.9520107249691939,0.0,169.1305616136001,0.0,1.0,0.0,5.23994637515403,2.904021449938388,0.0,1.0,0.0,0.0,0.0,0.0,1.0,1001.8353890902653,2.095978550061612,0.04798927503080608,58.65630029913743,3.0,1.0,0.0,0.9520107249691939,0.0,0.0,0.0,0.04798927503080608,0.0,0.0,0.0,2.047989275030806,1.0,0.0,0.0,2354.1911543814713,25786.138336389246,0.04798927503080608,1.0,0.04798927503080608,16.712064349815165,3.0,1.1439678250924183,80.0,0.0,3.8560321749075817,3.095978550061612,3.0,2.904021449938388,1.9040214499383878,1.0,1.952010724969194,1
36.911850160746916,0.4725433226168724,0.5274566773831276,0.0,954.0231192284148,0.0,1.0,0.0,13.131503579811936,3.0,0.0,0.0,0.5274566773831276,0.0,0.4725433226168724,0.0,1.0,348.52601431924774,3.5274566773831277,1.0,62.846819549908645,3.0,1.0,0.0,0.5274566773831276,0.0,0.0,0.0,0.4725433226168724,0.0,0.0,0.0,3.0,0.4725433226168724,0.0,0.5274566773831276,2639.78471515359,19842.97543841345,1.5823700321493828,1.0,0.5274566773831276,18.219653419065022,3.5274566773831277,4.0,80.0,0.5274566773831276,13.329480128597531,0.4725433226168724,1.4725433226168723,3.3627166130843618,0.9450866452337447,0.4725433226168724,2.3627166130843618,1
38.156847554317764,0.0,1.0,0.0,750.4965548003739,0.40359603714018655,0.5964039628598135,0.0,10.542463405757015,3.4035960371401863,0.0,0.0,0.40359603714018655,0.0,0.5964039628598135,0.0,1.0,1629.7773473723366,2.5964039628598137,0.5964039628598135,42.843152445682236,1.5964039628598135,1.0,0.0,0.0,0.0,0.0,0.0,0.5964039628598135,0.0,0.0,0.40359603714018655,3.0,0.40359603714018655,0.5964039628598135,0.0,2001.923471962879,15815.838953058486,5.771231702878508,1.0,0.5964039628598135,14.385615851439255,3.0,3.192807925719627,80.0,0.5964039628598135,3.9820198142990675,3.5964039628598137,3.0,1.0,0.0,0.0,0.0,1
49.088751031238644,1.0,0.0,0.0,302.1367434107091,0.4050567713073343,0.5949432286926657,0.0,14.898864573853313,2.7848296860779973,0.0,0.5949432286926657,0.4050567713073343,0.0,0.0,0.0,1.0,489.8555305884821,3.5949432286926655,0.4050567713073343,76.58255883378462,2.5949432286926655,3.0,0.0,0.0,0.4050567713073343,0.0,0.0,0.0,0.0,0.5949432286926657,0.0,4.0,0.0,1.0,0.0,10317.265738026996,4296.581551493958,1.0,1.0,0.4050567713073343,11.594943228692665,3.0,2.7848296860779973,80.0,1.0,30.27863748862398,4.215170313922003,2.4050567713073345,30.27863748862398,8.784829686077996,10.13931874431199,6.4050567713073345,1
24.546506689868526,1.0,0.0,0.0,565.0623273616168,0.0,1.0,0.0,14.546506689868526,2.9485028670865114,0.0,0.3504990443044962,0.6495009556955038,0.0,0.0,0.0,1.0,1158.2486728096346,4.0,0.3504990443044962,44.34051815821457,3.0,1.0,0.0,0.0,0.0,0.0,0.0,1.0,0.0,0.0,0.0,3.0,1.0,0.0,0.0,1908.5588236382728,26142.957740393325,1.0,1.0,1.0,12.299001911391008,3.0,4.0,80.0,0.0,5.546506689868527,3.0514971329134886,3.0,5.546506689868527,1.2990019113910076,4.897005734173023,4.897005734173023,1
38.19856824899251,1.0,0.0,0.0,649.6218922173903,0.0,1.0,0.0,10.930105447508026,3.871326303499465,0.0,0.0,0.8713263034994649,0.0,0.12867369650053506,0.0,1.0,1416.649588791512,3.871326303499465,1.0,83.42652606998931,2.74265260699893,1.0,0.0,1.0,0.0,0.0,0.0,0.0,0.0,0.0,0.0,1.3860210895016052,1.0,0.0,0.0,2059.432930273172,22008.82704856374,2.74265260699893,1.0,0.12867369650053506,14.51469478600214,3.0,2.0,80.0,0.0,13.198568248992508,3.0,1.0,4.48530521399786,3.4853052139978598,0.8713263034994649,0.0,1
37.608512265444006,0.3260640331805006,0.6739359668194994,0.0,1040.4235043248063,1.0,0.0,0.0,11.021807900458498,3.6739359668194993,0.3260640331805006,0.0,0.0,0.0,0.0,0.6739359668194994,1.0,1510.8153281065402,3.0218079004584983,0.6739359668194994,51.97713762584453,2.3478719336389986,2.0,0.0,0.0,1.0,0.0,0.0,0.0,0.0,0.0,0.0,3.6739359668194993,1.0,0.0,0.0,4830.438985383083,10112.390769308036,4.6303201659025035,1.0,0.6739359668194994,20.413295635014492,3.6739359668194993,1.3260640331805007,80.0,0.0,11.043615800916996,2.0,3.3478719336389986,8.717551767736495,7.043615800916997,4.3696798340974965,5.695743867277997,1
34.478423298887954,0.0,1.0,0.0,655.1294602066723,0.02990145618049722,0.9700985438195028,0.0,7.0299014561804976,2.970098543819503,0.0,0.0,0.9700985438195028,0.0,0.02990145618049722,0.0,1.0,164.22323875996642,1.029901456180497,1.0,65.52157670111204,1.0598029123609944,2.0,0.0,0.9700985438195028,0.02990145618049722,0.0,0.0,0.0,0.0,0.0,0.0,3.0,0.9700985438195028,0.02990145618049722,0.0,6095.5888513623195,22903.89432274198,1.0598029123609944,1.0,1.0,23.700985438195026,3.970098543819503,3.9102956314585082,80.0,0.02990145618049722,9.269113105624475,3.029901456180497,3.0,8.850492719097513,6.880394175278012,0.02990145618049722,5.910295631458508,1
21.29887775033798,0.70112224966202,0.29887775033798003,0.0,611.6686525606036,0.70112224966202,0.29887775033798003,0.0,5.80448899864808,1.8966332510139399,0.70112224966202,0.0,0.29887775033798003,0.0,0.0,0.0,1.0,1607.5475380549856,2.2988777503379803,1.0,36.08092175574566,2.7011222496620197,1.0,0.0,0.0,0.0,0.0,0.0,0.29887775033798003,0.0,0.0,0.70112224966202,2.59775550067596,0.70112224966202,0.29887775033798003,0.0,2731.0047285588084,4464.1860538837345,0.70112224966202,1.0,0.29887775033798003,12.40224449932404,3.0,2.0,80.0,0.29887775033798003,1.0,3.59775550067596,3.0,0.70112224966202,0.0,0.70112224966202,0.0,1
41.14753178313562,1.0,0.0,0.0,862.6186189970665,0.0,1.0,0.0,2.821720736445976,3.178279263554024,0.0,0.0,1.0,0.0,0.0,0.0,1.0,1160.2473936161512,1.0,1.0,87.21720736445977,3.0,1.0,0.0,1.0,0.0,0.0,0.0,0.0,0.0,0.0,0.0,1.3565585271080471,0.17827926355402357,0.8217207364459764,0.0,2562.2076129711686,14716.42228410537,3.643441472891953,1.0,0.0,11.821720736445977,3.0,3.0,80.0,0.0,9.108603682229882,4.178279263554024,3.4651622093379295,2.4651622093379295,1.6434414728919529,0.8217207364459764,1.6434414728919529,1
23.31527708673184,0.9549604161811656,0.04503958381883444,0.0,412.67741234561066,0.9549604161811656,0.04503958381883444,0.0,6.909920832362332,3.0,0.0,0.04503958381883444,0.9549604161811656,0.0,0.0,0.0,1.0,1671.1478850840983,2.954960416181166,0.9549604161811656,97.24345623106545,3.0,1.0,0.0,0.04503958381883444,0.0,0.0,0.0,0.0,0.0,0.0,0.9549604161811656,3.909920832362331,0.04503958381883444,0.0,0.9549604161811656,2281.6208188213686,25131.014621135317,0.9549604161811656,1.0,0.9549604161811656,20.819841664724663,3.954960416181166,1.9549604161811656,80.0,0.9549604161811656,3.045039583818834,2.045039583818834,3.0,3.0,2.0,0.04503958381883444,2.0,1
39.85523566405879,0.32730148600244957,0.6726985139975504,0.0,901.1257835743245,0.0,1.0,0.0,15.345397027995102,1.9819044580073486,0.0,0.0,1.0,0.0,0.0,0.0,1.0,74.89459020831355,2.0,0.0,72.0,1.6546029720048991,1.0,0.0,0.0,0.0,0.0,0.0,1.0,0.0,0.0,0.0,1.3273014860024497,0.6726985139975504,0.32730148600244957,0.0,4260.702751386558,4625.031445893581,3.6184118880195966,1.0,1.0,20.690794055990203,3.6726985139975503,1.6726985139975503,80.0,0.9819044580073486,9.01809554199265,4.018095541992651,3.0,8.363492569987752,2.6546029720048994,5.345397027995101,5.690794055990201,1
35.16653702235483,1.0,0.0,0.0,605.2242921130528,0.0,1.0,0.0,14.178710333191257,3.6547526444539162,0.0,0.0,0.6547526444539162,0.0,0.34524735554608377,0.0,1.0,1219.1344117419717,3.6547526444539162,1.0,79.09505288907832,2.3095052889078325,1.0,0.0,1.0,0.0,0.0,0.0,0.0,0.0,0.0,0.0,2.0357420666382513,1.0,0.0,0.0,2129.169648485839,22308.13184536469,2.3095052889078325,1.0,0.34524735554608377,15.380989422184335,3.0,2.0,80.0,0.0,10.166537022354827,3.0,1.0,3.619010577815665,2.619010577815665,0.6547526444539162,0.0,1
27.712222356871365,1.0,0.0,0.0,1346.6410972422493,0.8982539490183763,0.1017460509816237,0.0,2.406984203926495,1.0,0.8982539490183763,0.1017460509816237,0.0,0.0,0.0,0.0,1.0,602.2895115756874,2.8982539490183763,1.0,84.79650789803675,3.0,1.0,0.0,0.0,0.0,0.0,0.0,0.1017460509816237,0.0,0.0,0.8982539490183763,1.0,0.1017460509816237,0.0,0.8982539490183763,3032.7585698704884,16422.92001454211,0.2034921019632474,1.0,0.0,11.0,3.0,2.1017460509816237,80.0,0.8982539490183763,5.305238152944871,2.8982539490183763,3.0,4.0,2.8982539490183763,0.1017460509816237,2.1017460509816237,1
26.896712472445273,1.0,0.0,0.0,604.0368362521644,0.15761250393638981,0.8423874960636102,0.0,1.9456750236183389,1.8423874960636102,0.15761250393638981,0.0,0.8423874960636102,0.0,0.0,0.0,1.0,904.759391589909,1.1576125039363898,0.15761250393638981,61.32594985828997,1.3152250078727796,1.0,0.0,0.0,0.0,0.0,0.0,0.8423874960636102,0.0,0.0,0.15761250393638981,2.0,1.0,0.0,0.0,2288.9745893225486,3981.540690235791,6.054324976381661,1.0,0.8423874960636102,13.0,3.0,3.6847749921272204,80.0,0.0,8.581487464572492,3.84238749606361,3.0,6.054324976381661,5.896712472445271,2.6847749921272204,5.896712472445271,1
34.75589644291244,1.0,0.0,0.0,802.0155493401725,0.6141724039011307,0.3858275960988693,0.0,3.456689615604523,2.6141724039011307,0.0,0.0,0.3858275960988693,0.0,0.6141724039011307,0.0,1.0,311.69348967310964,2.842517211703392,0.6141724039011307,60.24410355708756,2.2283448078022614,1.6141724039011307,0.0,0.0,0.0,0.0,0.0,0.3858275960988693,0.0,0.0,0.6141724039011307,3.2283448078022614,0.3858275960988693,0.6141724039011307,0.0,2136.157587492853,3542.189419105093,4.543310384395477,1.0,0.3858275960988693,13.614172403901131,3.0,3.3858275960988693,80.0,0.6141724039011307,15.527551635110177,5.228344807802261,3.6141724039011307,3.314965576593216,2.7007931726920855,1.157482788296608,2.7007931726920855,1
32.31170336730547,0.09832809038493295,0.901671909615067,0.0,858.3666608327936,0.09832809038493295,0.901671909615067,0.0,26.935110101916408,3.901671909615067,0.0,0.901671909615067,0.0,0.0,0.09832809038493295,0.0,1.0,1071.0099324325954,1.294984271154799,0.09832809038493295,52.426750553841075,2.0,2.0,0.0,0.0,0.09832809038493295,0.0,0.0,0.901671909615067,0.0,0.0,0.0,2.8033438192301343,1.0,0.0,0.0,4588.432377934875,3122.608674124979,1.4916404519246647,1.0,0.0,21.508359548075337,3.901671909615067,2.098328090384933,80.0,0.0,13.213375276920537,3.8033438192301343,2.901671909615067,12.115047186535604,6.606687638460269,2.8033438192301343,7.410031457690402,1
33.188934237445366,0.0,0.40553288127731646,0.5944671187226835,671.3665295488363,0.0,1.0,0.0,11.53913830594952,3.188934237445367,0.0,0.0,0.40553288127731646,0.0,0.5944671187226835,0.0,1.0,1918.7881179634287,2.7834013561680506,0.5944671187226835,69.58975051146197,2.2165986438319494,1.0,0.0,0.0,0.0,0.0,0.0,1.0,0.0,0.0,0.0,1.811065762554633,0.40553288127731646,0.5944671187226835,0.0,2357.6916101596644,14807.947212135938,1.811065762554633,1.0,1.0,19.35020406850415,3.5944671187226835,1.5944671187226835,80.0,0.5944671187226835,6.216598643831949,2.0,3.0,4.594467118722683,1.5944671187226835,1.7834013561680506,1.2165986438319494,1
32.43524754498692,0.0,1.0,0.0,508.2847497301075,1.0,0.0,0.0,3.9136633933158973,2.521584151671026,0.4784158483289743,0.0,0.5215841516710257,0.0,0.0,0.0,1.0,984.7853409769252,3.478415848328974,0.0,62.73029664524846,1.5215841516710258,1.0,0.0,0.0,0.0,0.0,0.0,0.0,0.0,0.0,1.0,3.521584151671026,0.5215841516710257,0.0,0.4784158483289743,2577.367521825225,12059.49227973005,3.6510890616971796,1.0,0.0,14.956831696657948,3.0,3.478415848328974,80.0,0.4784158483289743,3.0,3.0,3.0431683033420516,1.4784158483289742,0.9568316966579486,0.4784158483289743,0.0,1
33.366945010785365,1.0,0.0,0.0,633.920052342527,0.0,1.0,0.0,18.100835032356088,2.4665871397756107,0.0,0.23329356988780536,0.7667064301121946,0.0,0.0,0.0,1.0,393.27745412638563,2.233293569887805,1.0,49.066825720448776,2.233293569887805,1.7667064301121946,0.0,0.0,0.0,0.7667064301121946,0.0,0.23329356988780536,0.0,0.0,0.0,3.0,0.23329356988780536,0.7667064301121946,0.0,5558.127663792106,15701.598460791605,3.6998807096634163,1.0,0.7667064301121946,13.93317427955122,3.0,1.699880709663416,80.0,0.0,7.300119290336584,1.4665871397756107,2.766706430112195,1.2332935698878054,0.4665871397756107,0.4665871397756107,1.0,1
32.355609630434074,0.9802439094203291,0.01975609057967087,0.0,962.3009762101483,1.0,0.0,0.0,1.0,2.039512181159342,0.0,0.0,1.0,0.0,0.0,0.0,1.0,1740.124388079698,1.019756090579671,1.0,35.18536543478025,1.0395121811593417,2.0,0.0,0.0,1.0,0.0,0.0,0.0,0.0,0.0,0.0,2.019756090579671,0.9802439094203291,0.0,0.01975609057967087,6734.8617073659425,12188.645838941946,6.019756090579671,1.0,0.0,14.940731728260987,3.0,2.039512181159342,80.0,0.03951218115934174,10.039512181159342,2.019756090579671,3.0,0.11853654347802522,0.05926827173901261,0.0,0.01975609057967087,1
26.0,0.36556728118576176,0.6344327188142382,0.0,442.4505276533593,0.0,0.36556728118576176,0.6344327188142382,19.558970968300333,3.6344327188142382,0.0,0.0,0.6344327188142382,0.0,0.36556728118576176,0.0,1.0,613.1179419366007,2.3655672811857618,0.36556728118576176,60.92453824948609,2.2688654376284765,1.0,0.0,0.36556728118576176,0.0,0.0,0.0,0.0,0.6344327188142382,0.0,0.0,3.3655672811857618,0.36556728118576176,0.0,0.6344327188142382,2594.4075202445097,22956.054748880233,0.36556728118576176,1.0,1.0,13.558970968300333,3.0,2.0,80.0,0.6344327188142382,5.441029031699667,2.3655672811857618,1.6344327188142382,4.806596312885429,4.441029031699667,0.6344327188142382,0.0,1
34.619851077470074,0.6198510774700762,0.3801489225299238,0.0,723.084363134358,0.6198510774700762,0.3801489225299238,0.0,11.95880861976061,2.3801489225299237,0.0,0.6198510774700762,0.3801489225299238,0.0,0.0,0.0,1.0,1075.5369140501741,1.0,1.0,61.66104245770947,1.0,2.0,0.0,0.3801489225299238,0.6198510774700762,0.0,0.0,0.0,0.0,0.0,0.0,3.6198510774700763,0.3801489225299238,0.0,0.6198510774700762,5681.0144168839715,22397.93749987611,4.0992553873503805,1.0,1.0,17.80148922529924,3.3801489225299237,4.0,80.0,1.2397021549401523,7.760297845059847,2.3801489225299237,2.3801489225299237,4.661042457709467,3.900744612649619,1.2397021549401523,3.5205956901196953,1
31.707208665127073,1.0,0.0,0.0,643.7324228101613,0.0,1.0,0.0,10.37792953163978,3.670720866512707,0.0,0.32927913348729276,0.0,0.0,0.0,0.6707208665127072,1.0,854.5802489939979,2.3414417330254143,1.0,56.12251494133922,2.329279133487293,1.0,0.0,1.0,0.0,0.0,0.0,0.0,0.0,0.0,0.0,1.6707208665127071,0.0,0.32927913348729276,0.6707208665127072,3837.8323904443405,9850.748747495616,2.317116533949171,1.0,0.6707208665127072,20.37792953163978,3.670720866512707,3.670720866512707,80.0,1.0,5.329279133487293,2.987837400461878,1.6585582669745855,3.3414417330254143,2.0,0.0,2.0,1
29.0,0.6927453474844278,0.30725465251557216,0.0,187.36700494336358,0.6927453474844278,0.30725465251557216,0.0,23.00568951729756,2.3854906949688557,0.6927453474844278,0.0,0.0,0.0,0.0,0.30725465251557216,1.0,632.6557945627211,2.307254652515572,0.0,50.05547797326304,3.0,3.0,0.0,0.0,0.6927453474844278,0.0,0.0,0.0,0.0,0.30725465251557216,0.0,4.0,0.30725465251557216,0.6927453474844278,0.0,7612.57609988366,24034.928829237662,0.6927453474844278,1.0,0.30725465251557216,18.927453474844278,3.692745347484428,3.0782360424532835,80.0,2.0782360424532835,9.692745347484427,2.3854906949688557,2.307254652515572,9.385490694968855,4.921763957546716,2.843527915093433,8.385490694968855,1
31.257848694865544,0.7511212421236493,0.24887875787635072,0.0,570.02683582382,0.0,1.0,0.0,2.7466362736290524,2.0,0.0,0.24887875787635072,0.7511212421236493,0.0,0.0,0.0,1.0,457.41695409570235,1.4977575157527014,0.0,51.195059135941186,2.7511212421236495,1.0,0.0,0.7511212421236493,0.0,0.0,0.0,0.24887875787635072,0.0,0.0,0.0,1.4977575157527014,0.0,1.0,0.0,2622.1323435641643,21356.93507893755,5.506727452741895,1.0,0.24887875787635072,18.506727452741895,3.7511212421236495,1.0,80.0,0.24887875787635072,11.755606210618247,2.7511212421236495,3.7511212421236495,8.751121242123649,7.0,1.0,7.0,1
42.10349577066975,0.24137535244418706,0.7586246475558129,0.0,373.82647403681653,0.7586246475558129,0.24137535244418706,0.0,22.137994360893007,3.275873942667439,0.0,0.24137535244418706,0.7586246475558129,0.0,0.0,0.0,1.0,659.8624647555813,1.0,0.24137535244418706,85.0347281484604,2.517249295111626,1.758624647555813,0.0,0.24137535244418706,0.7586246475558129,0.0,0.0,0.0,0.0,0.0,0.0,1.724126057332561,0.0,0.7586246475558129,0.24137535244418706,4074.0724405540036,5889.478503877501,3.2068767622209355,1.0,0.0,13.758624647555813,3.0,3.275873942667439,80.0,2.2413753524441873,5.724126057332561,3.517249295111626,3.0,1.724126057332561,1.4827507048883741,0.24137535244418706,0.724126057332561,1
21.0,0.28123416452082484,0.7187658354791752,0.0,944.7081243934734,0.7187658354791752,0.28123416452082484,0.0,5.780980796854022,1.0,0.0,0.0,0.0,0.0,0.7187658354791752,0.28123416452082484,1.0,603.149203211767,1.8437024935624744,0.0,89.43803840629195,2.281234164520825,1.0,0.0,0.0,0.0,0.0,0.0,0.28123416452082484,0.0,0.0,0.7187658354791752,2.56246832904165,1.0,0.0,0.0,2319.960531386308,9071.25443393417,1.0,1.0,0.7187658354791752,13.2498733161666,3.0,2.43753167095835,80.0,0.0,2.43753167095835,3.0,2.718765835479175,2.43753167095835,1.4375316709583503,0.7187658354791752,1.4375316709583503,1
28.0,0.10118195410518882,0.8988180458948112,0.0,940.1962712084716,0.0,1.0,0.0,3.3271849444193426,3.0,0.0,1.0,0.0,0.0,0.0,0.0,1.0,1160.882703373858,1.2023639082103776,1.0,45.60709172463113,2.101181954105189,1.0,0.0,1.0,0.0,0.0,0.0,0.0,0.0,0.0,0.0,2.0,0.0,0.10118195410518882,0.8988180458948112,2576.9777926282245,7176.593840473251,1.0,1.0,0.10118195410518882,15.202363908210378,3.0,1.2023639082103776,80.0,2.101181954105189,1.0,2.101181954105189,3.0,1.0,0.10118195410518882,0.0,0.0,1
32.483834043028054,1.0,0.0,0.0,435.1673829003707,0.48383404302805655,0.5161659569719435,0.0,2.935336172112226,3.0,0.48383404302805655,0.0,0.5161659569719435,0.0,0.0,0.0,1.0,405.5104426263207,4.0,0.5161659569719435,48.45264679521442,2.4838340430280565,1.0,0.0,0.5161659569719435,0.0,0.0,0.0,0.0,0.0,0.0,0.48383404302805655,3.0,1.0,0.0,0.0,3304.709876178338,9367.305867885188,0.48383404302805655,1.0,1.0,13.516165956971943,3.0,3.032331913943887,80.0,0.0,2.5484978709158304,2.0,1.967668086056113,2.032331913943887,1.032331913943887,0.5161659569719435,1.032331913943887,1
32.67339598109565,0.4422013396347816,0.5577986603652184,0.0,477.1396520893743,0.4422013396347816,0.5577986603652184,0.0,6.5577986603652185,3.4422013396347815,0.0,0.0,1.0,0.0,0.0,0.0,1.0,154.0752214341565,1.4422013396347815,1.0,70.42201339634782,1.0,2.0,0.0,0.5577986603652184,0.4422013396347816,0.0,0.0,0.0,0.0,0.0,0.0,3.0,0.5577986603652184,0.4422013396347816,0.0,6117.335731284209,21937.15152246449,2.326604018904345,1.0,1.0,21.34679196219131,3.5577986603652185,3.115597320730437,80.0,0.0,10.326604018904344,3.0,2.5577986603652185,8.115597320730437,7.0,3.095409377443471,6.4422013396347815,1
50.130504119629066,0.7448045269403941,0.2551954730596059,0.0,539.5054526010078,0.0,1.0,0.0,17.827932095894088,4.0,0.0,0.2551954730596059,0.7448045269403941,0.0,0.0,0.0,1.0,400.88374467602955,1.7448045269403942,0.0,67.4064814849271,2.7448045269403942,1.2551954730596058,0.0,0.0,0.0,0.0,0.0,1.0,0.0,0.0,0.0,2.2551954730596058,0.2551954730596059,0.7448045269403941,0.0,4846.88605975788,4157.5750517046845,6.958436215523153,1.0,0.7448045269403941,19.020781892238425,3.2551954730596058,1.2551954730596058,80.0,2.2344135808211822,8.786368311417242,2.5103909461192115,3.0,7.041563784476847,4.765586419178818,3.7448045269403942,4.275977365298029,1
33.42055694347832,0.09682227773913266,0.0,0.9031777222608673,415.07202369026265,0.0,1.0,0.0,10.45233416608699,2.0,0.0,0.9031777222608673,0.09682227773913266,0.0,0.0,0.0,1.0,1079.6892064090455,2.806355444521735,1.0,50.93793616469576,2.0968222777391325,1.0,0.0,0.09682227773913266,0.0,0.0,0.0,0.9031777222608673,0.0,0.0,0.0,1.290466833217398,1.0,0.0,0.0,2346.7547258786094,10316.093841057913,0.09682227773913266,1.0,0.9031777222608673,21.419066333565205,3.9031777222608675,1.290466833217398,80.0,0.0,4.0968222777391325,0.2904668332173981,3.0,3.0968222777391325,2.0,1.0,1.8063554445217347,1
25.321349794342918,0.630961133961898,0.369038866038102,0.0,1062.61263099411,0.369038866038102,0.630961133961898,0.0,5.416727937733286,2.107116598114306,0.0,0.630961133961898,0.369038866038102,0.0,0.0,0.0,1.0,1651.6221636904356,2.630961133961898,0.0,68.29787288489504,2.2619222679237962,1.0,0.0,0.630961133961898,0.0,0.0,0.0,0.0,0.0,0.0,0.369038866038102,1.738077732076204,0.369038866038102,0.630961133961898,0.0,2014.568618186412,16056.201024235907,1.0,1.0,0.630961133961898,15.154805669809491,3.0,2.630961133961898,80.0,0.0,1.0,4.892883401885694,3.0,1.0,0.0,0.0,0.0,1
48.57004791491381,0.5713365276609205,0.0,0.42866347233907953,1048.212258143666,0.42866347233907953,0.5713365276609205,0.0,11.43059639145975,3.0,0.0,0.5713365276609205,0.42866347233907953,0.0,0.0,0.0,1.0,872.3040309954769,3.1426730553218407,0.5713365276609205,87.43059639145974,3.4286634723390796,4.571336527660921,0.5713365276609205,0.0,0.42866347233907953,0.0,0.0,0.0,0.0,0.0,0.0,1.4286634723390796,0.42866347233907953,0.5713365276609205,0.0,17001.957956860035,19429.47718618428,4.571336527660921,1.0,1.0,14.285990417017238,3.0,4.0,80.0,0.5713365276609205,23.14267305532184,2.0,2.5713365276609204,3.285346110643682,1.142673055321841,0.5713365276609205,2.285346110643682,1
28.40509256841233,0.26723250760136996,0.0,0.73276749239863,398.0817887854822,1.0,0.0,0.0,25.25874489358082,2.0,0.0,1.0,0.0,0.0,0.0,0.0,1.0,1199.477364621633,1.73276749239863,1.0,73.6553498479726,1.0,2.0,0.0,0.0,1.0,0.0,0.0,0.0,0.0,0.0,0.0,1.80169752280411,0.73276749239863,0.0,0.26723250760136996,5094.866511080245,21889.16126466639,7.4655349847972605,1.0,0.26723250760136996,16.93106996959452,3.0,4.0,80.0,0.5344650152027399,7.0,4.93106996959452,2.7327674923986303,2.0,2.0,2.0,2.0,1
36.75936237058524,0.3373635813297928,0.6626364186702072,0.0,570.7929618615465,0.3373635813297928,0.6626364186702072,0.0,10.963727768031864,1.6747271626595857,0.0,0.0,0.3373635813297928,0.0,0.0,0.6626364186702072,1.0,1386.588914704361,2.662636418670207,0.3373635813297928,77.25272837340414,3.0,3.0,0.0,0.0,0.3373635813297928,0.0,0.0,0.0,0.0,0.6626364186702072,0.0,3.3252728373404143,1.0,0.0,0.0,7854.265678127505,22459.04044046361,3.0362722319681357,1.0,1.0,14.36154506930855,3.0,1.6747271626595857,80.0,0.0,9.337363581329793,1.3373635813297928,2.662636418670207,8.0,7.0,7.0,7.0,1
35.18982138714252,0.0,1.0,0.0,612.8612744803997,0.0,1.0,0.0,20.90508930642874,2.4421300990816084,0.0,0.0,0.5578699009183914,0.0,0.4421300990816086,0.0,1.0,1823.3448599927576,3.5578699009183916,1.0,57.525446532143704,2.0,1.0,0.0,0.0,0.0,0.0,0.0,1.0,0.0,0.0,0.0,3.5578699009183916,0.5578699009183914,0.4421300990816086,0.0,2438.1157398018368,15121.736502634061,4.537040792652869,1.0,1.0,20.462959207347133,3.5578699009183916,2.884260198163217,80.0,0.4421300990816086,3.210650495408043,3.4421300990816084,2.4421300990816084,1.0,0.0,0.5578699009183914,0.0,1
39.80111705602362,0.6498603679970475,0.3501396320029525,0.0,347.59106355181103,0.3501396320029525,0.6498603679970475,0.0,15.60223411204724,4.0,0.0,0.6498603679970475,0.3501396320029525,0.0,0.0,0.0,1.0,1415.0929139966784,2.9495811039911426,0.6498603679970475,72.70586454412401,3.0,2.0,0.0,0.0,0.3501396320029525,0.6498603679970475,0.0,0.0,0.0,0.0,0.0,1.0,0.6498603679970475,0.3501396320029525,0.0,4238.560193136215,5215.389085217884,1.3501396320029526,1.0,0.0,14.649860367997048,3.0,2.7002792640059052,80.0,0.700279264005905,8.249301839985238,4.0,1.700279264005905,6.848743311973427,2.2997207359940948,0.0,5.19888294397638,1
29.046476534428916,0.19535234655710854,0.8046476534428915,0.0,517.2410743712077,0.19535234655710854,0.8046476534428915,0.0,3.781409386228434,2.609295306885783,0.19535234655710854,0.0,0.8046476534428915,0.0,0.0,0.0,1.0,1584.4706202133773,3.609295306885783,0.19535234655710854,32.609295306885784,3.0,1.0,0.0,0.0,0.0,0.0,0.0,0.8046476534428915,0.0,0.0,0.19535234655710854,2.8046476534428915,1.0,0.0,0.0,3809.5299530872626,4236.289814434972,1.0,1.0,0.0,12.195352346557108,3.0,1.1953523465571085,80.0,0.0,5.827885920657349,2.1953523465571085,1.390704693114217,5.827885920657349,1.609295306885783,5.827885920657349,5.63253357410024,1
25.102844232046586,1.0,0.0,0.0,221.25164805520808,0.0,0.18380737200776398,0.816192627992236,22.0,1.367614744015528,0.0,0.0,0.18380737200776398,0.816192627992236,0.0,0.0,1.0,1583.4967658744877,3.448577883976708,0.816192627992236,56.16192627992236,1.367614744015528,1.0,0.0,0.0,0.0,0.0,0.0,0.18380737200776398,0.816192627992236,0.0,0.0,3.0,0.0,1.0,0.0,1661.0568536484798,11576.544860887643,1.551422116023292,1.0,0.18380737200776398,11.0,3.0,2.816192627992236,80.0,0.816192627992236,2.102844232046584,2.0,3.0,1.735229488031056,0.36761474401552796,0.0,0.18380737200776398,1
32.265750385951144,1.0,0.0,0.0,1014.3077514151543,0.0,1.0,0.0,24.347333676401018,2.918416709550127,0.0,0.9184167095501273,0.08158329044987267,0.0,0.0,0.0,1.0,1117.055745239936,1.244749871349618,0.9184167095501273,58.42649819889465,2.081583290449873,1.0,0.0,0.08158329044987267,0.0,0.0,0.0,0.9184167095501273,0.0,0.0,0.0,2.0,0.9184167095501273,0.08158329044987267,0.0,2304.596921083663,3023.9200670805017,3.755250128650382,1.0,0.9184167095501273,19.428916966850892,3.918416709550127,1.9184167095501272,80.0,0.08158329044987267,4.673666838200509,0.244749871349618,2.8368334191002544,1.9184167095501272,1.8368334191002547,1.8368334191002547,1.8368334191002547,1
22.487205099316533,0.9187991501139112,0.08120084988608878,0.0,1310.40257167699,0.08120084988608878,0.9187991501139112,0.0,7.431594050797378,1.1624016997721776,0.0,0.9187991501139112,0.0,0.0,0.08120084988608878,0.0,1.0,1758.8833475838317,2.8375983002278224,0.08120084988608878,80.05561104851915,3.0,1.0,0.0,0.9187991501139112,0.0,0.0,0.0,0.0,0.0,0.0,0.08120084988608878,1.1624016997721776,0.0,1.0,0.0,2439.4936342917913,15978.537385828706,1.1624016997721776,1.0,0.9187991501139112,16.83759830022782,3.0,3.0812008498860886,80.0,0.08120084988608878,1.324803399544355,5.7563974503417334,3.0812008498860886,1.1624016997721776,0.16240169977217755,0.08120084988608878,0.16240169977217755,1
45.07478934180247,0.8457982236337457,0.0,0.15420177636625432,546.9303575556122,1.0,0.0,0.0,11.313026645493816,3.0,0.8457982236337457,0.0,0.15420177636625432,0.0,0.0,0.0,1.0,1384.3709633314943,1.1542017763662544,0.8457982236337457,59.401685265580205,3.1542017763662544,3.1542017763662544,0.0,0.0,1.0,0.0,0.0,0.0,0.0,0.0,0.0,3.691596447267491,0.15420177636625432,0.0,0.8457982236337457,10573.717103182657,16153.308927357386,4.0,1.0,0.15420177636625432,11.771008881831271,3.0,1.4626053290987628,80.0,0.8457982236337457,27.074789341802475,1.1542017763662544,3.691596447267491,6.074789341802474,5.92058756543622,3.3831928945349827,2.537394670901237,1
25.75509123760786,1.0,0.0,0.0,879.3396815392873,0.0,1.0,0.0,6.930618006609141,1.7673454983477148,0.0,0.6163272508261426,0.3836727491738574,0.0,0.0,0.0,1.0,1034.0279462829083,2.8489817524784278,0.6163272508261426,46.19589171943272,3.0,1.0,0.0,0.3836727491738574,0.0,0.0,0.0,0.6163272508261426,0.0,0.0,0.0,2.232654501652285,0.6163272508261426,0.0,0.3836727491738574,1417.611477870158,26853.204355313934,1.0,1.0,1.0,11.383672749173858,3.0,4.0,80.0,0.3836727491738574,1.0,3.8489817524784278,3.0,1.0,0.0,0.6163272508261426,0.6163272508261426,1
31.121479245896897,1.0,0.0,0.0,516.2463998698579,1.0,0.0,0.0,19.757041508206207,3.0,0.06073962294844848,0.0,0.9392603770515515,0.0,0.0,0.0,1.0,214.1163171788008,1.9392603770515515,0.0,70.8785207541031,1.121479245896897,2.0,0.0,0.0,1.0,0.0,0.0,0.0,0.0,0.0,0.0,2.878520754103103,0.06073962294844848,0.9392603770515515,0.0,4605.465811555563,24892.41141184838,3.121479245896897,1.0,0.9392603770515515,11.242958491793793,3.0,3.0,80.0,0.9392603770515515,4.1214792458968965,2.0607396229484483,3.0,2.0607396229484483,2.0,1.878520754103103,2.0,1
32.31072298539428,1.0,0.0,0.0,895.5373688847935,1.0,0.0,0.0,3.692932540083767,2.1035743284647603,0.0,0.0,1.0,0.0,0.0,0.0,1.0,1740.52518269328,1.2071486569295204,1.0,39.17871642323801,1.2071486569295204,2.0,0.0,0.0,1.0,0.0,0.0,0.0,0.0,0.0,0.0,2.2071486569295207,1.0,0.0,0.0,6639.504469155491,12286.307471785103,5.482128357676199,1.0,0.10357432846476022,15.31072298539428,3.0,2.2071486569295207,80.0,0.0,10.0,2.0,3.0,1.0357432846476016,0.7250202992533215,0.7250202992533215,0.7250202992533215,1
44.7955980640106,0.2232704743535645,0.7767295256464355,0.0,245.25787725393255,0.7767295256464355,0.2232704743535645,0.0,4.669811423060693,3.2232704743535647,0.7767295256464355,0.2232704743535645,0.0,0.0,0.0,0.0,1.0,682.6918536363082,1.446540948707129,0.7767295256464355,55.33018857693931,2.7767295256464353,2.2232704743535647,0.0,0.0,0.7767295256464355,0.2232704743535645,0.0,0.0,0.0,0.0,0.0,1.7767295256464355,0.7767295256464355,0.2232704743535645,0.0,9500.795619752878,10108.361719281536,2.339622846121387,1.0,0.2232704743535645,17.10691810258574,3.0,3.2232704743535647,80.0,0.0,13.135220910131984,3.8836476282321772,2.7767295256464353,8.44654094870713,7.4465409487071295,6.5534590512928705,7.4465409487071295,1
34.63061303653697,0.0,1.0,0.0,341.29701918272417,1.0,0.0,0.0,9.782506836264586,3.2681244303112846,0.0,0.0,0.0,0.0,0.7318755696887155,0.2681244303112845,1.0,1386.7214630635797,1.8043732909338535,0.2681244303112845,59.04373290933854,3.0,2.0,0.0,0.0,1.0,0.0,0.0,0.0,0.0,0.0,0.0,2.2681244303112846,1.0,0.0,0.0,5486.954965767198,17422.25888330716,4.463751139377431,1.0,0.2681244303112845,11.804373290933853,3.0,1.8043732909338535,80.0,0.0,6.463751139377431,4.0,1.536248860622569,3.6593778484435773,2.1956267090661465,0.0,0.0,1
27.2220086418223,1.0,0.0,0.0,1477.8035799368563,0.19449783954442568,0.8055021604555743,0.0,9.860523765011317,1.0,0.0,0.0,0.8055021604555743,0.0,0.19449783954442568,0.0,1.0,1054.2168416429117,2.6110043209111486,0.0,75.69353672774476,3.0,1.0,0.0,0.8055021604555743,0.0,0.0,0.0,0.0,0.0,0.0,0.19449783954442568,3.6110043209111486,0.19449783954442568,0.8055021604555743,0.0,2648.6200157670205,22763.80862372783,1.0,1.0,1.0,11.972489197722128,3.0,3.6110043209111486,80.0,0.0,1.9724891977221284,4.0,2.1944978395444257,1.7779913581777027,1.3889956790888514,0.19449783954442568,0.7779913581777027,1
31.740008479062347,0.03249894011720689,0.0,0.9675010598827931,1448.6183277684613,1.0,0.0,0.0,10.740008479062345,3.9350021197655862,0.0,0.0,0.03249894011720689,0.0,0.0,0.9675010598827931,1.0,633.8924056704315,3.902503179648379,0.9675010598827931,60.16249470058604,3.9675010598827933,2.0,0.0,0.0,1.0,0.0,0.0,0.0,0.0,0.0,0.0,3.0,0.03249894011720689,0.9675010598827931,0.0,4702.7751377847635,23942.306576842086,8.032498940117208,1.0,0.0,12.064997880234413,3.0,3.902503179648379,80.0,0.0,5.935002119765587,2.0324989401172067,3.0,3.9350021197655862,2.0,1.0324989401172069,1.9350021197655862,1
29.887459913831695,1.0,0.0,0.0,224.43078617725791,0.0,1.0,0.0,20.649518965980345,3.0,0.0,0.0,1.0,0.0,0.0,0.0,1.0,1002.874599138317,1.3376202585049137,0.0,52.9517637914054,2.8874599138316954,1.0,0.0,0.0,0.0,0.0,0.0,1.0,0.0,0.0,0.0,2.774919827663391,0.11254008616830458,0.8874599138316954,0.0,2162.6109034377787,11532.247594829902,4.225080172336609,1.0,1.0,12.012860775514742,3.1125400861683046,2.1125400861683046,80.0,0.0,6.549839655326782,2.3376202585049137,3.0,4.437299569158477,1.7749198276633908,0.0,0.8874599138316954,1
45.72003996009303,1.0,0.0,0.0,955.5672889283546,0.27783675783532347,0.7221632421646765,0.0,23.166489726494028,2.2778367578353236,0.0,0.0,0.7221632421646765,0.0,0.0,0.27783675783532347,1.0,1643.6107535721135,1.8335102735059703,1.0,80.32979452988059,2.7221632421646764,1.0,0.0,0.7221632421646765,0.0,0.0,0.0,0.0,0.0,0.0,0.27783675783532347,3.444326484329353,1.0,0.0,0.0,2457.5280708487394,10173.759258039709,1.0,1.0,0.27783675783532347,15.16648972649403,3.0,3.444326484329353,80.0,0.0,3.888652968658706,3.0,3.2778367578353236,3.1664897264940297,1.444326484329353,0.7221632421646765,0.0,1
27.728354972175644,1.0,0.0,0.0,676.4107147955094,0.0,1.0,0.0,2.086580111297428,2.0,0.0,0.0,1.0,0.0,0.0,0.0,1.0,773.4615808250106,1.2037337708682676,0.0,69.03733770868268,1.1358225139121785,1.0,0.0,0.06791125695608924,0.0,0.0,0.0,0.9320887430439108,0.0,0.0,0.0,2.0,0.9320887430439108,0.06791125695608924,0.0,2215.5925324582636,3838.0443715219553,6.592532458263465,1.0,0.9320887430439108,13.0,3.0,3.7962662291317324,80.0,0.06791125695608924,9.388798687395196,3.9320887430439107,2.8641774860878213,6.592532458263465,6.524621201307375,2.7962662291317324,6.524621201307375,1
20.004003885966913,0.6680012953223041,0.3319987046776959,0.0,1071.7210233046203,0.3319987046776959,0.6680012953223041,0.0,7.676009067256129,2.6680012953223042,0.0,0.3319987046776959,0.6680012953223041,0.0,0.0,0.0,1.0,1259.9392940493442,2.6680012953223042,0.0,47.28795595904166,2.3319987046776958,1.0,0.0,0.6680012953223041,0.0,0.0,0.0,0.0,0.0,0.0,0.3319987046776959,1.9959961140330877,1.0,0.0,0.0,1466.7958018156874,17643.782494835483,1.0,1.0,0.3319987046776959,12.668001295322304,3.0,1.6639974093553918,80.0,0.0,0.6680012953223041,4.672005181289217,2.6639974093553915,0.6680012953223041,0.0,0.6680012953223041,0.0,1
31.70636695273668,0.14127339054733556,0.8587266094526644,0.0,1035.2771566542162,0.8587266094526644,0.14127339054733556,0.0,3.119100858210034,3.141273390547336,0.0,0.0,1.0,0.0,0.0,0.0,1.0,1290.17199013182,3.858726609452664,0.0,52.44599270397931,3.141273390547336,1.0,0.0,0.14127339054733556,0.0,0.0,0.0,0.0,0.0,0.0,0.8587266094526644,1.8587266094526644,1.0,0.0,0.0,2364.301565231375,8311.936330472634,1.0,1.0,0.8587266094526644,11.706366952736678,3.0,1.2825467810946711,80.0,0.0,5.119100858210034,1.8587266094526644,3.858726609452664,4.9778274676626975,3.554007296020691,3.8365540771153626,3.695280686568026,1
26.817976082780735,1.0,0.0,0.0,575.0460532182304,0.0,1.0,0.0,21.605740573214476,4.515105796173497,0.0,0.2424471019132517,0.0,0.0,0.7575528980867483,0.0,1.0,674.3436429628765,3.2424471019132515,0.0,77.54607175165779,2.0,1.0,0.0,0.0,0.0,0.0,0.0,1.0,0.0,0.0,0.0,1.7575528980867483,0.2424471019132517,0.7575528980867483,0.0,2559.0921435033156,18293.938822452168,4.030211592346993,1.0,0.2424471019132517,15.757552898086749,3.0,1.7575528980867483,80.0,0.0,4.787764490433742,2.0,3.7575528980867485,1.7575528980867483,1.5151057961734966,0.7575528980867483,0.7575528980867483,1
45.60926318656662,1.0,0.0,0.0,638.8752789687899,0.0,1.0,0.0,4.608576171249132,2.3478559571877167,0.0,0.32607202140614155,0.0,0.0,0.6739279785938584,0.0,1.0,887.004122091905,4.0,1.0,44.80463159328331,3.0,1.0,0.0,0.0,0.0,0.0,0.0,1.0,0.0,0.0,0.0,3.0,1.0,0.0,0.0,1999.674128532972,26478.72760052554,3.0217839357815754,1.0,0.32607202140614155,19.76106372172016,3.6739279785938583,1.9782160642184246,80.0,0.0,5.043567871563151,4.326072021406142,3.0,1.0,0.0,0.32607202140614155,0.32607202140614155,1
42.120040819236806,0.0,0.7008713399668177,0.2991286600331823,1113.0543213598494,0.2991286600331823,0.7008713399668177,0.0,28.299128660033183,2.0,0.0,0.2991286600331823,0.7008713399668177,0.0,0.0,0.0,1.0,1305.4337232072912,1.2991286600331824,1.0,91.61568411940272,1.7008713399668176,2.0,0.0,0.7008713399668177,0.2991286600331823,0.0,0.0,0.0,0.0,0.0,0.0,1.0,1.0,0.0,0.0,4488.90313212273,22441.681591950237,4.495643300165911,1.0,0.0,19.401742679933637,3.7008713399668176,1.8973859800995467,80.0,0.0,16.11132741956863,3.196514640132729,3.0,3.401742679933635,2.7008713399668176,1.2991286600331824,2.7008713399668176,1
38.62498276613249,0.5416674873270242,0.4583325126729758,0.0,323.1246380887823,1.0,0.0,0.0,18.29168225921346,2.5416674873270244,0.5416674873270242,0.0,0.0,0.0,0.4583325126729758,0.0,1.0,484.6663055761094,2.0,0.4583325126729758,41.874987690094635,3.0,2.5416674873270244,0.0,0.0,1.0,0.0,0.0,0.0,0.0,0.0,0.0,3.5416674873270244,0.0,1.0,0.0,7252.625691816682,24033.209213901897,1.9166650253459516,1.0,0.4583325126729758,18.333339898616195,3.5416674873270244,2.6250024619810723,80.0,2.0833349746540484,13.666660101383806,3.4583325126729756,2.4583325126729756,7.250004923962145,3.5416674873270244,1.0,6.250004923962145,1
31.106905105275175,1.0,0.0,0.0,868.3811186424603,0.0,1.0,0.0,2.7767262763187937,4.0,0.0,1.0,0.0,0.0,0.0,0.0,1.0,776.8655201423461,3.0,1.0,51.04872079607215,2.8705456206135347,1.1294543793864655,0.0,0.0,0.0,0.0,0.0,1.0,0.0,0.0,0.0,2.8705456206135347,0.8705456206135345,0.12945437938646553,0.0,4454.364998077034,16551.74086289762,5.482182482454138,1.0,0.0,16.741091241227068,3.0,3.611636861840603,80.0,0.0,5.776726276318794,3.0,2.0,2.7767262763187937,2.0,2.6472718969323275,1.7767262763187937,1
25.471930500842877,1.0,0.0,0.0,1381.4926486212405,0.6943861001685755,0.3056138998314245,0.0,3.833683398988547,1.0,0.6943861001685755,0.3056138998314245,0.0,0.0,0.0,0.0,1.0,1008.0651122118697,3.0,0.6943861001685755,83.16631660101146,3.0,1.0,0.0,0.3056138998314245,0.0,0.0,0.0,0.0,0.0,0.0,0.6943861001685755,1.0,0.0,0.3056138998314245,0.6943861001685755,2844.490262408394,16239.951976758495,0.3056138998314245,1.0,0.3056138998314245,12.833683398988548,3.0,2.3056138998314246,80.0,0.6943861001685755,3.777544400674302,3.9168416994942734,3.0,3.0831583005057266,2.0831583005057266,0.0,1.388772200337151,1
24.525611044305837,1.0,0.0,0.0,734.9437613356057,0.8948777911388328,0.10512220886116719,0.0,2.7897555822776656,2.2102444177223344,0.0,0.10512220886116719,0.8948777911388328,0.0,0.0,0.0,1.0,857.3947269815455,1.0,0.10512220886116719,61.95145594302615,3.0,1.8948777911388328,0.0,0.0,0.8948777911388328,0.0,0.0,0.10512220886116719,0.0,0.0,0.0,3.105122208861167,0.8948777911388328,0.10512220886116719,0.0,4599.075663860845,24925.7586376651,9.0,1.0,0.10512220886116719,14.0,3.0,1.1051222088611672,80.0,0.31536662658350156,4.0,3.0,3.105122208861167,2.0,2.0,2.0,0.21024441772233438,1
30.25961305982044,0.24679564672652043,0.7532043532734796,0.0,585.1386938607885,0.0,1.0,0.0,23.07690447856351,2.493591293453041,0.0,0.7532043532734796,0.0,0.0,0.24679564672652043,0.0,1.0,283.4292624493091,3.0,1.0,65.81729141874307,2.2467956467265204,1.0,0.0,1.0,0.0,0.0,0.0,0.0,0.0,0.0,0.0,2.2467956467265204,1.0,0.0,0.0,3469.6217654243924,11535.265659098355,0.24679564672652043,1.0,0.24679564672652043,11.49359129345304,3.0,2.2467956467265204,80.0,0.0,5.012817413093918,2.2467956467265204,3.506408706546959,4.259613059820438,3.506408706546959,1.2467956467265204,3.506408706546959,1
43.431868203222066,0.47970957868650244,0.5202904213134976,0.0,195.34772416357043,0.0,1.0,0.0,3.5608712639404927,3.0,0.0,0.5202904213134976,0.0,0.0,0.47970957868650244,0.0,1.0,997.8116168525399,2.959419157373005,0.47970957868650244,55.68261379182148,3.0,1.0,0.0,0.5202904213134976,0.0,0.0,0.0,0.47970957868650244,0.0,0.0,0.0,2.4797095786865024,1.0,0.0,0.0,2449.3434459851305,25965.814208500626,1.9188383147460097,1.0,0.0,20.357967050805517,3.4797095786865024,1.0,80.0,0.0,5.439128736059507,3.4797095786865024,3.0,2.040580842626995,1.0405808426269951,0.5202904213134976,1.0405808426269951,1
24.01311784004357,1.0,0.0,0.0,448.39374549564707,0.0,0.5013117840043568,0.49868821599564317,13.530171032100206,3.5039353520130705,0.0,0.0,0.0,0.0,1.0,0.0,1.0,565.4986882159957,2.0026235680087137,0.49868821599564317,61.52492389608278,2.0,1.0,0.0,0.0,0.0,0.0,0.0,0.5013117840043568,0.49868821599564317,0.0,0.0,2.9973764319912863,0.49868821599564317,0.5013117840043568,0.0,2554.9763878879216,18368.320285591402,3.0052471360174273,1.0,0.0,14.005247136017427,3.0,2.498688215995643,80.0,0.0,3.506558920021784,2.498688215995643,4.0,1.5013117840043568,1.0026235680087137,0.5013117840043568,0.5013117840043568,1
42.268638133500254,0.5462723732999494,0.4537276267000506,0.0,452.94726841768636,1.0,0.0,0.0,23.814910506800203,2.9074552534001015,0.5462723732999494,0.0,0.4537276267000506,0.0,0.0,0.0,1.0,579.1157043264097,2.0925447465998985,0.5462723732999494,82.51928405440162,2.4537276267000507,2.0,0.0,0.0,1.0,0.0,0.0,0.0,0.0,0.0,0.0,2.0925447465998985,0.0,1.0,0.0,5429.894349690094,5892.210739183975,2.0,1.0,0.5462723732999494,12.907455253400101,3.0,2.3611828801001518,80.0,2.0,6.638817119899848,5.0925447465998985,3.0,3.7313618664997468,2.6388171198998482,0.5462723732999494,0.0,1
23.064940588559196,0.9783531371469342,0.02164686285306583,0.0,1310.6269083846225,0.0,1.0,0.0,7.935059411440802,1.021646862853066,0.0,1.0,0.0,0.0,0.0,0.0,1.0,1665.903222654837,3.978353137146934,0.9783531371469342,92.89176568573467,2.0,1.0,0.0,0.9783531371469342,0.0,0.0,0.0,0.02164686285306583,0.0,0.0,0.0,3.0,0.9783531371469342,0.02164686285306583,0.0,3953.867141589474,20592.753821210157,1.0,1.0,1.0,11.064940588559198,3.0,1.0,80.0,0.02164686285306583,5.064940588559198,2.0,3.0,5.064940588559198,4.064940588559198,1.0,2.1082343142653293,1
49.745989800106514,1.0,0.0,0.0,635.8212331990566,0.4648585999847833,0.5351414000152167,0.0,5.254010199893483,3.60542420004565,0.0,0.4648585999847833,0.0,0.0,0.5351414000152167,0.0,1.0,896.0955956221251,3.0,0.4648585999847833,71.49197960021303,2.0,3.0,0.0,0.0,0.4648585999847833,0.5351414000152167,0.0,0.0,0.0,0.0,0.0,4.0,0.4648585999847833,0.5351414000152167,0.0,9913.327770008369,14142.914510815552,0.4648585999847833,1.0,0.0,16.0,3.0,2.9297171999695664,80.0,0.5351414000152167,22.378535000380417,3.535141400015217,3.0,21.8433936003652,7.464858599984783,2.39457579995435,8.070282800030434,1
24.76757173942822,0.0,0.4229732337142639,0.5770267662857361,267.7256884519989,0.4229732337142639,0.5770267662857361,0.0,7.1540535325714725,1.4229732337142638,0.4229732337142639,0.5770267662857361,0.0,0.0,0.0,0.0,1.0,901.7930865377274,3.4229732337142638,0.5770267662857361,60.1202580154296,2.1540535325714725,1.0,0.0,0.5770267662857361,0.0,0.0,0.0,0.0,0.0,0.0,0.4229732337142639,3.0,0.5770267662857361,0.0,0.4229732337142639,2093.069035470276,13004.865876470314,0.5770267662857361,1.0,0.0,13.691892934857055,3.0,4.0,80.0,0.4229732337142639,1.2689197011427917,1.2689197011427917,2.5770267662857362,0.8459464674285277,0.8459464674285277,0.4229732337142639,0.0,1
47.102735172718454,1.0,0.0,0.0,413.2327271036064,0.8424664038973635,0.1575335961026365,0.0,7.897264827281544,3.315067192205273,0.8424664038973635,0.0,0.0,0.0,0.1575335961026365,0.0,1.0,1475.1163635518033,1.315067192205273,0.8424664038973635,56.09587349866855,2.8424664038973635,3.0,0.0,0.0,0.8424664038973635,0.1575335961026365,0.0,0.0,0.0,0.0,0.0,4.0,0.0,0.1575335961026365,0.8424664038973635,10107.499952515493,15770.494040531594,3.369865615589454,1.0,0.0,11.787667980513183,3.0,1.1575335961026365,80.0,1.0,28.94520157661582,1.4726007883079095,3.8424664038973635,11.09587349866855,7.0,3.5273992116920905,3.945201576615819,1
29.714418190321584,0.11906969838693071,0.8809303016130693,0.0,167.50973698863643,0.8809303016130693,0.11906969838693071,0.0,14.190696983869307,2.8809303016130694,0.0,0.0,0.11906969838693071,0.0,0.8809303016130693,0.0,1.0,1341.020549777623,1.1190696983869306,0.11906969838693071,50.88093030161307,2.8809303016130694,2.0,0.0,0.0,0.8809303016130693,0.11906969838693071,0.0,0.0,0.0,0.0,0.0,2.1190696983869306,0.8809303016130693,0.11906969838693071,0.0,5782.979524456427,17248.289439606782,4.761860603226139,1.0,0.11906969838693071,11.238139396773862,3.0,1.0,80.0,0.0,7.119069698386931,3.6427909048392078,1.2381393967738614,4.523721206452278,2.6427909048392078,0.0,0.11906969838693071,1
29.14546314819563,0.5506481216863386,0.4493518783136614,0.0,1002.656750817942,0.5506481216863386,0.4493518783136614,0.0,17.43638944458689,3.4493518783136614,0.0,0.4493518783136614,0.0,0.0,0.5506481216863386,0.0,1.0,933.0523228856667,2.6519443650590158,0.5506481216863386,45.18963005301858,2.0,2.0,0.0,0.0,0.5506481216863386,0.0,0.0,0.4493518783136614,0.0,0.0,0.0,1.8987037566273228,1.0,0.0,0.0,4958.430163539425,3093.207872090388,3.753240608431693,1.0,0.0,19.246759391568308,3.4493518783136614,2.5506481216863386,80.0,0.0,9.594815026509291,2.898703756627323,2.4493518783136614,8.044166904822953,4.797407513254646,1.8987037566273228,4.6961112698819685,1
22.399130535462497,1.0,0.0,0.0,612.9288685382826,0.0,1.0,0.0,2.920173892907501,1.079826107092499,0.0,0.0,1.0,0.0,0.0,0.0,1.0,902.2517331399815,2.079826107092499,0.03991305354624952,35.11756549929498,2.9600869464537505,1.9600869464537505,0.0,0.03991305354624952,0.0,0.9600869464537505,0.0,0.0,0.0,0.0,0.0,3.0,0.03991305354624952,0.9600869464537505,0.0,4153.398343386104,10003.999212850642,0.0,1.0,1.0,18.80043473226875,3.0,1.1197391606387486,80.0,0.9600869464537505,4.0,2.9600869464537505,3.8802608393612514,3.0,2.0,0.03991305354624952,2.0,1
51.067100554497735,1.0,0.0,0.0,1320.839362145173,0.0,1.0,0.0,4.2684022179909356,3.9731597782009063,0.0,0.0,1.0,0.0,0.0,0.0,1.0,1092.0850116030256,1.0,1.0,34.84546698667145,3.0,1.0,0.0,0.013420110899546756,0.0,0.0,0.0,0.9865798891004532,0.0,0.0,0.0,3.013420110899547,0.013420110899546756,0.9865798891004532,0.0,2462.690933973343,10331.047172126133,8.892639112803625,1.0,0.9865798891004532,12.053680443598187,3.0,3.013420110899547,80.0,2.95973966730136,17.825538558305894,2.013420110899547,3.986579889100453,9.91947933460272,0.02684022179909351,1.9865798891004531,6.906059223703172,1
26.46254882431692,0.3781209313069236,0.0,0.6218790686930764,366.76215822978156,0.3781209313069236,0.6218790686930764,0.0,13.537451175683083,2.3781209313069236,0.0,0.6218790686930764,0.0,0.0,0.0,0.3781209313069236,1.0,978.9001301981784,3.3781209313069236,1.0,42.59691161823769,2.0,1.0,0.0,0.0,0.0,0.0,0.0,0.6218790686930764,0.0,0.0,0.3781209313069236,1.3781209313069236,1.0,0.0,0.0,2245.3758137386153,10180.204650759904,0.3781209313069236,1.0,1.0,18.596911618237687,3.6218790686930764,1.3781209313069236,80.0,0.0,2.8656372060792292,1.1343627939207708,3.3781209313069236,2.243758137386153,1.2437581373861528,0.6218790686930764,1.2437581373861528,1
28.41468968458642,1.0,0.0,0.0,761.5316008083687,0.6178908070488685,0.38210919295113155,0.0,9.96741950836471,2.235781614097737,0.6178908070488685,0.0,0.0,0.0,0.0,0.38210919295113155,1.0,652.3638265125956,4.0,0.0,45.845384981485076,3.0,1.0,0.0,0.0,0.0,0.0,0.0,0.38210919295113155,0.0,0.0,0.6178908070488685,3.3821091929511313,1.0,0.0,0.0,2790.626747513721,9043.009425973683,1.0,1.0,0.6178908070488685,15.29265515770679,3.0,1.6178908070488685,80.0,0.0,1.0,2.3821091929511313,2.6178908070488687,1.0,0.0,0.0,0.0,1
55.744368497316565,1.0,0.0,0.0,1170.2313343864066,0.0,1.0,0.0,22.977473989266265,2.1022526010733733,0.0,0.0,1.0,0.0,0.0,0.0,1.0,1864.7696757566966,1.0,1.0,93.77904306618873,3.0,1.0,0.0,0.9488736994633132,0.0,0.0,0.0,0.051126300536686764,0.0,0.0,0.0,3.9488736994633133,0.9488736994633132,0.051126300536686764,0.0,2580.5580861323774,10264.629967338105,1.4090104042934941,1.0,0.051126300536686764,15.795494797853253,3.0,3.9488736994633133,80.0,0.1533789016100603,5.664641906976928,2.9488736994633133,3.0511263005366867,4.306757803220121,1.8977473989266265,1.0511263005366867,0.35788410375680735,1
28.426672333952638,0.4266723339526386,0.5733276660473614,0.0,674.0622178471788,0.0,1.0,0.0,1.0,3.426672333952639,0.0,0.5733276660473614,0.0,0.0,0.4266723339526386,0.0,1.0,1286.3623292545344,1.0,1.0,68.46697836739511,2.0,1.0,0.0,0.5733276660473614,0.0,0.0,0.0,0.4266723339526386,0.0,0.0,0.0,1.5733276660473614,0.4266723339526386,0.0,0.5733276660473614,2496.1586738550827,7334.082312252676,3.133361669763193,1.0,0.0,14.146655332094722,3.0,1.8533446679052772,80.0,1.1466553320947228,5.266723339526386,2.0,2.146655332094723,4.413378671621109,2.98670633766847,0.0,2.98670633766847,1
32.28341787163835,0.01574543731324174,0.9842545626867583,0.0,1120.9691680478102,0.01574543731324174,0.9842545626867583,0.0,15.795309314927858,1.0157454373132417,0.01574543731324174,0.0,0.9842545626867583,0.0,0.0,0.0,1.0,33.22043612238539,1.9842545626867583,0.01574543731324174,72.22043612238538,1.0157454373132417,1.0,0.0,0.0,0.0,0.0,0.0,0.9842545626867583,0.0,0.0,0.01574543731324174,1.0314908746264835,0.9842545626867583,0.01574543731324174,0.0,3899.5386394808334,4667.285724100167,1.0,1.0,1.0,21.874036501494068,3.9842545626867585,2.0157454373132415,80.0,0.0,9.889781938807308,4.952763688060275,3.0,9.889781938807308,2.0,5.905527376120549,6.9212728134337915,1
31.270842699995463,1.0,0.0,0.0,368.5396817665068,0.0,0.030093633332828995,0.969906366667171,17.729157300004537,4.969906366667171,0.0,0.0,0.030093633332828995,0.969906366667171,0.0,0.0,1.0,1832.7311609334886,4.0,1.0,88.90971910000151,3.9699063666671712,1.0,0.0,0.030093633332828995,0.0,0.0,0.0,0.0,0.969906366667171,0.0,0.0,1.0,0.030093633332828995,0.969906366667171,0.0,2927.7721719338065,21505.11146079983,0.09028089999848699,1.0,0.0,16.909719100001514,3.0,2.9699063666671712,80.0,0.0,2.3912172333267767,3.9699063666671712,2.939812733334342,1.120374533331316,0.12037453333131598,0.030093633332828995,0.0,1
34.982702300512784,1.0,0.0,0.0,367.8475872748735,0.0,1.0,0.0,6.626305367863168,2.6609007668375955,0.0,0.6609007668375954,0.33909923316240465,0.0,0.0,0.0,1.0,170.70561749265232,2.982702300512786,0.6609007668375954,65.43603067350381,2.3390992331624045,1.0,0.0,0.33909923316240465,0.0,0.0,0.0,0.6609007668375954,0.0,0.0,0.0,2.321801533675191,0.0,1.0,0.0,3157.0734222164024,21686.121405512476,2.3736946321368326,1.0,0.6609007668375954,18.017297699487216,3.3390992331624045,1.0,80.0,0.6609007668375954,5.730091564786451,1.017297699487214,2.678198466324809,3.712793865299237,2.3736946321368326,0.33909923316240465,2.3736946321368326,1
35.47577630635306,0.1790310522541224,0.8209689477458776,0.0,539.5162737295053,0.0,1.0,0.0,4.969341574795347,3.1790310522541225,0.0,0.0,1.0,0.0,0.0,0.0,1.0,1290.6532720983275,3.641937895491755,0.0,39.98221103791077,3.0,1.0,0.0,0.0,0.0,0.0,0.0,1.0,0.0,0.0,0.0,2.8209689477458775,0.8209689477458776,0.1790310522541224,0.0,4241.368294931373,4219.37699249796,2.4322484180329793,1.0,0.1790310522541224,13.074186313524734,3.0,1.0,80.0,0.5370931567623671,7.0,2.0,1.3580621045082448,6.641937895491755,2.358062104508245,6.462906843237633,6.28387579098351,1
30.541178920067402,0.45882107993259647,0.0,0.5411789200674035,244.6122472532785,0.0,1.0,0.0,14.964674039123754,2.4588210799325965,0.0,0.5411789200674035,0.45882107993259647,0.0,0.0,0.0,1.0,996.9646740391238,2.082357840134807,0.5411789200674035,46.917642159865196,2.4588210799325965,1.0,0.0,0.0,0.0,0.0,0.0,1.0,0.0,0.0,0.0,1.917642159865193,0.5411789200674035,0.45882107993259647,0.0,2234.282815892739,10880.38525427797,1.8352843197303859,1.0,1.0,16.95296812074144,3.5411789200674035,1.4588210799325965,80.0,0.0,5.37646323979779,0.9176421598651929,3.0,3.917642159865193,2.0,0.5411789200674035,1.5411789200674035,1
35.029681158411975,0.9851594207940123,0.014840579205987692,0.0,733.5421450450049,0.9851594207940123,0.014840579205987692,0.0,10.0,3.0,0.0,1.0,0.0,0.0,0.0,0.0,1.0,1619.751768769834,3.955478262382037,1.0,55.089043475235925,2.0148405792059876,3.0,0.0,0.0,0.9851594207940123,0.014840579205987692,0.0,0.0,0.0,0.0,0.0,1.0296811584119754,0.0,0.9851594207940123,0.014840579205987692,10302.171130564855,21545.478724111847,8.955478262382037,1.0,0.0,16.910956524764075,3.0,2.9851594207940124,80.0,0.029681158411975384,15.029681158411975,3.029681158411975,3.0,12.821913049528147,11.821913049528147,5.910956524764074,0.0,1
25.489660095068725,1.0,0.0,0.0,406.83012462667796,0.8367799683104251,0.16322003168957488,0.0,7.857459778172975,2.3264400633791498,0.0,0.0,1.0,0.0,0.0,0.0,1.0,1263.538465933707,1.0,1.0,69.79542034858532,2.163220031689575,1.0,0.0,0.16322003168957488,0.0,0.0,0.0,0.0,0.0,0.0,0.8367799683104251,1.3264400633791498,0.16322003168957488,0.8367799683104251,0.0,4250.653671004039,15141.684652172675,2.836779968310425,1.0,0.0,11.836779968310426,3.0,1.3264400633791498,80.0,0.0,5.836779968310426,2.4896600950687247,2.6735599366208502,2.5103399049312753,1.6735599366208502,1.6735599366208502,1.6735599366208502,1
52.30038639024101,1.0,0.0,0.0,1281.1275582342396,0.0,1.0,0.0,9.20154556096404,3.4798454439035957,0.0,0.0,1.0,0.0,0.0,0.0,1.0,1295.8238316678148,1.0,1.0,50.38486851703673,3.0,1.0,0.0,0.260077278048202,0.0,0.0,0.0,0.739922721951798,0.0,0.0,0.0,3.260077278048202,0.260077278048202,0.739922721951798,0.0,2493.7697370340734,10313.534513258577,6.919381775614384,1.0,0.739922721951798,13.040309112192809,3.0,3.260077278048202,80.0,2.219768165855394,14.618995385373374,2.260077278048202,3.739922721951798,8.439536331710787,0.520154556096404,1.7399227219517979,5.179459053662586,1
53.55099353146021,0.738293737144718,0.261706262855282,0.0,481.1385316122809,0.261706262855282,0.738293737144718,0.0,6.214881211434154,3.7382937371447182,0.261706262855282,0.738293737144718,0.0,0.0,0.0,0.0,1.0,1131.7921387901943,2.476587474289436,0.261706262855282,53.785118788565846,2.2617062628552818,2.7382937371447182,0.0,0.0,0.261706262855282,0.738293737144718,0.0,0.0,0.0,0.0,0.0,1.261706262855282,0.261706262855282,0.738293737144718,0.0,9837.1058103555,11377.89406206173,5.429762422868308,1.0,0.738293737144718,15.046825051421127,3.0,3.7382937371447182,80.0,0.0,24.980755954328515,1.3085313142764097,2.2617062628552818,9.476587474289436,8.476587474289436,5.5234125257105635,8.476587474289436,1
30.24547709359509,0.7545229064049134,0.0,0.24547709359508663,186.35898743823208,0.0,1.0,0.0,18.808797783263874,2.7545229064049135,0.0,0.24547709359508663,0.7545229064049134,0.0,0.0,0.0,1.0,1000.8087977832639,1.4909541871901733,0.24547709359508663,47.50904581280982,2.7545229064049135,1.0,0.0,0.0,0.0,0.0,0.0,1.0,0.0,0.0,0.0,2.509045812809827,0.24547709359508663,0.7545229064049134,0.0,2178.3951706894713,11240.25437709478,3.0180916256196535,1.0,1.0,13.700248029545953,3.2454770935950865,1.7545229064049135,80.0,0.0,6.2635687192147405,1.5090458128098267,3.0,4.509045812809827,2.0,0.24547709359508663,1.2454770935950865,1
32.75834688091768,0.3516693761835352,0.6483306238164648,0.0,998.4578591678813,0.6483306238164648,0.3516693761835352,0.0,6.275040642753028,3.351669376183535,0.0,0.0,1.0,0.0,0.0,0.0,1.0,1229.3675502829583,3.648330623816465,0.0,50.131636861981114,3.351669376183535,1.0,0.0,0.3516693761835352,0.0,0.0,0.0,0.0,0.0,0.0,0.6483306238164648,1.6483306238164648,1.0,0.0,0.0,2457.086194896939,8301.416531190824,1.0,1.0,0.6483306238164648,12.758346880917676,3.0,1.7033387523670704,80.0,0.0,8.275040642753028,1.6483306238164648,3.648330623816465,7.923371266569493,5.868363138018887,6.571701890385958,6.220032514202423,1
33.8295074766492,0.6477230529610216,0.3522769470389784,0.0,341.46556728984274,0.0,1.0,0.0,7.181784423688173,3.2954461059220432,0.0,1.0,0.0,0.0,0.0,0.0,1.0,1701.5555311531116,3.6477230529610214,1.0,50.954461059220435,2.6477230529610214,1.6477230529610216,0.0,0.3522769470389784,0.0,0.6477230529610216,0.0,0.0,0.0,0.0,0.0,1.0,1.0,0.0,0.0,3631.0384834916076,5119.8765317751495,3.1136616822338703,1.0,0.0,13.590892211844086,3.0,2.3522769470389786,80.0,0.0,9.295446105922043,3.2954461059220432,1.3522769470389784,6.477230529610216,1.9431691588830649,0.0,5.181784423688173,1
29.948108324025423,0.802075667038983,0.19792433296101697,0.0,480.9725448157034,1.0,0.0,0.0,7.416605336311864,2.395848665922034,0.0,0.0,1.0,0.0,0.0,0.0,1.0,1558.7442214414152,1.197924332961017,1.0,73.14603265698645,2.197924332961017,1.197924332961017,0.0,0.0,0.19792433296101697,0.0,0.0,0.0,0.0,0.0,0.802075667038983,1.395848665922034,0.0,0.802075667038983,0.19792433296101697,4860.767847133247,14998.524143345137,3.791697331844068,1.0,0.0,12.0,3.0,1.593772998883051,80.0,0.39584866592203394,7.187545997766102,2.197924332961017,3.0,3.593772998883051,2.197924332961017,1.604151334077966,1.802075667038983,1
32.61117268706501,0.6018621145108349,0.39813788548916507,0.0,380.42119249927816,0.39813788548916507,0.6018621145108349,0.0,19.018621145108348,2.398137885489165,0.0,0.0,0.6018621145108349,0.0,0.39813788548916507,0.0,1.0,749.1170476097163,1.601862114510835,0.6018621145108349,50.39813788548916,2.398137885489165,2.0,0.0,0.0,0.39813788548916507,0.6018621145108349,0.0,0.0,0.0,0.0,0.0,2.601862114510835,0.39813788548916507,0.6018621145108349,0.0,5855.8811792911365,16288.49811635246,3.79627577097833,1.0,0.6018621145108349,12.20372422902167,3.0,1.0,80.0,0.0,7.601862114510835,2.1944136564674954,2.20372422902167,2.5925515419566603,1.1944136564674952,0.0,0.6018621145108349,1
36.0,1.0,0.0,0.0,1238.8440400282084,0.7271910050605631,0.2728089949394369,0.0,13.545617989878874,4.454382010121126,0.7271910050605631,0.0,0.0,0.0,0.0,0.2728089949394369,1.0,1547.2170744462435,1.727191005060563,1.0,91.90786507590845,2.272808994939437,2.0,0.0,0.2728089949394369,0.7271910050605631,0.0,0.0,0.0,0.0,0.0,0.0,1.5456179898788738,0.0,0.0,1.0,5779.348306578732,8439.75280404845,5.545617989878874,1.0,0.7271910050605631,13.272808994939437,3.0,2.0,80.0,2.454382010121126,14.090337035423943,3.0,2.727191005060563,1.727191005060563,1.4543820101211262,1.4543820101211262,1.4543820101211262,1
26.02652389342584,1.0,0.0,0.0,975.8694805650309,0.41887699111881993,0.5811230088811801,0.0,12.554599115455341,1.8377539822376399,0.41887699111881993,0.0,0.0,0.0,0.0,0.5811230088811801,1.0,739.5318778899568,4.0,0.0,52.014813275316584,3.0,1.0,0.0,0.0,0.0,0.0,0.0,0.5811230088811801,0.0,0.0,0.41887699111881993,3.58112300888118,1.0,0.0,0.0,2759.182564596774,8987.285557513269,1.0,1.0,0.41887699111881993,16.48673805328708,3.0,1.41887699111882,80.0,0.0,1.0,2.58112300888118,2.41887699111882,1.0,0.0,0.0,0.0,1
35.457366718298836,1.0,0.0,0.0,831.1706097919422,0.6356583204252908,0.3643416795747092,0.0,15.984483049356397,3.635658320425291,0.0,1.0,0.0,0.0,0.0,0.0,1.0,1519.6047010842756,1.7286833591494184,0.3643416795747092,54.93800886256308,2.364341679574709,2.0,0.0,0.0,0.6356583204252908,0.3643416795747092,0.0,0.0,0.0,0.0,0.0,2.0,0.6356583204252908,0.3643416795747092,0.0,4692.271469971126,7755.976647908897,1.4573667182988368,1.0,0.6356583204252908,18.62789984510349,3.635658320425291,2.2713166408505816,80.0,0.7286833591494184,12.720924883827617,2.0,3.635658320425291,11.356583204252908,6.449608242977035,6.720924883827617,7.813949922551744,1
33.839986959989744,0.0,0.08000652000512909,0.9199934799948709,908.6752469162609,0.0,1.0,0.0,15.11992827994358,3.8399869599897416,0.0,0.0,0.08000652000512909,0.0,0.9199934799948709,0.0,1.0,1907.7202216801743,3.759980439984613,0.9199934799948709,81.9597522398051,1.2400195600153872,1.0,0.0,0.0,0.0,0.0,0.0,1.0,0.0,0.0,0.0,1.1600130400102582,0.08000652000512909,0.9199934799948709,0.0,2317.000815000641,14528.6455941644,1.1600130400102582,1.0,1.0,22.27994131995384,3.919993479994871,1.9199934799948708,80.0,0.9199934799948709,5.240019560015387,2.0,3.0,4.919993479994871,1.9199934799948708,2.759980439984613,0.24001956001538727,1
50.34837612942008,1.0,0.0,0.0,432.8766991652521,0.8838746235266391,0.11612537647336085,0.0,24.98074021169262,3.2322507529467215,0.8838746235266391,0.0,0.0,0.0,0.11612537647336085,0.0,1.0,1998.9114431633668,3.8838746235266393,0.8838746235266391,43.52888968246107,2.0,3.0,0.0,0.0,0.8838746235266391,0.11612537647336085,0.0,0.0,0.0,0.0,0.0,1.3483761294200827,0.0,0.11612537647336085,0.8838746235266391,10774.454117115747,16357.465259100425,3.5354984941065566,1.0,0.8838746235266391,13.348376129420082,3.0,2.0,80.0,1.0,21.625755270627053,3.1161253764733607,3.0,6.483761294200826,2.580626882366804,1.8838746235266393,1.0451283882602476,1
18.889558723308905,0.8895587233089042,0.11044127669109582,0.0,495.07427021801027,0.11044127669109582,0.0,0.8895587233089042,2.1104412766910956,2.0,0.0,0.11044127669109582,0.0,0.0,0.8895587233089042,0.0,1.0,682.8468707391794,1.1104412766910958,0.8895587233089042,53.987942980439726,2.1104412766910956,1.0,0.0,0.0,0.0,0.0,0.0,0.0,0.8895587233089042,0.0,0.11044127669109582,4.0,1.0,0.0,0.0,2454.1109296923596,18435.122498296252,1.0,1.0,0.11044127669109582,12.0,3.0,3.0,80.0,0.0,0.8895587233089042,2.8895587233089044,4.0,0.8895587233089042,0.0,0.0,0.0,1
40.046810200447695,0.45234051002238485,0.0,0.5476594899776152,781.9124239021162,0.0,1.0,0.0,6.738297449888076,2.9046810200447695,0.0,0.5476594899776152,0.45234051002238485,0.0,0.0,0.0,1.0,1031.7106459020147,2.0953189799552305,1.0,40.57191387973138,2.4523405100223847,1.0,0.0,0.0,0.0,0.0,0.0,1.0,0.0,0.0,0.0,1.9046810200447697,0.5476594899776152,0.45234051002238485,0.0,2384.327671403134,10326.523405100224,4.0710645902014635,1.0,1.0,17.476594899776153,3.5476594899776153,1.9046810200447697,80.0,1.3570215300671546,10.332767140313388,0.9046810200447697,3.4523405100223847,6.166383570156694,1.0953189799552303,1.4523405100223847,4.261702550111924,1
38.988009077868874,1.0,0.0,0.0,897.8658303893399,0.9940045389344353,0.0059954610655647,0.0,4.982013616803306,2.994004538934435,0.0,0.0,0.0,0.0,0.9940045389344353,0.0059954610655647,1.0,41.77217247950854,4.0,1.0,56.215836598360326,2.994004538934435,1.9940045389344352,0.0,0.0059954610655647,0.0,0.0,0.0,0.0,0.0,0.0,0.9940045389344353,3.994004538934435,0.0059954610655647,0.9940045389344353,0.0,2086.0239818442624,3329.370262059435,3.017986383196694,1.0,0.0059954610655647,14.005995461065565,3.0,2.994004538934435,80.0,0.9940045389344353,18.928054467213222,5.982013616803306,3.994004538934435,0.9940045389344353,0.0,0.0,0.0,1
27.361030515064943,0.3638969484935056,0.6361030515064944,0.0,479.48708353745474,0.3638969484935056,0.6361030515064944,0.0,4.455587793974022,2.272206103012989,0.3638969484935056,0.0,0.6361030515064944,0.0,0.0,0.0,1.0,1625.426958483922,3.272206103012989,0.3638969484935056,32.27220610301299,3.0,1.0,0.0,0.0,0.0,0.0,0.0,0.6361030515064944,0.0,0.0,0.3638969484935056,2.6361030515064945,1.0,0.0,0.0,3572.7247873666247,4305.5616458308305,1.0,1.0,0.0,12.363896948493506,3.0,1.3638969484935055,80.0,0.0,4.816618309038966,2.3638969484935055,1.7277938969870112,4.816618309038966,1.2722061030129888,4.816618309038966,4.4527213605454605,1
34.250137085990204,1.0,0.0,0.0,724.7312192193424,0.0,1.0,0.0,12.750228476650337,3.7500456953300674,0.0,0.24995430466993274,0.0,0.0,0.0,0.7500456953300673,1.0,805.0374701706552,2.5000913906601347,0.7500456953300673,39.49990860933987,2.2499543046699326,1.0,0.0,1.0,0.0,0.0,0.0,0.0,0.0,0.0,0.0,1.7500456953300674,0.24995430466993274,0.0,0.7500456953300673,3857.2291172341593,10111.49314570049,2.4997258280195966,1.0,0.7500456953300673,23.500091390660135,4.0,3.2501370859902017,80.0,0.7500456953300673,6.249771523349663,2.0,1.7498629140097983,4.249954304669933,2.4999086093398653,0.0,2.4999086093398653,1
46.95916843678679,0.35053931981098774,0.6494606801890123,0.0,303.54700847343236,0.6494606801890123,0.35053931981098774,0.0,5.0516179594329635,3.350539319810988,0.6494606801890123,0.35053931981098774,0.0,0.0,0.0,0.0,1.0,793.6702868751813,1.7010786396219755,0.6494606801890123,54.94838204056704,2.649460680189012,2.350539319810988,0.0,0.0,0.6494606801890123,0.35053931981098774,0.0,0.0,0.0,0.0,0.0,1.6494606801890122,0.6494606801890123,0.35053931981098774,0.0,9583.902175836574,10422.079423334086,3.103235918865926,1.0,0.35053931981098774,16.59784272075605,3.0,3.350539319810988,80.0,0.0,16.062404355652717,3.247303400945061,2.649460680189012,8.701078639621976,7.701078639621976,6.298921360378024,7.701078639621976,1
34.058516581783955,1.0,0.0,0.0,1038.1065969442225,0.6569139030360074,0.3430860969639926,0.0,10.606410714991792,1.6569139030360074,0.0,0.3430860969639926,0.6569139030360074,0.0,0.0,0.0,1.0,1235.8389872082828,1.3430860969639926,1.0,46.35109949070373,1.6861721939279852,2.0,0.0,0.0,0.6569139030360074,0.0,0.0,0.0,0.0,0.3430860969639926,0.0,1.6569139030360074,0.6569139030360074,0.3430860969639926,0.0,6713.7286619882325,11874.932725107554,6.343086096963993,1.0,0.3430860969639926,16.37234438785597,3.0,2.0,80.0,0.0,12.401602678747949,2.0,3.0,0.3430860969639926,0.0,0.0,0.0,1
35.18678365814732,0.3626432683705354,0.6373567316294646,0.0,471.36210584665184,0.3626432683705354,0.6373567316294646,0.0,7.098853853035717,3.3626432683705354,0.3626432683705354,0.6373567316294646,0.0,0.0,0.0,0.0,1.0,893.2177679232138,1.7252865367410708,1.0,68.61550863578124,2.6373567316294646,2.6373567316294646,0.0,0.0,0.3626432683705354,0.6373567316294646,0.0,0.0,0.0,0.0,0.0,2.6373567316294646,0.3626432683705354,0.0,0.6373567316294646,9996.867299159754,23883.230128622745,6.362643268370535,1.0,0.3626432683705354,11.362643268370535,3.0,2.3626432683705354,80.0,1.2747134632589292,13.373567316294647,4.274713463258929,2.6373567316294646,1.3626432683705354,0.7252865367410708,0.7252865367410708,0.7252865367410708,1
29.050950254735625,1.0,0.0,0.0,1079.5936129718755,0.012737563683906106,0.9872624363160939,0.0,1.1910634552585915,3.987262436316094,0.012737563683906106,0.9872624363160939,0.0,0.0,0.0,0.0,1.0,2011.6130230698413,1.0,0.9872624363160939,36.4203396015689,3.0,1.0127375636839062,0.0,0.0,0.012737563683906106,0.0,0.0,0.9872624363160939,0.0,0.0,0.0,3.961787308948282,0.012737563683906106,0.9872624363160939,0.0,4793.840071698258,26128.878486890935,8.949049745264375,1.0,0.9872624363160939,14.012737563683906,3.0,2.012737563683906,80.0,2.961787308948282,4.025475127367812,3.0,3.987262436316094,2.012737563683906,2.0,1.9745248726321878,2.0,1
36.946925450931396,1.0,0.0,0.0,639.8778341677079,0.23673136273284834,0.7632686372671517,0.0,16.657119539129937,2.7632686372671516,0.23673136273284834,0.0,0.0,0.0,0.0,0.7632686372671517,1.0,919.4304368696049,1.4734627254656967,1.0,77.92249228447297,2.7632686372671516,2.0,0.0,0.7632686372671517,0.23673136273284834,0.0,0.0,0.0,0.0,0.0,0.0,3.0,0.0,0.23673136273284834,0.7632686372671517,5199.986686784983,7444.193577942981,5.816343186335758,1.0,0.23673136273284834,13.526537274534304,3.0,1.7632686372671516,80.0,1.2367313627328484,8.763268637267151,3.710194088198545,2.2367313627328484,2.183656813664242,0.9469254509313934,0.23673136273284834,0.0,1
31.0,1.0,0.0,0.0,296.27041535903936,0.4164146251970451,0.5835853748029549,0.0,15.337365996847279,4.0,0.0,0.5835853748029549,0.4164146251970451,0.0,0.0,0.0,1.0,878.4756695084227,3.16717074960591,1.0,88.838878245665,2.16717074960591,2.0,0.0,0.0,0.4164146251970451,0.5835853748029549,0.0,0.0,0.0,0.0,0.0,3.0,0.0,1.0,0.0,6176.085097623621,20924.58014918734,2.2492438755911355,1.0,1.0,16.249243875591134,3.0,3.16717074960591,80.0,1.1671707496059098,10.83282925039409,3.0,2.0,8.750756124408865,4.082073125985225,6.416414625197045,7.0,1
41.542086450642785,0.4322391936696519,0.5677608063303481,0.0,333.6633083948577,0.5677608063303481,0.4322391936696519,0.0,19.08417290128557,4.0,0.0,0.4322391936696519,0.5677608063303481,0.0,0.0,0.0,1.0,1170.2690928783584,2.2967175810089557,0.4322391936696519,81.84595386587462,3.0,2.0,0.0,0.0,0.5677608063303481,0.4322391936696519,0.0,0.0,0.0,0.0,0.0,1.0,0.4322391936696519,0.5677608063303481,0.0,4254.446538862116,5354.231394438762,1.567760806330348,1.0,0.0,14.432239193669652,3.0,3.135521612660696,80.0,1.1355216126606962,7.1611959683482596,4.0,2.135521612660696,4.890152743026867,1.8644783873393038,0.0,3.4579135493572153,1
48.07553993947705,1.0,0.0,0.0,394.1232045006857,1.0,0.0,0.0,18.858814712516004,3.0,1.0,0.0,0.0,0.0,0.0,0.0,1.0,1767.2932209518194,2.55665495460779,1.0,45.25449519669958,2.4811150151307366,3.0,0.0,0.0,1.0,0.0,0.0,0.0,0.0,0.0,0.0,2.44334504539221,0.0,0.0,1.0,10489.314818530902,16297.330990921559,4.0,1.0,0.5188849848692634,12.037769969738527,3.0,1.5188849848692634,80.0,1.0,23.848920121045893,2.0377699697385268,3.4811150151307366,4.9244600605229465,4.405575075653683,2.9622300302614732,1.4433450453922099,1
27.16023816564916,1.0,0.0,0.0,480.72243570786765,0.44921244879621824,0.5507875512037818,0.0,2.0,2.449212448796218,0.0,0.44921244879621824,0.5507875512037818,0.0,0.0,0.0,1.0,594.8321945849536,1.8984248975924365,0.0,43.49212448796218,2.550787551203782,1.0,0.0,0.5507875512037818,0.0,0.0,0.0,0.0,0.0,0.0,0.44921244879621824,1.8984248975924365,0.44921244879621824,0.5507875512037818,0.0,2409.1721464481075,21752.922359696346,4.30472530722269,1.0,0.0,16.855512858426472,3.550787551203782,2.347637346388655,80.0,0.0,8.0586630632416,3.0,3.1015751024075637,5.855512858426472,4.7539377560189084,0.5507875512037818,4.7539377560189084,1
42.46206348590593,0.5025291009396049,0.4974708990603951,0.0,716.1856294974473,0.4974708990603951,0.5025291009396049,0.0,12.055640220671307,2.99494179812079,0.0,0.0,1.0,0.0,0.0,0.0,1.0,1147.9906130246845,2.0,1.0,71.88871955865739,2.497470899060395,2.0,0.0,0.0,0.4974708990603951,0.5025291009396049,0.0,0.0,0.0,0.0,0.0,3.0,0.0,0.5025291009396049,0.4974708990603951,6319.946370037041,14879.14114336699,4.98988359624158,1.0,0.5025291009396049,12.502529100939604,3.0,2.4924126971811855,80.0,0.9949417981207902,9.98988359624158,1.9949417981207902,3.0,3.4873544953019753,1.4924126971811853,0.0,1.0,1
45.88686120678228,1.0,0.0,0.0,973.3442749922675,1.0,0.0,0.0,14.804947413932771,2.6540956896424754,1.0,0.0,0.0,0.0,0.0,0.0,1.0,719.6252999955814,3.0,0.34590431035752467,51.647607758938115,2.6540956896424754,2.6540956896424754,0.0,0.0,1.0,0.0,0.0,0.0,0.0,0.0,0.0,3.6540956896424754,0.0,1.0,0.0,7213.317908604514,5946.476077589381,1.3459043103575246,1.0,0.34590431035752467,15.92457413785485,3.0,1.0,80.0,2.0,8.654095689642475,4.037712931072575,3.6540956896424754,7.962287068927425,6.616382758569902,4.924574137854852,4.578669827497327,1
30.45334613689028,0.5466538631097225,0.4533461368902775,0.0,818.9697739445029,1.0,0.0,0.0,5.37323090487778,3.4533461368902776,0.0,0.5466538631097225,0.4533461368902775,0.0,0.0,0.0,1.0,1672.4475845362654,2.0,0.5466538631097225,71.31950066127918,2.093307726219445,1.0,0.0,0.0,0.0,0.0,0.0,0.0,0.0,0.0,1.0,3.5466538631097224,1.0,0.0,0.0,1207.0302260554972,16080.201728480188,1.0,1.0,0.0,12.546653863109723,3.0,2.5466538631097224,80.0,0.0,1.0,3.0,2.4533461368902776,1.0,0.0,0.0,0.0,1
24.427908014085787,0.4046513356809647,0.5953486643190353,0.0,1012.3998959200593,0.0,1.0,0.0,2.1906973286380707,3.1906973286380707,0.0,0.0,1.0,0.0,0.0,0.0,1.0,1016.0510829153943,2.1906973286380707,0.5953486643190353,55.68837537793833,1.5953486643190353,1.0,0.0,0.0,0.0,0.0,0.0,1.0,0.0,0.0,0.0,3.1906973286380707,0.4046513356809647,0.5953486643190353,0.0,2595.2370991712255,4080.9673811759812,2.8325593497667527,1.0,1.0,11.80930267136193,3.0,2.8093026713619293,80.0,0.5953486643190353,4.6418620211286825,4.595348664319035,3.0,2.8325593497667527,2.8325593497667527,1.213954007042894,2.8325593497667527,1
31.14594174381663,1.0,0.0,0.0,118.93447574271056,0.0,1.0,0.0,9.226359230343817,3.4817572820229215,0.0,0.0,1.0,0.0,0.0,0.0,1.0,1489.991805748241,2.4452718460687635,0.0,60.32836892358742,3.0,1.0,0.0,0.5182427179770788,0.0,0.0,0.0,0.48175728202292123,0.0,0.0,0.0,1.9635145640458425,0.48175728202292123,0.0,0.5182427179770788,2228.162330247335,26167.1116694625,1.0,1.0,1.0,12.48175728202292,3.0,4.0,80.0,0.5182427179770788,4.372300974160448,2.0,3.0,4.372300974160448,0.9635145640458425,3.3723009741604484,3.3723009741604484,1
32.11634542428064,0.0,0.37673091514387225,0.6232690848561278,775.6206951069129,0.0,1.0,0.0,19.013847321150976,3.2465381697122555,0.0,0.0,0.37673091514387225,0.0,0.6232690848561278,0.0,1.0,1891.0609561396768,4.0,1.0,80.47922901827353,1.3767309151438722,1.0,0.0,0.0,0.0,0.0,0.0,1.0,0.0,0.0,0.0,2.130192745431617,0.37673091514387225,0.6232690848561278,0.0,2356.7284807989913,14570.382158137154,1.0,1.0,1.0,23.376730915143874,4.0,2.0,80.0,0.6232690848561278,3.493076339424511,2.376730915143872,2.623269084856128,3.493076339424511,1.2465381697122555,2.2465381697122555,0.0,1
43.133527893827825,0.24104060721752496,0.0,0.758959392782475,1268.8125905063182,0.758959392782475,0.24104060721752496,0.0,18.69710664121445,3.48208121443505,0.0,0.0,0.758959392782475,0.0,0.24104060721752496,0.0,1.0,1127.2497958294696,2.241040607217525,0.0,94.69710664121445,3.51791878556495,3.758959392782475,0.0,0.0,0.758959392782475,0.24104060721752496,0.0,0.0,0.0,0.0,0.0,2.48208121443505,0.758959392782475,0.24104060721752496,0.0,12464.852163166986,16479.727390495413,3.0358375711299,1.0,0.758959392782475,16.0,3.0,3.51791878556495,80.0,0.24104060721752496,24.8924872866103,2.48208121443505,2.241040607217525,8.713299430960799,1.6872842505226746,0.24104060721752496,2.1693654649577248,1
39.33969417264525,1.0,0.0,0.0,958.2539059291839,1.0,0.0,0.0,5.915628511918556,3.0,0.4915628511918556,0.0,0.5084371488081444,0.0,0.0,0.0,1.0,1207.0916214394802,2.4915628511918557,0.5084371488081444,53.67718012497103,2.4915628511918557,2.4915628511918557,0.0,0.0,1.0,0.0,0.0,0.0,0.0,0.0,0.0,2.4746885535755667,0.0,1.0,0.0,8701.380526544777,5586.969251090027,1.0,1.0,0.0,14.44093995834299,3.0,2.5253114464244333,80.0,1.4915628511918557,9.508437148808145,3.5084371488081443,3.4915628511918557,9.508437148808145,8.0,6.491562851191856,7.0,1
34.62151232315638,1.0,0.0,0.0,1161.3145967609182,0.0,1.0,0.0,15.676304141850789,2.594621919210904,0.0,0.5946219192109039,0.0,0.0,0.0,0.4053780807890961,1.0,660.4625988088379,2.2161342423672883,1.0,69.99898898919656,2.0,1.0,0.0,0.4053780807890961,0.0,0.0,0.0,0.5946219192109039,0.0,0.0,0.0,2.405378080789096,1.0,0.0,0.0,2222.6006879840315,2750.9892857689097,4.810756161578192,1.0,1.0,17.97310959605452,3.594621919210904,2.0,80.0,0.0,5.810756161578192,1.2161342423672883,3.0,1.1892438384218078,1.1892438384218078,1.1892438384218078,1.1892438384218078,1
34.15253483131095,0.0,0.016948314590105373,0.9830516854098946,964.2882696655831,0.0,1.0,0.0,16.016948314590106,3.9830516854098947,0.0,0.0,0.0,0.0,1.0,0.0,1.0,1902.6611325865654,3.9830516854098947,1.0,84.20342921426504,1.0169483145901053,1.0,0.0,0.0,0.0,0.0,0.0,1.0,0.0,0.0,0.0,1.0338966291802107,0.0,1.0,0.0,2309.2032808967137,14479.100750543048,1.135586516720843,1.0,1.0,22.881361797869264,3.9830516854098947,2.0338966291802105,80.0,1.0,5.016948314590105,2.0338966291802105,3.0,4.932206741639579,1.9661033708197893,2.9491550562296838,0.0,1
28.52049373865728,0.5204937386572783,0.4795062613427217,0.0,600.4124151540366,0.0,1.0,0.0,1.0,3.5204937386572785,0.0,0.4795062613427217,0.0,0.0,0.5204937386572783,0.0,1.0,1324.9229265881413,1.0,1.0,73.62715562615031,2.0,1.0,0.0,0.4795062613427217,0.0,0.0,0.0,0.5204937386572783,0.0,0.0,0.0,1.4795062613427217,0.5204937386572783,0.0,0.4795062613427217,2474.204465154197,7372.361445372169,3.602468693286392,1.0,0.0,13.959012522685443,3.0,2.0409874773145567,80.0,0.9590125226854433,6.204937386572784,2.0,1.9590125226854433,5.163949909258227,3.643456170600948,0.0,3.643456170600948,1
48.41060130960129,0.7607067539734194,0.23929324602658064,0.0,904.1317525900186,0.7607067539734194,0.23929324602658064,0.0,6.196466230132903,3.0,0.0,0.23929324602658064,0.7607067539734194,0.0,0.0,0.0,1.0,1085.2104986320307,1.7607067539734194,1.0,63.282120261920255,3.0,3.0,0.0,0.0,0.7607067539734194,0.23929324602658064,0.0,0.0,0.0,0.0,0.0,2.2392932460265804,0.7607067539734194,0.0,0.23929324602658064,8829.347780134582,21782.625682621616,8.282120261920259,1.0,0.7607067539734194,17.085654031787357,3.0,2.7607067539734196,80.0,0.4785864920531613,11.675052722186065,2.717879738079742,2.2392932460265804,6.324947277813935,5.324947277813935,5.324947277813935,5.324947277813935,1
26.427231287667887,1.0,0.0,0.0,198.73706810964595,0.0,0.4045385479446476,0.5954614520553524,22.0,1.8090770958892952,0.0,0.0,0.4045385479446476,0.5954614520553524,0.0,0.0,1.0,1426.7776309593003,2.786384356166057,0.5954614520553524,53.95461452055353,1.8090770958892952,1.0,0.0,0.0,0.0,0.0,0.0,0.4045385479446476,0.5954614520553524,0.0,0.0,3.0,0.0,1.0,0.0,1788.4187421640618,11566.391226794547,2.213615643833943,1.0,0.4045385479446476,11.0,3.0,2.5954614520553525,80.0,0.5954614520553524,3.427231287667886,2.0,3.0,2.6181541917785904,0.8090770958892952,0.0,0.4045385479446476,1
34.47959048707215,1.0,0.0,0.0,603.43872737224,0.0,1.0,0.0,11.744892110645978,3.826530162357383,0.0,0.0,0.17346983764261703,0.0,0.0,0.826530162357383,1.0,892.2139802406631,3.173469837642617,1.0,42.98980626578019,2.0,1.0,0.0,1.0,0.0,0.0,0.0,0.0,0.0,0.0,0.0,2.173469837642617,0.17346983764261703,0.0,0.826530162357383,3740.744892110646,9986.744671665763,0.826530162357383,1.0,1.0,22.26530162357383,3.826530162357383,4.0,80.0,0.826530162357383,4.826530162357383,2.0,1.0,3.826530162357383,2.0,0.17346983764261703,2.0,1
28.978706790281386,0.6737644032395378,0.3262355967604622,0.0,1066.332482450959,0.0,1.0,0.0,12.829654322251093,3.3475288064790756,0.0,0.3262355967604622,0.0,0.0,0.6737644032395378,0.0,1.0,159.60832306053405,3.0,1.0,56.85094753196971,2.673764403239538,1.0,0.0,1.0,0.0,0.0,0.0,0.0,0.0,0.0,0.0,2.673764403239538,1.0,0.0,0.0,3453.3969526768974,11333.309437267699,0.6737644032395378,1.0,0.6737644032395378,12.347528806479076,3.0,2.673764403239538,80.0,0.0,3.304942387041849,2.673764403239538,2.6524711935209244,2.978706790281387,2.6524711935209244,1.6737644032395378,2.6524711935209244,1
26.58391538125439,1.0,0.0,0.0,656.3595296569433,0.0,0.48321692374912206,0.5167830762508779,14.932867694996489,2.516783076250878,0.0,0.0,0.48321692374912206,0.5167830762508779,0.0,0.0,1.0,1541.9894226567988,2.449650771247366,0.5167830762508779,75.81189387371401,2.483216923749122,1.0,0.0,0.48321692374912206,0.0,0.0,0.0,0.0,0.5167830762508779,0.0,0.0,1.4832169237491222,0.0,0.48321692374912206,0.5167830762508779,2274.59788453136,3260.8916386060614,2.550349228752634,1.0,0.5167830762508779,14.033566152501756,3.0,2.550349228752634,80.0,2.0335661525017557,2.550349228752634,3.0,2.0335661525017557,1.5167830762508778,1.0335661525017559,1.0335661525017559,0.0,1
35.569046534182654,1.0,0.0,0.0,1189.0810843429504,0.9752588463398846,0.024741153660115422,0.0,4.074223460980346,3.0247411536601154,0.0,0.024741153660115422,0.0,0.0,0.9752588463398846,0.0,1.0,1106.43269995163,3.9752588463398846,0.9752588463398846,85.18354192921619,2.9752588463398846,3.0,0.0,0.0,0.9752588463398846,0.024741153660115422,0.0,0.0,0.0,0.0,0.0,1.0,0.9752588463398846,0.024741153660115422,0.0,9592.539731459208,10374.812549685596,0.17318807562080796,1.0,1.0,21.802070770719077,3.9752588463398846,1.0742234609803463,80.0,0.0,9.54430538052254,1.9505176926797692,2.9752588463398846,8.04948230732023,7.049482307320231,4.024741153660115,7.049482307320231,1
33.52999297467824,0.6912491218347796,0.3087508781652204,0.0,923.2851088924873,0.0,1.0,0.0,11.368736827521694,3.6912491218347796,0.0,0.3087508781652204,0.6912491218347796,0.0,0.0,0.0,1.0,1063.3038105934002,2.382498243669559,0.3087508781652204,43.61750175633044,3.382498243669559,1.0,0.0,1.0,0.0,0.0,0.0,0.0,0.0,0.0,0.0,1.3087508781652204,0.6912491218347796,0.0,0.3087508781652204,2697.6136209097126,7926.595276114771,1.0,1.0,0.0,15.69124912183478,3.0,2.382498243669559,80.0,0.6175017563304408,12.751235071191253,1.3087508781652204,3.0,12.059985949356474,8.986238583852135,10.368736827521694,9.677487705686914,1
46.0369320239469,0.0,0.6397210930860819,0.36027890691391806,826.7776411625921,0.6397210930860819,0.36027890691391806,0.0,1.360278906913918,3.6397210930860817,0.0,0.0,0.36027890691391806,0.0,0.0,0.6397210930860819,1.0,1237.2962228853016,2.919163279258246,0.6397210930860819,71.27246951332421,2.6397210930860817,1.639721093086082,0.0,0.36027890691391806,0.6397210930860819,0.0,0.0,0.0,0.0,0.0,0.0,2.279442186172164,1.0,0.0,0.0,4338.178222719141,17225.780476516025,2.6397210930860817,1.0,1.0,17.242510162225262,3.3602789069139183,3.279442186172164,80.0,0.0,7.161673441483508,3.279442186172164,3.3602789069139183,0.36027890691391806,0.0,0.0,0.0,1
32.94548532367822,1.0,0.0,0.0,903.4685106560835,0.0,1.0,0.0,10.575808872797039,3.3151617745594075,0.0,0.6848382254405923,0.0,0.0,0.0,0.31516177455940775,1.0,448.4326551387144,1.6303235491188155,0.31516177455940775,40.36967645088119,2.6848382254405925,1.0,0.0,1.0,0.0,0.0,0.0,0.0,0.0,0.0,0.0,1.3151617745594077,0.6848382254405923,0.0,0.31516177455940775,4055.9710690263505,10176.725733816089,5.109029352643553,1.0,0.31516177455940775,22.630323549118817,4.0,1.9454853236782232,80.0,0.31516177455940775,8.424191127202961,2.0,3.0545146763217765,4.6848382254405925,3.3696764508811845,0.0,3.3696764508811845,1
21.881165086545153,0.2057975061817966,0.0,0.7942024938182034,521.0811930130891,0.0,1.0,0.0,10.0,2.588404987636407,0.0,1.0,0.0,0.0,0.0,0.0,1.0,1111.350455895287,1.0,0.2057975061817966,84.0637446414558,1.7942024938182035,1.0,0.0,0.2057975061817966,0.0,0.0,0.0,0.7942024938182034,0.0,0.0,0.0,2.411595012363593,0.7942024938182034,0.0,0.2057975061817966,2177.780337075603,6262.629210943261,2.23478503709078,1.0,0.7942024938182034,22.530429925818442,3.7942024938182035,1.7942024938182035,80.0,0.6173925185453898,2.4405825432725763,2.0,3.7942024938182035,1.61739251854539,1.4115950123635932,0.2057975061817966,0.6173925185453898,1
19.70934432011035,1.0,0.0,0.0,1119.5931629720317,0.29065567988965013,0.7093443201103499,0.0,13.487868158675802,1.0,0.29065567988965013,0.7093443201103499,0.0,0.0,0.0,0.0,1.0,545.7898669389268,4.0,1.0,37.2318022380137,3.0,1.0,0.0,0.0,0.0,0.0,0.0,0.7093443201103499,0.0,0.0,0.29065567988965013,3.0,1.0,0.0,0.0,1202.576682806507,26946.972633299752,1.0,1.0,1.0,13.3252454391172,3.0,4.0,80.0,0.0,0.7093443201103499,4.1280329603310495,2.70934432011035,0.7093443201103499,0.0,0.7093443201103499,0.7093443201103499,1
44.77189153404471,0.0456216931910568,0.9543783068089432,0.0,318.2722354683943,1.0,0.0,0.0,25.81751322723577,3.9087566136178866,0.0456216931910568,0.0,0.9543783068089432,0.0,0.0,0.0,1.0,675.2406349073171,1.0912433863821136,0.0456216931910568,98.54010581788619,2.9543783068089433,2.0,0.0,0.0,1.0,0.0,0.0,0.0,0.0,0.0,0.0,1.0912433863821136,0.0,1.0,0.0,4381.531825542073,5651.898412731707,2.0,1.0,0.0456216931910568,13.908756613617886,3.0,3.8631349204268295,80.0,2.0,5.1368650795731705,4.091243386382113,3.0,1.228108465955284,1.1368650795731705,0.0456216931910568,0.0,1
33.95837813297266,1.0,0.0,0.0,132.03698858748584,0.08680182225227817,0.9131981777477218,0.0,2.434009111261391,3.0,0.0,0.0,1.0,0.0,0.0,0.0,1.0,1580.544642359553,1.1736036445045563,0.08680182225227817,71.60405466756835,3.0,1.0,0.0,0.9131981777477218,0.0,0.0,0.0,0.0,0.0,0.0,0.08680182225227817,1.2604054667568345,0.0,0.0,1.0,2091.447166272708,26487.408437465547,1.0,1.0,1.0,12.781216400270504,3.086801822252278,3.8263963554954437,80.0,1.0,1.1736036445045563,2.0,3.0,1.1736036445045563,0.17360364450455634,0.0,0.17360364450455634,1
36.56029316289658,0.0,1.0,0.0,731.87008690046,0.5366422364252854,0.4633577635747146,0.0,8.413724217195433,3.536642236425285,0.0,0.0,0.5366422364252854,0.0,0.4633577635747146,0.0,1.0,1584.541639615403,2.463357763574715,0.4633577635747146,44.43970683710342,1.4633577635747146,1.0,0.0,0.0,0.0,0.0,0.0,0.4633577635747146,0.0,0.0,0.5366422364252854,3.0,0.5366422364252854,0.4633577635747146,0.0,1858.4996691335423,15891.276148053137,4.706862108597717,1.0,0.4633577635747146,13.85343105429886,3.0,2.926715527149429,80.0,0.4633577635747146,3.316788817873573,3.463357763574715,3.0,1.0,0.0,0.0,0.0,1
30.35774405975513,1.0,0.0,0.0,367.23255341586605,0.058386903658624534,0.0,0.9416130963413755,17.06580954146201,4.883226192682751,0.0,0.058386903658624534,0.0,0.9416130963413755,0.0,0.0,1.0,1788.2840486340654,3.9416130963413756,0.9416130963413755,86.66452385365501,3.883226192682751,1.0,0.0,0.0,0.0,0.0,0.0,0.0,0.9416130963413755,0.0,0.058386903658624534,1.116773807317249,0.058386903658624534,0.9416130963413755,0.0,2902.7511438633346,21527.521505337852,0.058386903658624534,1.0,0.0,16.7664523853655,3.0,3.0583869036586244,80.0,0.0,2.0,3.9416130963413756,2.9416130963413756,1.0583869036586244,0.11677380731724907,0.0,0.11677380731724907,1
27.615974723866458,0.5386582412888192,0.46134175871118077,0.0,943.559115335326,0.0,1.0,0.0,2.845367034844723,2.538658241288819,0.0,0.46134175871118077,0.0,0.0,0.5386582412888192,0.0,1.0,552.8152837737271,3.0,0.5386582412888192,86.38402527613354,2.538658241288819,1.0,0.0,0.0,0.0,0.0,0.0,1.0,0.0,0.0,0.0,3.0,0.5386582412888192,0.46134175871118077,0.0,2200.0932616830437,20283.39094668946,0.46134175871118077,1.0,0.46134175871118077,14.0,3.0,2.615974723866458,80.0,0.46134175871118077,7.461341758711181,1.4613417587111808,2.461341758711181,6.922683517422362,4.306708793555904,1.0,5.922683517422362,1
22.73017868492224,1.0,0.0,0.0,1312.4005028600404,0.14603573698444772,0.8539642630155523,0.0,7.1237855780933135,1.0,0.14603573698444772,0.8539642630155523,0.0,0.0,0.0,0.0,1.0,1620.0241175253564,3.0,0.14603573698444772,79.87621442190668,3.0,1.0,0.0,0.8539642630155523,0.0,0.0,0.0,0.0,0.0,0.0,0.14603573698444772,1.0,0.0,0.8539642630155523,0.14603573698444772,2491.900978881,16049.674400733604,0.8539642630155523,1.0,0.8539642630155523,16.123785578093315,3.0,2.8539642630155524,80.0,0.14603573698444772,1.5841429479377909,5.561892789046657,3.0,1.4381072109533433,0.43810721095334315,0.0,0.29207147396889543,1
42.0476112996963,1.0,0.0,0.0,1021.5336535297452,1.0,0.0,0.0,7.3408480524717366,3.0,0.6340848052471737,0.0,0.3659151947528263,0.0,0.0,0.0,1.0,1104.1907706115405,2.6340848052471735,0.3659151947528263,50.68421908980935,2.6340848052471735,2.6340848052471735,0.0,0.0,1.0,0.0,0.0,0.0,0.0,0.0,0.0,2.9022544157415213,0.0,1.0,0.0,8407.785301190823,5663.503540417732,1.0,1.0,0.0,15.438593636730216,3.0,2.0977455842584787,80.0,1.6340848052471737,9.365915194752827,3.3659151947528265,3.6340848052471735,9.365915194752827,8.0,6.6340848052471735,7.0,1
33.562832987628425,1.0,0.0,0.0,1270.1493870913428,0.0,1.0,0.0,5.965961937351818,2.0,0.0,0.0,0.2643974624901212,0.0,0.0,0.7356025375098788,1.0,325.24291692549724,4.0,0.7356025375098788,93.3219873124506,2.264397462490121,1.0,0.0,1.0,0.0,0.0,0.0,0.0,0.0,0.0,0.0,2.735602537509879,0.7356025375098788,0.2643974624901212,0.0,2121.7276954988147,2654.0519233903583,4.678012687549394,1.0,0.7356025375098788,14.471205075019757,3.0,1.735602537509879,80.0,0.2643974624901212,5.413615225059273,3.0,2.471205075019758,0.2643974624901212,0.0,0.0,0.0,1
35.27253833233212,1.0,0.0,0.0,928.0953491901951,0.6909153889222626,0.30908461107773744,0.0,9.854507666466425,3.309084611077737,0.0,0.0,0.30908461107773744,0.0,0.6909153889222626,0.0,1.0,599.7312719656368,3.381830777844525,0.6909153889222626,48.50887677664308,2.309084611077737,1.6909153889222626,0.0,0.0,0.6909153889222626,0.0,0.0,0.30908461107773744,0.0,0.0,0.0,1.3090846110777374,0.6909153889222626,0.30908461107773744,0.0,5213.802286178781,3510.9363476184085,6.9272538332332125,1.0,0.30908461107773744,17.309084611077736,3.0,2.381830777844525,80.0,0.9272538332332125,6.309084611077737,2.0,2.309084611077737,4.309084611077737,3.309084611077737,1.9272538332332125,2.309084611077737,1
33.18139334364398,1.0,0.0,0.0,690.358923951307,0.0,0.347146059668729,0.652853940331271,12.248629074037122,3.652853940331271,0.0,0.0,0.0,0.652853940331271,0.347146059668729,0.0,1.0,302.7544231780085,3.0,1.0,64.04143817900619,2.305707880662542,1.0,0.0,0.347146059668729,0.0,0.0,0.0,0.0,0.652853940331271,0.0,0.0,2.041438179006187,0.347146059668729,0.0,0.652853940331271,2165.687997931551,23496.991464044102,2.958561820993813,1.0,1.0,20.611415761325084,3.652853940331271,3.305707880662542,80.0,0.0,4.917123641987626,3.0,2.305707880662542,2.305707880662542,1.305707880662542,0.0,1.305707880662542,1
19.15423407848031,1.0,0.0,0.0,422.097187035429,0.995831511392424,0.004168488607576015,0.0,21.012505465822727,2.995831511392424,0.0,0.0,0.004168488607576015,0.0,0.0,0.995831511392424,1.0,962.9517271999821,3.987494534177272,1.0,37.25010931645456,2.004168488607576,1.0,0.0,0.004168488607576015,0.0,0.0,0.0,0.0,0.0,0.0,0.995831511392424,2.0083369772151523,1.0,0.0,0.0,2122.94251569113,9948.308905422778,1.0,1.0,0.995831511392424,13.012505465822729,3.0,2.0083369772151523,80.0,0.0,1.016673954430304,3.0,3.995831511392424,1.012505465822728,0.00833697721515203,0.004168488607576015,0.0,1
30.115315872945267,1.0,0.0,0.0,1385.347734922259,0.7051052909817551,0.2948947090182449,0.0,10.640842327854042,4.0,0.0,0.7051052909817551,0.0,0.0,0.2948947090182449,0.0,1.0,477.4865952243267,2.2948947090182448,1.0,47.17957883607298,3.0,1.7051052909817552,0.0,0.2948947090182449,0.7051052909817551,0.0,0.0,0.0,0.0,0.0,0.0,1.5897894180364898,0.2948947090182449,0.0,0.7051052909817551,3999.44339045755,11413.800061896924,1.7051052909817552,1.0,0.2948947090182449,15.820421163927021,3.0,3.0,80.0,0.0,6.935737036872286,2.2948947090182448,1.2948947090182448,2.7051052909817552,1.2948947090182448,1.2948947090182448,2.0,1
28.754316682846852,1.0,0.0,0.0,1019.6803203992545,0.0,1.0,0.0,2.6378887810209775,3.0,0.0,0.08189443905104887,0.0,0.0,0.9181055609489511,0.0,1.0,366.08881231419645,2.836211121897902,1.0,81.06906692554965,3.0,1.0,0.0,0.08189443905104887,0.0,0.0,0.0,0.9181055609489511,0.0,0.0,0.0,3.0,0.9181055609489511,0.0,0.08189443905104887,2084.1243260572846,19725.552535404397,0.08189443905104887,1.0,0.0,14.491366634306294,3.081894439051049,3.918105560948951,80.0,0.08189443905104887,6.508633365693707,0.9181055609489511,2.0,5.590527804744756,1.918105560948951,0.9181055609489511,4.590527804744756,1
53.544643315692426,1.0,0.0,0.0,660.3560979585509,0.49503963158973086,0.5049603684102691,0.0,17.059524420923232,3.504960368410269,0.49503963158973086,0.5049603684102691,0.0,0.0,0.0,0.0,1.0,499.1517513230683,3.504960368410269,0.0,68.75297878892373,3.0,3.0,0.0,0.0,0.49503963158973086,0.0,0.0,0.0,0.0,0.5049603684102691,0.0,4.0,0.0,1.0,0.0,8996.184659234495,4650.6199176574055,1.0,1.0,0.0,14.970237789538384,3.0,2.5148811052308075,80.0,1.495039631589731,24.653771420718343,3.0,2.990079263179462,24.653771420718343,9.009920736820538,11.039682947282152,6.495039631589731,1
35.77780137308324,0.0,1.0,0.0,399.86693565314897,1.0,0.0,0.0,20.799978764225084,3.422219862691676,0.711109931345838,0.0,0.0,0.0,0.288890068654162,0.0,1.0,421.4893891093647,2.711109931345838,0.288890068654162,51.422219862691676,2.288890068654162,2.0,0.0,0.0,1.0,0.0,0.0,0.0,0.0,0.0,0.0,1.577780137308324,0.711109931345838,0.288890068654162,0.0,6724.889006865416,23107.11168329727,4.422219862691676,1.0,0.288890068654162,14.711109931345838,3.0,2.422219862691676,80.0,0.288890068654162,11.600010617887458,4.711109931345838,2.288890068654162,5.422219862691676,3.0,0.288890068654162,1.577780137308324,1
24.240073181140843,1.0,0.0,0.0,1193.956836948468,0.36000813123787134,0.6399918687621287,0.0,9.639991868762129,3.0,0.0,0.36000813123787134,0.6399918687621287,0.0,0.0,0.0,1.0,1365.9264805965836,2.6399918687621287,0.36000813123787134,55.080430955607184,2.3600081312378713,1.0,0.0,0.6399918687621287,0.0,0.0,0.0,0.0,0.0,0.0,0.36000813123787134,2.080024393713614,1.0,0.0,0.0,1295.397276035313,16811.94992539628,1.0,1.0,0.0,13.0,3.0,1.7200162624757427,80.0,0.0,1.0,4.9199756062863855,2.0,1.0,0.0,0.6399918687621287,0.0,1
42.49916731660809,1.0,0.0,0.0,856.9581096201298,1.0,0.0,0.0,6.999487579451129,1.9998718948627823,0.49993594743139114,0.0,0.5000640525686089,0.0,0.0,0.0,1.0,903.5081346762133,3.0,0.5000640525686089,47.00051242054887,2.499935947431391,3.0,0.0,0.0,1.0,0.0,0.0,0.0,0.0,0.0,0.0,4.0,0.0,1.0,0.0,8989.671084410755,5688.978094021536,1.0,1.0,0.5000640525686089,14.499551632019738,3.0,1.0,80.0,1.4999359474313911,12.500448367980262,4.500192157705826,3.499935947431391,12.500448367980262,7.499935947431391,4.9997437897255645,7.0,1
30.927910294808264,0.0,1.0,0.0,526.8991640386141,0.0,1.0,0.0,19.783730884424795,2.9279102948082656,0.0,0.0,0.9639551474041327,0.0,0.0,0.036044852595867316,1.0,617.0614070649533,1.0720897051917346,0.9639551474041327,66.64880734672562,3.0,3.0,0.0,0.0,0.0,0.0,0.0,0.0,0.0,1.0,0.0,3.036044852595867,0.036044852595867316,0.9639551474041327,0.0,9742.142139754786,22908.792986757107,2.891865442212398,1.0,0.036044852595867316,12.0,3.0,1.0,80.0,0.0,11.891865442212397,1.9639551474041328,3.0,1.2523139681710713,0.2523139681710712,0.2523139681710712,0.2523139681710712,1
42.50497290627437,0.0,0.31863390057039687,0.6813660994296031,708.9386415093356,0.31863390057039687,0.6813660994296031,0.0,1.6813660994296031,3.318633900570397,0.0,0.0,0.6813660994296031,0.0,0.0,0.31863390057039687,1.0,1348.071304303213,1.9559017017111906,0.31863390057039687,62.603115315400714,2.318633900570397,1.3186339005703969,0.0,0.6813660994296031,0.31863390057039687,0.0,0.0,0.0,0.0,0.0,0.0,1.6372678011407937,1.0,0.0,0.0,3990.7618804171693,17203.30437303993,2.318633900570397,1.0,1.0,20.132294894866426,3.681366099429603,2.6372678011407937,80.0,0.0,9.08819659657762,2.6372678011407937,3.681366099429603,0.6813660994296031,0.0,0.0,0.0,1
37.35776947961427,0.48905919073955906,0.5109408092604409,0.0,895.6893211513863,0.5109408092604409,0.48905919073955906,0.0,5.9124735259164725,3.489059190739559,0.0,0.0,1.0,0.0,0.0,0.0,1.0,1291.458404857619,3.0,0.48905919073955906,92.93435514443735,2.489059190739559,1.0,0.0,0.0,0.0,0.0,0.0,0.48905919073955906,0.0,0.0,0.5109408092604409,3.510940809260441,1.0,0.0,0.0,2858.8479378016737,11365.553494579026,4.065644855562645,1.0,0.48905919073955906,12.532822427781323,3.0,3.0,80.0,0.0,4.467177572218677,3.489059190739559,3.510940809260441,3.445295953697795,1.9562367629582362,0.0,0.9781183814791181,1
28.850165416741213,0.5722038425843097,0.0,0.4277961574156903,1280.1748505104438,0.4277961574156903,0.5722038425843097,0.0,10.416942361235355,1.8555923148313807,0.4277961574156903,0.0,0.0,0.0,0.5722038425843097,0.0,1.0,847.611120920923,2.716611527752929,1.0,46.972865509549166,3.42779615741569,1.4277961574156903,0.0,0.5722038425843097,0.4277961574156903,0.0,0.0,0.0,0.0,0.0,0.0,4.0,0.4277961574156903,0.5722038425843097,0.0,4381.035201911509,4625.106419398538,3.9945731019098325,1.0,1.0,14.14440768516862,3.0,2.0,80.0,0.5722038425843097,7.85559231483138,3.0,3.1444076851686193,6.14440768516862,4.861019212921549,2.8610192129215486,5.14440768516862,1
50.209742587856,0.10487129392800054,0.8951287060719995,0.0,934.2503746329919,0.8951287060719995,0.10487129392800054,0.0,1.7340990574960038,4.0,0.0,0.10487129392800054,0.0,0.0,0.0,0.8951287060719995,1.0,1041.6875201289597,3.8951287060719997,1.0,81.419485175712,2.8951287060719997,2.0,0.0,0.0,0.8951287060719995,0.0,0.0,0.10487129392800054,0.0,0.0,0.0,2.8951287060719997,0.8951287060719995,0.10487129392800054,0.0,4750.337585606664,17303.016161788288,2.8951287060719997,1.0,0.8951287060719995,14.104871293928001,3.0,3.685386118215998,80.0,0.0,5.629227763568004,3.8951287060719997,2.8951287060719997,0.8389703514240043,0.20974258785600108,0.7340990574960038,0.7340990574960038,1
25.24985645213448,1.0,0.0,0.0,1375.896382593789,0.6499712904268959,0.35002870957310406,0.0,4.100172257438624,1.0,0.6499712904268959,0.35002870957310406,0.0,0.0,0.0,0.0,1.0,1057.6320398835842,3.0,0.6499712904268959,82.89982774256137,3.0,1.0,0.0,0.35002870957310406,0.0,0.0,0.0,0.0,0.0,0.0,0.6499712904268959,1.0,0.0,0.35002870957310406,0.6499712904268959,2815.9315397444943,16224.540037778133,0.35002870957310406,1.0,0.35002870957310406,13.100172257438624,3.0,2.3500287095731043,80.0,0.6499712904268959,3.5998851617075838,4.050086128719312,3.0,2.949913871280688,1.9499138712806878,0.0,1.2999425808537919,1
35.68739535544652,0.656302322276739,0.343697677723261,0.0,656.9184410904802,0.656302322276739,0.343697677723261,0.0,10.0,3.0,0.0,1.0,0.0,0.0,0.0,0.0,1.0,1193.2241119929304,2.9689069668302173,1.0,57.062186066339564,2.343697677723261,3.0,0.0,0.0,0.656302322276739,0.343697677723261,0.0,0.0,0.0,0.0,0.0,1.687395355446522,0.0,0.656302322276739,0.343697677723261,10217.325999147399,21888.47667786536,7.968906966830217,1.0,0.0,14.937813933660435,3.0,2.656302322276739,80.0,0.687395355446522,15.687395355446522,3.687395355446522,3.0,8.875627867320869,7.875627867320868,3.937813933660434,0.0,1
35.73168517581472,0.18292129395367973,0.8170787060463203,0.0,606.7577692259887,0.8170787060463203,0.18292129395367973,0.0,18.914606469768398,3.8170787060463205,0.8170787060463203,0.18292129395367973,0.0,0.0,0.0,0.0,1.0,1367.1955094232424,3.8170787060463205,0.18292129395367973,71.75595364279567,3.0,1.8170787060463203,0.0,0.0,0.8170787060463203,0.0,0.0,0.18292129395367973,0.0,0.0,0.0,2.6341574120926405,0.18292129395367973,0.8170787060463203,0.0,4484.125881292887,23080.56725265653,0.0,1.0,0.8170787060463203,17.085393530231602,3.0,2.6341574120926405,80.0,0.8170787060463203,5.1829212939536795,0.36584258790735946,2.1829212939536795,4.1829212939536795,2.0,2.4512361181389606,2.1829212939536795,1
36.5840199351629,1.0,0.0,0.0,326.1762790922806,0.0,1.0,0.0,11.725426364093535,3.0,0.0,1.0,0.0,0.0,0.0,0.0,1.0,327.5014402995795,3.8053266882790333,1.0,81.72542636409354,2.1946733117209667,1.0,0.0,0.0,0.0,0.0,0.0,1.0,0.0,0.0,0.0,2.6106533765580666,0.1946733117209668,0.8053266882790332,0.0,3488.4514288480186,21850.391838518804,0.0,1.0,0.8053266882790332,16.22130675311613,3.0,1.0,80.0,0.8053266882790332,2.778693246883867,0.3893466234419336,2.1946733117209667,1.7786932468838672,0.3893466234419336,0.0,0.5840199351629005,1
32.34311693436568,1.0,0.0,0.0,1227.9822291333423,0.0,0.9313766131268635,0.06862338687313652,2.274493547492546,4.0,0.0,0.0,0.9313766131268635,0.06862338687313652,0.0,0.0,1.0,1585.0161398647801,3.9313766131268633,1.0,92.80405162005962,3.0,1.0,0.0,0.9313766131268635,0.0,0.0,0.0,0.0,0.06862338687313652,0.0,0.0,1.9313766131268635,0.9313766131268635,0.0,0.06862338687313652,1439.6639030737329,24769.377442204743,1.2058701606194095,1.0,0.06862338687313652,12.686233868731366,3.0686233868731367,1.2058701606194095,80.0,0.0,1.411740321238819,2.0686233868731367,3.0,1.137246773746273,0.13724677374627303,0.0,0.13724677374627303,1
49.632071319964325,1.0,0.0,0.0,1111.1713379107769,0.9297698533372969,0.07023014666270311,0.0,11.842761759952438,3.070230146662703,0.9297698533372969,0.07023014666270311,0.0,0.0,0.0,0.0,1.0,792.5946510026754,3.070230146662703,0.0,46.58173747979786,3.0,3.0,0.0,0.0,0.9297698533372969,0.0,0.0,0.0,0.0,0.07023014666270311,0.0,4.0,0.0,1.0,0.0,7840.671729829464,5691.798798742826,1.0,1.0,0.0,17.57861912002378,3.0,1.2106904399881095,80.0,1.929769853337297,11.177134546543797,3.0,3.859539706674594,11.177134546543797,8.140460293325406,7.561841173301625,6.929769853337297,1
38.23107223856565,1.0,0.0,0.0,761.0262202289839,0.29373383986960444,0.7062661601303956,0.0,19.181460081695143,2.2937338398696046,0.0,0.0,1.0,0.0,0.0,0.0,1.0,733.3240145103239,2.2937338398696046,0.7062661601303956,54.11227375817446,2.2937338398696046,2.2937338398696046,0.0,0.0,0.29373383986960444,0.7062661601303956,0.0,0.0,0.0,0.0,0.0,2.7062661601303954,0.0,1.0,0.0,6326.639908137707,15060.511513953768,3.587467679739209,1.0,0.7062661601303956,15.349870718956836,3.2937338398696046,1.5874676797392089,80.0,0.8812015196088132,9.762403039217627,1.2937338398696046,3.0,3.056136879087231,2.056136879087231,0.0,2.7624030392176264,1
34.377955101461744,0.5244089797076513,0.4755910202923487,0.0,456.8031918263114,0.5244089797076513,0.4755910202923487,0.0,5.804728162338789,3.524408979707651,0.5244089797076513,0.4755910202923487,0.0,0.0,0.0,0.0,1.0,1139.10164915563,2.0488179594153024,1.0,72.01258857386068,2.475591020292349,2.475591020292349,0.0,0.0,0.5244089797076513,0.4755910202923487,0.0,0.0,0.0,0.0,0.0,2.475591020292349,0.5244089797076513,0.0,0.4755910202923487,9974.058333861221,24467.689643683745,6.524408979707651,1.0,0.5244089797076513,11.524408979707651,3.0,2.524408979707651,80.0,0.9511820405846974,11.755910202923488,3.9511820405846976,2.475591020292349,1.5244089797076512,1.0488179594153026,1.0488179594153026,1.0488179594153026,1
31.966517345347643,1.0,0.0,0.0,1034.6873423670738,1.0,0.0,0.0,4.256700352334743,3.988839115115881,0.01116088488411926,0.9888391151158807,0.0,0.0,0.0,0.0,1.0,290.91071292092704,3.9776782302317617,0.9888391151158807,32.03348265465236,1.0223217697682385,3.0,0.0,0.0,1.0,0.0,0.0,0.0,0.0,0.0,0.0,4.0,0.0,1.0,0.0,10369.184796834947,25797.635941154138,1.0,1.0,0.0,11.122769733725312,3.011160884884119,3.011160884884119,80.0,0.03348265465235778,13.955356460463523,2.011160884884119,2.0,13.955356460463523,7.955356460463523,8.910712920927047,8.01116088488412,1
35.87899751162882,1.0,0.0,0.0,359.6098746889536,0.0,0.609874688953602,0.390125311046398,21.04937344476801,3.780250622092796,0.0,0.609874688953602,0.0,0.390125311046398,0.0,0.0,1.0,1517.5466654766838,3.390125311046398,1.0,91.43949875581441,3.390125311046398,1.0,0.0,0.0,0.0,0.0,0.0,0.609874688953602,0.390125311046398,0.0,0.0,1.0,0.609874688953602,0.390125311046398,0.0,3534.1612051280144,21896.907420020423,0.0,1.0,0.0,14.560501244185591,3.0,1.780250622092796,80.0,0.0,4.439498755814408,2.780250622092796,3.0,3.439498755814408,1.219749377907204,0.0,1.829624066860806,1
50.04117778939544,1.0,0.0,0.0,949.9180074095641,0.0,1.0,0.0,5.542015864717544,3.0,0.0,0.6457984135282456,0.0,0.0,0.35420158647175437,0.0,1.0,528.7870434620911,3.291596827056491,0.6457984135282456,67.72815399231912,3.0,5.0,0.6457984135282456,0.0,0.0,0.0,0.35420158647175437,0.0,0.0,0.0,0.0,1.7084031729435087,0.0,1.0,0.0,19747.78070184787,19456.68239614544,3.5831936541129825,1.0,0.6457984135282456,12.645798413528246,3.0,4.0,80.0,0.6457984135282456,23.645798413528247,1.2915968270564913,3.0,11.021426970019824,6.6046206241328065,5.958822210604561,5.416806345887018,1
53.02478337257804,1.0,0.0,0.0,814.5901827437816,0.0,1.0,0.0,3.4108690195871123,3.0,0.0,0.8589130980412888,0.0,0.0,0.1410869019587112,0.0,1.0,684.1476484720995,3.7178261960825774,0.8589130980412888,73.90847984319737,3.0,5.0,0.8589130980412888,0.0,0.0,0.0,0.1410869019587112,0.0,0.0,0.0,0.0,1.2821738039174224,0.0,1.0,0.0,19814.698712784964,20504.9935292651,4.435652392165155,1.0,0.8589130980412888,12.858913098041288,3.0,4.0,80.0,0.8589130980412888,23.85891309804129,1.7178261960825776,3.0,7.398477333298091,3.834129725463246,2.9752166274219576,4.564347607834845,1
33.23552798821885,0.0,0.3822360058905745,0.6177639941094255,688.3499517057712,0.0,1.0,0.0,11.79540393520368,3.235527988218851,0.0,0.0,0.3822360058905745,0.0,0.6177639941094255,0.0,1.0,1917.9960242002796,2.8532919823282765,0.6177639941094255,70.47503177615818,2.1467080176717235,1.0,0.0,0.0,0.0,0.0,0.0,1.0,0.0,0.0,0.0,1.764472011781149,0.3822360058905745,0.6177639941094255,0.0,2354.779500736322,14787.958493054113,1.764472011781149,1.0,1.0,19.559875946984832,3.6177639941094255,1.6177639941094255,80.0,0.6177639941094255,6.146708017671724,2.0,3.0,4.617763994109426,1.6177639941094255,1.8532919823282765,1.1467080176717235,1
28.216048051244503,1.0,0.0,0.0,602.0538206088686,1.0,0.0,0.0,13.238973838736651,2.6022925787492146,0.0,0.0,1.0,0.0,0.0,0.0,1.0,391.750544581678,1.6022925787492146,0.0,68.61375547249528,1.7954148425015706,2.0,0.0,0.0,1.0,0.0,0.0,0.0,0.0,0.0,0.0,3.0,0.3977074212507853,0.6022925787492147,0.0,4566.158733582514,24786.806877736246,5.3862445275047115,1.0,0.6022925787492147,12.193122263752356,3.0,2.204585157498429,80.0,0.6022925787492147,4.0,2.3977074212507854,3.0,2.0,2.0,2.0,1.2045851574984294,1
27.315843679531177,1.0,0.0,0.0,183.63065744796995,0.0,0.5526406132551964,0.4473593867448036,22.0,2.105281226510393,0.0,0.0,0.5526406132551964,0.4473593867448036,0.0,0.0,1.0,1321.6251645888105,2.3420781602344105,0.4473593867448036,52.47359386744804,2.105281226510393,1.0,0.0,0.0,0.0,0.0,0.0,0.5526406132551964,0.4473593867448036,0.0,0.0,3.0,0.0,1.0,0.0,1873.8736338482483,11559.578531790261,2.6579218397655895,1.0,0.5526406132551964,11.0,3.0,2.447359386744804,80.0,0.4473593867448036,4.315843679531179,2.0,3.0,3.2105624530207857,1.1052812265103928,0.0,0.5526406132551964,1
33.09942990279927,1.0,0.0,0.0,263.3944788185679,0.0,1.0,0.0,3.0136373851737233,2.746590653706569,0.0,0.1267046731467154,0.8732953268532846,0.0,0.0,0.0,1.0,1459.0203437086511,1.3801140194401462,0.1267046731467154,64.31192709357153,3.0,1.0,0.0,0.8732953268532846,0.0,0.0,0.0,0.1267046731467154,0.0,0.0,0.0,1.2534093462934308,0.1267046731467154,0.0,0.8732953268532846,1939.059523098748,26667.14777579575,1.0,1.0,1.0,11.873295326853285,3.0,4.0,80.0,0.8732953268532846,1.0,2.3801140194401462,3.0,1.0,0.0,0.1267046731467154,0.1267046731467154,1
27.94592807147961,0.6486426904932033,0.35135730950679667,0.0,955.1074825017863,0.0,1.0,0.0,2.4054292380271867,2.6486426904932032,0.0,0.35135730950679667,0.0,0.0,0.6486426904932033,0.0,1.0,492.5438056097246,3.0,0.6486426904932033,86.05407192852039,2.6486426904932032,1.0,0.0,0.0,0.0,0.0,0.0,1.0,0.0,0.0,0.0,3.0,0.6486426904932033,0.35135730950679667,0.0,2166.218051328093,20157.898690147256,0.35135730950679667,1.0,0.35135730950679667,14.0,3.0,2.94592807147961,80.0,0.35135730950679667,7.351357309506796,1.3513573095067968,2.3513573095067968,6.7027146190135936,3.7567865475339834,1.0,5.7027146190135936,1
30.36830957105795,0.0,1.0,0.0,169.99301323680524,1.0,0.0,0.0,12.218108816538315,3.0651575986218074,0.0,0.0,0.0,0.0,0.9348424013781929,0.06515759862180714,1.0,1462.6310581154441,1.1954727958654214,0.06515759862180714,52.95472795865422,3.0,2.0,0.0,0.0,1.0,0.0,0.0,0.0,0.0,0.0,0.0,2.0651575986218074,1.0,0.0,0.0,5697.431570229186,17469.7531219225,4.869684802756385,1.0,0.06515759862180714,11.195472795865422,3.0,1.1954727958654214,80.0,0.0,6.869684802756385,4.0,1.1303151972436143,4.674212006890964,2.804527204134579,0.0,0.0,1
35.03189397670139,1.0,0.0,0.0,1069.211971114653,0.5573274431500772,0.4426725568499228,0.0,6.343964658900463,3.0,0.5573274431500772,0.4426725568499228,0.0,0.0,0.0,0.0,1.0,900.2628380475502,1.0,0.4426725568499228,87.65603534109954,1.8853451136998456,1.5573274431500772,0.0,0.4426725568499228,0.5573274431500772,0.0,0.0,0.0,0.0,0.0,0.0,2.1146548863001544,0.5573274431500772,0.4426725568499228,0.0,4763.885587742351,9447.831452212957,6.671982329450231,1.0,0.0,13.0,3.0,2.4426725568499226,80.0,0.4426725568499228,6.557327443150077,3.3280176705497686,2.4426725568499226,3.1146548863001544,2.5573274431500774,0.5573274431500772,2.5573274431500774,1
36.990754756058244,0.9984591260097077,0.0015408739902923463,0.0,370.29430693214584,0.0,1.0,0.0,9.989213882067954,3.9984591260097075,0.0,0.9984591260097077,0.0015408739902923463,0.0,0.0,0.0,1.0,1808.5808822746405,4.0,0.9984591260097077,57.96147815024269,3.0,1.9984591260097075,0.0,0.0,0.0,0.9984591260097077,0.0,0.0015408739902923463,0.0,0.0,0.0,1.0030817479805847,1.0,0.0,0.0,4212.801227255252,4990.711829344115,1.0,1.0,0.0,14.995377378029122,3.0,1.9984591260097075,80.0,0.0,9.995377378029122,3.996918252019415,1.0,9.995377378029122,2.9984591260097075,0.010786117932046757,7.998459126009708,1
32.341589961290275,0.6202271373271822,0.0,0.37977286267281785,1265.5232037529966,0.6202271373271822,0.37977286267281785,0.0,11.595457253456356,2.6202271373271824,0.0,0.0,0.0,0.0,1.0,0.0,1.0,1093.1640884718893,3.2404542746543643,1.0,80.68317992258055,2.6202271373271824,3.0,0.0,0.0,0.6202271373271822,0.0,0.0,0.0,0.0,0.37977286267281785,0.0,1.0,1.0,0.0,0.0,9255.395338101376,11100.900728324437,0.37977286267281785,1.0,0.6202271373271822,18.20227137327182,3.6202271373271824,1.0,80.0,0.0,9.379772862672818,2.0,2.6202271373271824,8.759545725345635,7.0,2.8606814119815462,7.759545725345635,1
30.490288683042017,1.0,0.0,0.0,471.7569150841176,0.1930547166890757,0.8069452833109243,0.0,2.0,2.1930547166890757,0.0,0.1930547166890757,0.8069452833109243,0.0,0.0,0.0,1.0,442.674501713311,1.3861094333781514,0.0,40.930547166890754,2.8069452833109243,1.0,0.0,0.8069452833109243,0.0,0.0,0.0,0.0,0.0,0.0,0.1930547166890757,1.3861094333781514,0.1930547166890757,0.8069452833109243,0.0,2579.0047228351427,21613.82871116217,5.841671699865546,1.0,0.0,18.64861698317647,3.8069452833109243,1.579164150067227,80.0,0.0,10.876398116420168,3.0,3.6138905666218486,7.6486169831764705,6.034726416554621,0.8069452833109243,6.034726416554621,1
40.954869863402195,0.954869863402193,0.0,0.04513013659780696,1365.370486255139,0.04513013659780696,0.954869863402193,0.0,12.541561639173683,3.0,0.0,0.0,0.04513013659780696,0.0,0.954869863402193,0.0,1.0,99.88076676276486,2.0,0.0,51.301636966488154,3.045130136597807,4.954869863402193,0.0,0.0,0.04513013659780696,0.0,0.954869863402193,0.0,0.0,0.0,0.0,2.954869863402193,0.04513013659780696,0.954869863402193,0.0,19258.378502467327,16315.697938048865,1.1353904097934209,1.0,0.04513013659780696,12.180520546391229,3.0,4.0,80.0,0.0,22.954869863402195,0.09026027319561392,2.954869863402193,21.052267131446055,14.323047951032896,14.323047951032896,7.638958907217544,1
30.658062234789277,0.17096888260536136,0.8290311173946386,0.0,917.0700141419179,0.8290311173946386,0.17096888260536136,0.0,1.0,3.1709688826053615,0.0,0.0,0.8290311173946386,0.0,0.17096888260536136,0.0,1.0,1363.655056577624,3.487093352183916,0.17096888260536136,61.86456859984662,2.8290311173946385,1.0,0.0,0.0,0.0,0.0,0.0,0.17096888260536136,0.0,0.0,0.8290311173946386,1.8290311173946385,1.0,0.0,0.0,2312.258132956322,8190.602369163374,1.854844413026807,1.0,0.8290311173946386,11.341937765210723,3.0,1.3419377652107227,80.0,0.0,4.367751060842891,2.0,3.487093352183916,4.025813295632168,2.854844413026807,1.6580622347892773,2.854844413026807,1
30.32406440436952,0.6759355956304802,0.3240644043695198,0.0,854.9100955852734,1.0,0.0,0.0,6.407484765043842,3.32406440436952,0.0,0.6759355956304802,0.3240644043695198,0.0,0.0,0.0,1.0,1730.4950824380855,2.0,0.6759355956304802,76.36148822958873,2.3518711912609604,1.0,0.0,0.0,0.0,0.0,0.0,0.0,0.0,0.0,1.0,3.67593559563048,1.0,0.0,0.0,1171.0899044147266,16062.748694589885,1.0,1.0,0.0,12.675935595630481,3.0,2.67593559563048,80.0,0.0,1.0,3.0,2.32406440436952,1.0,0.0,0.0,0.0,1
32.44567001277255,0.5742783354620916,0.4257216645379084,0.0,368.2567459387824,0.4257216645379084,0.5742783354620916,0.0,18.742783354620915,2.4257216645379085,0.0,0.0,0.5742783354620916,0.0,0.4257216645379084,0.0,1.0,782.9347607234757,1.5742783354620915,0.5742783354620916,50.42572166453791,2.4257216645379085,2.0,0.0,0.0,0.4257216645379084,0.5742783354620916,0.0,0.0,0.0,0.0,0.0,2.5742783354620915,0.4257216645379084,0.5742783354620916,0.0,5851.716028654776,16343.334669101361,3.851443329075817,1.0,0.5742783354620916,12.148556670924183,3.0,1.0,80.0,0.0,7.5742783354620915,2.277164993613725,2.148556670924183,2.7028866581516335,1.277164993613725,0.0,0.5742783354620916,1
43.35705485336176,1.0,0.0,0.0,401.9203632346566,0.6655884157562835,0.33441158424371653,0.0,9.688231684874332,2.0032347527311494,0.0,0.33441158424371653,0.6655884157562835,0.0,0.0,0.0,1.0,698.8019094365393,3.3344115842437168,0.6655884157562835,65.37969812247981,2.3344115842437168,3.0,0.0,0.0,0.6655884157562835,0.0,0.0,0.0,0.0,0.33441158424371653,0.0,4.0,0.0,1.0,0.0,10320.652649404832,4831.45301754765,1.0,1.0,0.6655884157562835,11.334411584243716,3.0,2.0032347527311494,80.0,1.0,24.025878021849195,4.996765247268851,2.6655884157562832,24.025878021849195,8.00323475273115,7.012939010924598,6.665588415756283,1
27.657448606438308,1.0,0.0,0.0,1390.85459027207,0.0,1.0,0.0,16.74308645482873,3.0,0.0,0.042818924195211605,0.0,0.0,0.9571810758047884,0.0,1.0,1919.5789355597203,3.0428189241952115,0.9571810758047884,34.82604899688397,2.0,1.0,0.0,0.9571810758047884,0.0,0.0,0.0,0.042818924195211605,0.0,0.0,0.0,3.871543227414365,0.042818924195211605,0.0,0.9571810758047884,2376.976809337484,18757.419262205614,4.828724303219154,1.0,0.042818924195211605,12.128456772585634,3.0,1.0,80.0,0.9571810758047884,5.785905379023942,2.0,2.0428189241952115,3.871543227414365,0.9571810758047884,0.0,2.871543227414365,1
29.31909948403082,0.9361801031938363,0.06381989680616373,0.0,867.0698629482401,0.06381989680616373,0.9361801031938363,0.0,9.744720412775346,2.9361801031938364,0.06381989680616373,0.0,0.9361801031938363,0.0,0.0,0.0,1.0,965.9830653020941,4.0,0.0,88.23462608843634,1.9361801031938364,1.0,0.0,0.0,0.0,0.0,0.0,0.9361801031938363,0.0,0.0,0.06381989680616373,1.1276397936123275,0.9361801031938363,0.0,0.06381989680616373,2400.6175454692734,11528.396600127971,5.617080619163017,1.0,0.9361801031938363,19.744720412775344,3.9361801031938364,3.0638198968061636,80.0,0.06381989680616373,3.0,4.872360206387673,2.9361801031938364,0.12763979361232747,0.12763979361232747,0.06381989680616373,0.0,1
36.05159475791371,0.7643616551387481,0.2356383448612519,0.0,1010.5382830238444,0.2356383448612519,0.7643616551387481,0.0,3.6494684140287634,3.764361655138748,0.2356383448612519,0.0,0.7643616551387481,0.0,0.0,0.0,1.0,962.3457517291878,2.4712766897225036,0.0,56.29308496541624,1.4712766897225038,1.0,0.0,0.7643616551387481,0.0,0.0,0.0,0.0,0.0,0.0,0.2356383448612519,4.0,0.2356383448612519,0.0,0.7643616551387481,2670.7845530881305,17602.46806067215,3.293084965416244,1.0,1.0,13.235638344861252,3.0,2.764361655138748,80.0,0.7643616551387481,8.114893241109986,1.4712766897225038,2.235638344861252,5.821808275693741,5.821808275693741,0.7643616551387481,0.4712766897225038,1
26.509379923315695,0.8509379923315695,0.14906200766843047,0.0,1275.8066734051497,0.14906200766843047,0.8509379923315695,0.0,14.913131892641974,2.8509379923315694,0.0,0.14906200766843047,0.0,0.0,0.8509379923315695,0.0,1.0,1909.9151654234074,2.8509379923315694,0.8509379923315695,37.66435629140036,2.1490620076684306,1.0,0.0,0.8509379923315695,0.0,0.0,0.0,0.0,0.0,0.0,0.14906200766843047,4.0,0.14906200766843047,0.0,0.8509379923315695,2248.0485178805925,18725.486739247033,4.403751969326278,1.0,0.14906200766843047,12.0,3.0,1.298124015336861,80.0,0.8509379923315695,5.105627953989417,2.0,2.298124015336861,3.403751969326278,0.8509379923315695,0.0,2.5528139769947087,1
46.0,1.0,0.0,0.0,532.0021947461885,1.0,0.0,0.0,9.0,2.4691705659377106,0.46917056593771045,0.5308294340622896,0.0,0.0,0.0,0.0,1.0,746.2193877905943,2.061658868124579,1.0,58.369953208747475,2.4691705659377106,3.0,0.0,0.0,1.0,0.0,0.0,0.0,0.0,0.0,0.0,4.0,0.5308294340622896,0.0,0.46917056593771045,9842.794359952288,14717.317652591128,2.4075116978131312,1.0,0.0,13.654147170311447,3.0,2.5924883021868688,80.0,0.46917056593771045,17.914240752816497,2.061658868124579,3.4691705659377106,8.06165886812458,7.53082943406229,4.0,5.123317736249158,1
35.06551491402578,0.6775858190042967,0.3224141809957033,0.0,431.58110857017937,0.0,1.0,0.0,7.743100733030077,3.677585819004297,0.0,0.6775858190042967,0.3224141809957033,0.0,0.0,0.0,1.0,1721.3033427691687,4.0,0.6775858190042967,49.93964547510742,3.0,1.6775858190042967,0.0,0.0,0.0,0.6775858190042967,0.0,0.3224141809957033,0.0,0.0,0.0,1.6448283619914066,1.0,0.0,0.0,4171.408570651554,4722.461744687592,1.0,1.0,0.0,14.03275745701289,3.0,1.6775858190042967,80.0,0.0,9.03275745701289,3.3551716380085934,1.0,9.03275745701289,2.677585819004297,2.2568992669699233,7.677585819004297,1
27.150769525519287,0.692747210640102,0.30725278935989797,0.0,338.44834554281476,0.692747210640102,0.30725278935989797,0.0,7.770988842560408,2.0,0.0,0.0,1.0,0.0,0.0,0.0,1.0,1592.626394679949,1.0,0.692747210640102,61.547691423442146,2.614505578719796,1.0,0.0,0.0,0.0,0.0,0.0,0.30725278935989797,0.0,0.0,0.692747210640102,1.614505578719796,0.30725278935989797,0.692747210640102,0.0,3795.326510539721,15223.786379352947,3.0,1.0,0.30725278935989797,12.614505578719797,3.0,1.0,80.0,0.0,6.614505578719796,2.0,3.0,3.307252789359898,1.692747210640102,1.385494421280204,2.307252789359898,1
35.33888243748938,1.0,0.0,0.0,702.9726415631903,0.33055878125531013,0.6694412187446899,0.0,17.97502903129779,3.33055878125531,0.0,0.33055878125531013,0.0,0.0,0.0,0.6694412187446899,1.0,1196.4541874085705,1.0,0.6694412187446899,67.44708996853228,2.66944121874469,2.0,0.0,0.6694412187446899,0.33055878125531013,0.0,0.0,0.0,0.0,0.0,0.0,2.66944121874469,0.33055878125531013,0.0,0.6694412187446899,4756.318686405002,7843.785972406022,4.686088531212829,1.0,0.33055878125531013,16.97502903129779,3.33055878125531,2.33055878125531,80.0,0.6694412187446899,11.313911468787172,2.66944121874469,2.6611175625106203,5.627822937574342,2.975029031297791,3.3055878125531013,3.3055878125531013,1
31.294293853014825,0.7057061469851762,0.0,0.2942938530148238,816.2818710098159,1.0,0.0,0.0,17.351355322866585,3.294293853014824,0.0,0.0,0.7057061469851762,0.0,0.0,0.2942938530148238,1.0,309.1979969747597,2.5885877060296476,0.2942938530148238,67.76276761683694,1.8828815590444714,2.0,0.0,0.0,1.0,0.0,0.0,0.0,0.0,0.0,0.0,3.0,0.0,1.0,0.0,4602.555490246194,24530.787172465043,4.471469265074119,1.0,0.7057061469851762,11.294293853014825,3.0,3.294293853014824,80.0,0.7057061469851762,4.588587706029648,2.0,3.0,2.5885877060296476,2.0,1.7057061469851762,2.0,1
31.217372161289646,0.09782847983879439,0.0,0.9021715201612056,1397.5959572459014,1.0,0.0,0.0,10.217372161289646,3.8043430403224114,0.0,0.0,0.09782847983879439,0.0,0.0,0.9021715201612056,1.0,639.7067347056527,3.7065145604836167,0.9021715201612056,60.48914239919397,3.9021715201612057,2.0,0.0,0.0,1.0,0.0,0.0,0.0,0.0,0.0,0.0,3.0,0.09782847983879439,0.9021715201612056,0.0,4694.282297620956,23999.20860593959,8.097828479838794,1.0,0.0,12.195656959677589,3.0,3.7065145604836167,80.0,0.0,5.804343040322411,2.0978284798387943,3.0,3.8043430403224114,2.0,1.0978284798387943,1.8043430403224112,1
33.11930526282877,1.0,0.0,0.0,1027.737473654589,0.0,0.880694737171234,0.11930526282876597,23.091115794739743,3.119305262828766,0.0,0.880694737171234,0.0,0.0,0.11930526282876597,0.0,1.0,1150.830589355527,1.0,0.880694737171234,54.642084211513705,2.119305262828766,1.0,0.0,0.0,0.0,0.0,0.0,0.880694737171234,0.11930526282876597,0.0,0.0,2.119305262828766,0.880694737171234,0.11930526282876597,0.0,2364.1819577535407,3002.4251157634726,3.642084211513702,1.0,0.880694737171234,19.40347368585617,3.880694737171234,2.238610525657532,80.0,0.0,4.642084211513702,0.0,3.0,2.0,2.0,2.0,2.0,1
26.498360637187126,0.9288056232589822,0.0711943767410178,0.0,1141.0163936281288,0.9288056232589822,0.0711943767410178,0.0,7.644028116294911,3.0,0.0,0.0,0.0711943767410178,0.0,0.9288056232589822,0.0,1.0,789.3077285863443,3.7864168697769465,1.0,40.278220055712566,2.0711943767410177,1.9288056232589823,0.0,0.0,0.9288056232589822,0.0,0.0,0.0711943767410178,0.0,0.0,0.0,1.0,1.0,0.0,0.0,5185.177522806267,3071.119437674102,5.644028116294911,1.0,0.0711943767410178,16.572833739553893,3.0,2.8576112465179646,80.0,0.0,6.284777506964071,2.0711943767410177,2.0711943767410177,4.427166260446107,3.355971883705089,1.5695550139281425,2.355971883705089,1
32.45120756058812,0.0,0.1504025201960396,0.8495974798039604,1351.8731536008158,1.0,0.0,0.0,12.052817641372277,4.0,0.1504025201960396,0.0,0.0,0.0,0.0,0.8495974798039604,1.0,743.6514876268336,4.0,0.8495974798039604,61.05281764137228,3.8495974798039603,2.0,0.0,0.0,1.0,0.0,0.0,0.0,0.0,0.0,0.0,3.0,0.0,1.0,0.0,4693.012565621768,23819.84802235728,6.796779838431683,1.0,0.1504025201960396,12.902415121176238,3.0,3.8495974798039603,80.0,0.1504025201960396,5.84959747980396,1.6991949596079208,2.8495974798039603,4.0,2.0,1.3008050403920792,2.0,1
32.52911970779169,0.0,1.0,0.0,1287.9624347554347,0.6980586861472202,0.3019413138527798,0.0,5.8310610216444765,3.0,0.0,0.0,0.0,0.0,1.0,0.0,1.0,1570.8455091926312,1.6038826277055596,1.0,75.69516905194989,2.6980586861472204,1.0,0.0,0.0,0.0,0.0,0.0,0.3019413138527798,0.0,0.0,0.6980586861472202,3.0,0.0,1.0,0.0,2766.483699861488,15698.689389783554,4.811647883116679,1.0,0.3019413138527798,15.30194131385278,3.0,4.0,80.0,1.0,5.30194131385278,3.3019413138527796,3.6980586861472204,2.3961173722944404,1.3961173722944404,0.6980586861472202,1.3961173722944404,1
32.99831857915435,0.9998798985110251,0.0,0.0001201014889748997,586.990031576415,0.0,1.0,0.0,10.0,1.0002402029779498,0.0,1.0,0.0,0.0,0.0,0.0,1.0,584.0797473886794,1.0,0.9998798985110251,38.00696588636055,1.000120101488975,1.0,0.0,0.9998798985110251,0.0,0.0,0.0,0.0001201014889748997,0.0,0.0,0.0,3.99975979702205,0.0001201014889748997,0.0,0.9998798985110251,3407.813962793578,6704.933103470641,6.999279391066151,1.0,0.0001201014889748997,13.001441217867699,3.000120101488975,1.000120101488975,80.0,2.9996396955330753,7.999159289577175,2.0,3.000120101488975,3.9996396955330753,2.99975979702205,0.9998798985110251,2.9996396955330753,1
28.218136150267096,0.1781863849732903,0.8218136150267097,0.0,332.26754037153273,0.0,1.0,0.0,5.890931924866452,2.6436272300534194,0.0,1.0,0.0,0.0,0.0,0.0,1.0,960.6931023484403,2.3563727699465806,0.1781863849732903,55.01078122074787,3.0,1.0,0.0,0.8218136150267097,0.0,0.0,0.0,0.1781863849732903,0.0,0.0,0.0,2.1781863849732903,1.0,0.0,0.0,2170.222638032741,25952.009454455972,0.1781863849732903,1.0,0.1781863849732903,15.930881690160259,3.0,1.534559154919871,80.0,0.0,3.465440845080129,3.3563727699465806,3.0,2.6436272300534194,1.6436272300534194,1.0,1.8218136150267097,1
23.849918499722293,1.0,0.0,0.0,341.6311175620487,0.6437601875347134,0.0,0.3562398124652866,9.13743887479172,1.7124796249305732,0.6437601875347134,0.0,0.0,0.3562398124652866,0.0,0.0,1.0,1802.7993479977783,1.6437601875347134,1.0,39.90599531163217,2.6437601875347134,1.0,0.0,0.0,0.0,0.0,0.0,0.0,0.3562398124652866,0.0,0.6437601875347134,1.6437601875347134,0.6437601875347134,0.0,0.3562398124652866,2556.4535045119414,4064.701864423946,2.0687194373958597,1.0,0.3562398124652866,13.712479624930573,3.0,2.712479624930573,80.0,1.0687194373958597,2.0687194373958597,3.0,3.0,1.3562398124652866,0.7124796249305732,1.3562398124652866,0.0,1
32.72309947377251,0.25538010524549937,0.7446198947545006,0.0,451.78186419975464,0.7446198947545006,0.25538010524549937,0.0,7.0215204209819975,2.255380105245499,0.7446198947545006,0.0,0.25538010524549937,0.0,0.0,0.0,1.0,667.1118662027742,4.0,0.0,48.06742620948446,1.2553801052454994,1.0,0.0,0.0,0.0,0.0,0.0,0.25538010524549937,0.0,0.0,0.7446198947545006,2.4892397895090013,0.25538010524549937,0.0,0.7446198947545006,2364.5351455780115,12055.335798539983,1.5322806314729966,1.0,0.25538010524549937,17.021520420981997,3.255380105245499,3.744619894754501,80.0,0.7446198947545006,3.0,3.5107602104909987,2.255380105245499,1.4892397895090013,1.4892397895090013,0.7446198947545006,0.0,1
36.132711620563484,1.0,0.0,0.0,319.8579626878888,0.0,1.0,0.0,9.619320895962927,3.0,0.0,1.0,0.0,0.0,0.0,0.0,1.0,143.9693923624837,3.9557627931455053,1.0,79.61932089596293,2.0442372068544947,1.0,0.0,0.0,0.0,0.0,0.0,1.0,0.0,0.0,0.0,2.9115255862910105,0.04423720685449484,0.9557627931455052,0.0,3410.826398736919,21793.677426984144,0.0,1.0,0.9557627931455052,16.82305117258202,3.0,1.0,80.0,0.9557627931455052,2.1769488274179793,0.08847441370898967,2.0442372068544947,1.1769488274179793,0.08847441370898967,0.0,0.1327116205634845,1
28.72043758217494,0.20926442939807244,0.0,0.7907355706019276,284.8801207928169,0.7907355706019276,0.20926442939807244,0.0,27.744413423611565,2.2092644293980723,0.0,1.0,0.0,0.0,0.0,0.0,1.0,1094.1291892256738,2.2092644293980723,1.0,81.92970201157301,1.4185288587961449,1.7907355706019277,0.0,0.0,0.7907355706019276,0.0,0.0,0.20926442939807244,0.0,0.0,0.0,1.0,1.0,0.0,0.0,4746.133382691053,21884.35917042474,6.3258845648154205,1.0,0.0,16.953677853009637,3.0,3.3722067118057826,80.0,0.0,6.790735570601927,5.162942282407711,3.0,2.6277932881942174,2.0,1.5814711412038551,2.2092644293980723,1
33.7167792816192,0.0,1.0,0.0,635.0591218111557,0.07080517959519861,0.9291948204048014,0.0,8.345298412308773,3.0708051795951987,0.07080517959519861,0.0,0.9291948204048014,0.0,0.0,0.0,1.0,157.76238729847017,1.1416103591903972,0.9291948204048014,65.00872748566722,1.0708051795951987,2.0,0.0,0.9291948204048014,0.07080517959519861,0.0,0.0,0.0,0.0,0.0,0.0,2.8583896408096026,1.0,0.0,0.0,6118.040821708213,22892.664414367617,1.2832207183807944,1.0,0.9291948204048014,23.362753383643213,3.9291948204048013,3.9291948204048013,80.0,0.0,9.0,3.1416103591903974,2.9291948204048013,8.787584461214404,6.716779281619205,0.0,5.645974102024007,1
33.38158584405932,0.0,0.8201762048954807,0.1798237951045193,590.6099533435058,1.0,0.0,0.0,19.978061746149713,3.640352409790961,0.8201762048954807,0.1798237951045193,0.0,0.0,0.0,0.0,1.0,1318.3204382791498,3.640352409790961,0.1798237951045193,69.15788554125423,2.640352409790961,2.0,0.0,0.0,1.0,0.0,0.0,0.0,0.0,0.0,0.0,2.640352409790961,0.1798237951045193,0.8201762048954807,0.0,4677.837447262104,23022.759902220834,1.4385903608361543,1.0,0.8201762048954807,18.0,3.0,3.1798237951045194,80.0,0.8201762048954807,5.359647590209039,1.0789427706271157,2.1798237951045194,3.640352409790961,2.0,2.8201762048954806,2.0,1
41.994952039144366,1.0,0.0,0.0,886.1114046934601,0.0,1.0,0.0,2.0,3.6155787677252165,0.0,0.0,0.6155787677252166,0.0,0.3844212322747834,0.0,1.0,1417.13881892353,4.0,1.0,78.08546577990953,3.0,1.0,0.0,0.6155787677252166,0.0,0.0,0.0,0.3844212322747834,0.0,0.0,0.0,2.3844212322747835,1.0,0.0,0.0,1810.4814582504148,25380.579194377828,2.15326369682435,1.0,0.0,16.6130547872974,3.3844212322747835,1.0,80.0,0.0,3.3065273936487003,2.768842464549567,3.0,1.0,0.0,0.0,0.0,1
32.47465543301186,0.0,1.0,0.0,502.93841292139086,1.0,0.0,0.0,3.966207244015815,2.5084481889960464,0.49155181100395373,0.0,0.5084481889960463,0.0,0.0,0.0,1.0,973.9613077327422,3.4915518110039536,0.0,61.981546772774635,1.5084481889960464,1.0,0.0,0.0,0.0,0.0,0.0,0.0,0.0,0.0,1.0,3.5084481889960464,0.5084481889960463,0.0,0.49155181100395373,2571.666514024284,12064.365721882466,3.5591373229723238,1.0,0.0,14.983103622007908,3.0,3.4915518110039536,80.0,0.49155181100395373,3.0,3.0,3.0168963779920928,1.4915518110039536,0.9831036220079075,0.49155181100395373,0.0,1
49.3356345594323,1.0,0.0,0.0,1182.6574617622707,1.0,0.0,0.0,12.090812318154967,3.083908639858074,0.9160913601419256,0.0,0.0839086398580744,0.0,0.0,0.0,1.0,934.648945759908,2.832182720283851,0.0839086398580744,44.92989871673571,3.0,3.0,0.0,0.0,1.0,0.0,0.0,0.0,0.0,0.0,0.0,3.7482740804257766,0.0839086398580744,0.9160913601419256,0.0,7888.44073976346,5858.573553122413,1.4195431992903718,1.0,0.0839086398580744,17.580456800709626,3.0,1.0839086398580744,80.0,1.8321827202838512,9.503451839148447,2.916091360141926,3.832182720283851,8.41263952099348,7.496548160851553,6.580456800709628,6.580456800709628,1
31.745651960027942,1.0,0.0,0.0,383.92178447407605,1.0,0.0,0.0,18.508696079944112,3.0,0.3728259800139716,0.0,0.6271740199860284,0.0,0.0,0.0,1.0,415.0999311289977,1.6271740199860285,0.0,70.25434803997206,1.7456519600279432,2.0,0.0,0.0,1.0,0.0,0.0,0.0,0.0,0.0,0.0,2.254348039972057,0.3728259800139716,0.6271740199860284,0.0,4844.211874710688,25428.88785964402,3.745651960027943,1.0,0.6271740199860284,12.491303920055886,3.0,3.0,80.0,0.6271740199860284,4.745651960027943,2.3728259800139715,3.0,2.3728259800139715,2.0,1.2543480399720568,2.0,1
21.0,0.2935201860187182,0.7064798139812818,0.0,952.9520448185599,0.7064798139812818,0.2935201860187182,0.0,5.989843162318209,1.0,0.0,0.0,0.0,0.0,0.7064798139812818,0.2935201860187182,1.0,608.6164827783296,1.8805605580561546,0.0,89.02031367536358,2.293520186018718,1.0,0.0,0.0,0.0,0.0,0.0,0.2935201860187182,0.0,0.0,0.7064798139812818,2.5870403720374364,1.0,0.0,0.0,2326.3369765437146,9067.814347914758,1.0,1.0,0.7064798139812818,13.348161488149746,3.0,2.4129596279625636,80.0,0.0,2.4129596279625636,3.0,2.706479813981282,2.4129596279625636,1.4129596279625636,0.7064798139812818,1.4129596279625636,1
46.328442706690176,0.9178893233274567,0.08211067667254335,0.0,1223.1263855711236,1.0,0.0,0.0,9.26100390994711,3.0821106766725435,0.0,0.0,1.0,0.0,0.0,0.0,1.0,1883.3693684176951,2.9178893233274565,0.08211067667254335,66.4633203001763,3.0,2.9178893233274565,0.0,0.0,1.0,0.0,0.0,0.0,0.0,0.0,0.0,2.0821106766725435,0.0,0.9178893233274567,0.08211067667254335,7265.88314346989,14031.0350051081,5.164221353345087,1.0,0.0,20.26100390994711,3.9178893233274565,3.0821106766725435,80.0,2.9178893233274565,13.835778646654914,2.0821106766725435,3.0,7.835778646654913,6.671557293309826,0.0,6.50733593996474,1
45.698193677998646,0.28678708813342346,0.7132129118665765,0.0,619.6442047148181,1.0,0.0,0.0,10.007509616933964,2.0,0.0,0.28678708813342346,0.0,0.0,0.7132129118665765,0.0,1.0,987.4176952590165,1.7132129118665764,1.0,52.58108379320081,2.426425823733153,2.0,0.0,0.0,1.0,0.0,0.0,0.0,0.0,0.0,0.0,3.2867870881334236,0.0,0.7132129118665765,0.28678708813342346,6407.116708491078,23063.690282667343,3.8603612644002703,1.0,1.0,14.0,3.0,1.8603612644002703,80.0,1.2867870881334236,14.845342030532342,3.426425823733153,2.7132129118665764,3.426425823733153,2.7132129118665764,1.2867870881334236,2.7132129118665764,1
31.033072348187652,0.00826808704691262,0.9917319129530874,0.0,535.6784216705232,0.00826808704691262,0.9917319129530874,0.0,19.917319129530874,3.0,0.0,0.00826808704691262,0.9917319129530874,0.0,0.0,0.0,1.0,595.698027573352,1.024804261140738,1.0,65.90905104248397,2.9917319129530875,3.0,0.0,0.0,0.00826808704691262,0.0,0.0,0.0,0.0,0.9917319129530874,0.0,2.983463825906175,0.0,1.0,0.0,9827.985217956611,22896.606576049355,3.049608522281476,1.0,0.0,12.041340435234563,3.0,1.0165361740938252,80.0,0.0,12.024804261140737,2.0082680870469125,3.0,1.0992170445629519,0.09921704456295188,0.04960852228147594,0.0,1
51.241689206576766,1.0,0.0,0.0,1175.0332431736929,1.0,0.0,0.0,18.285489921374488,3.5604223016441914,0.4395776983558086,0.0,0.5604223016441914,0.0,0.0,0.0,1.0,1472.156356254648,1.8791553967116172,0.5604223016441914,55.8897129378164,3.0,3.0,0.0,0.0,1.0,0.0,0.0,0.0,0.0,0.0,0.0,2.318733095067426,0.5604223016441914,0.4395776983558086,0.0,9219.81991079387,5850.472820872049,3.802111508220957,1.0,0.5604223016441914,15.197888491779043,3.0,1.5604223016441914,80.0,0.8791553967116172,12.362533809865148,2.4395776983558086,2.8791553967116172,5.07704388849066,4.637466190134852,4.197888491779043,4.197888491779043,1
23.909643099395474,0.7878174334005028,0.2121825665994972,0.0,1160.9615307421152,0.2121825665994972,0.7878174334005028,0.0,6.51472203380352,1.6365476997984914,0.0,0.7878174334005028,0.2121825665994972,0.0,0.0,0.0,1.0,1707.463006290579,2.7878174334005026,0.0,72.84670556861458,2.5756348668010056,1.0,0.0,0.7878174334005028,0.0,0.0,0.0,0.0,0.0,0.0,0.2121825665994972,1.4243651331989944,0.2121825665994972,0.7878174334005028,0.0,2177.5423133031227,16031.888297822921,1.0,1.0,0.7878174334005028,15.939087167002514,3.0,2.7878174334005026,80.0,0.0,1.0,5.363452300201509,3.0,1.0,0.0,0.0,0.0,1
46.22737726204485,1.0,0.0,0.0,666.9860871076028,0.9675175339935934,0.032482466006406585,0.0,8.772622737955153,2.0974473980192196,0.0,0.9675175339935934,0.0,0.0,0.032482466006406585,0.0,1.0,165.22950557331518,3.0,0.9675175339935934,64.4547545240897,2.0,3.0,0.0,0.0,0.9675175339935934,0.032482466006406585,0.0,0.0,0.0,0.0,0.0,4.0,0.9675175339935934,0.032482466006406585,0.0,9636.865356303524,13629.197080258547,0.9675175339935934,1.0,0.0,16.0,3.0,3.9350350679871866,80.0,0.032482466006406585,9.812061650160164,3.0324824660064067,3.0,9.779579184153757,7.967517533993593,3.9025526019807804,7.064964932012813,1
26.756685927199424,0.08407621413326916,0.0,0.9159237858667308,306.86995463836803,1.0,0.0,0.0,27.82293300213423,2.0,0.0,1.0,0.0,0.0,0.0,0.0,1.0,1088.1183381930277,1.9159237858667308,1.0,77.31847571733462,1.0,2.0,0.0,0.0,1.0,0.0,0.0,0.0,0.0,0.0,0.0,1.2522286423998075,0.9159237858667308,0.0,0.08407621413326916,5008.59989685677,21836.961721027983,7.831847571733462,1.0,0.08407621413326916,17.663695143466924,3.0,4.0,80.0,0.1681524282665383,7.0,5.663695143466923,2.915923785866731,2.0,2.0,2.0,2.0,1
25.126134415186595,0.8907668018983245,0.0,0.10923319810167553,1317.701695881786,0.0,1.0,0.0,15.126134415186595,3.6723004056949735,0.0,1.0,0.0,0.0,0.0,0.0,1.0,477.23569695347675,1.218466396203351,1.0,48.823161933558644,3.0,1.0,0.0,1.0,0.0,0.0,0.0,0.0,0.0,0.0,0.0,2.1092331981016756,0.10923319810167553,0.0,0.8907668018983245,2321.769630090314,14111.838484384554,1.8907668018983244,1.0,0.8907668018983245,12.890766801898325,3.0,4.0,80.0,0.8907668018983245,4.453834009491622,1.781533603796649,3.0,2.6723004056949735,1.781533603796649,0.0,1.781533603796649,1
30.892999089628574,1.0,0.0,0.0,544.3081624951551,1.0,0.0,0.0,19.74014064624082,2.9847141556612247,0.0,0.0,1.0,0.0,0.0,0.0,1.0,183.3307851646325,1.9847141556612247,0.0,70.90828493396735,1.0305716886775504,2.0,0.0,0.0,1.0,0.0,0.0,0.0,0.0,0.0,0.0,3.0,0.015285844338775223,0.9847141556612248,0.0,4559.275145198098,24787.954142466984,3.091715066032651,1.0,0.9847141556612248,11.045857533016326,3.0,2.9694283113224493,80.0,0.9847141556612248,4.0,2.0152858443387753,3.0,2.0,2.0,2.0,1.9694283113224496,1
52.765936905972,1.0,0.0,0.0,591.6298568254948,0.07802103134266614,0.9219789686573339,0.0,4.028546814909319,4.843957937314668,0.07802103134266614,0.0,0.0,0.0,0.9219789686573339,0.0,1.0,1609.6841581385079,3.078021031342666,0.07802103134266614,74.95717977763601,2.0,3.0,0.0,0.0,0.07802103134266614,0.9219789686573339,0.0,0.0,0.0,0.0,0.0,3.7659369059720014,0.0,0.9219789686573339,0.07802103134266614,10222.444406469727,14771.545389682367,0.31208412537066454,1.0,0.07802103134266614,15.765936905972001,3.0,2.0,80.0,1.0,32.907705561202675,3.921978968657334,3.0,30.659369059720017,6.6098948432866695,1.0780210313426661,8.297810717916004,1
36.507270572346236,1.0,0.0,0.0,1315.7396867462655,0.7463647138268817,0.25363528617311826,0.0,10.210011852095699,4.492729427653764,0.7463647138268817,0.25363528617311826,0.0,0.0,0.0,0.0,1.0,1692.418354212301,2.253635286173118,1.0,92.19547070740323,2.253635286173118,2.0,0.0,0.0,0.7463647138268817,0.25363528617311826,0.0,0.0,0.0,0.0,0.0,1.2536352861731181,0.0,0.25363528617311826,0.7463647138268817,5809.600468984581,8403.096537396015,4.746364713826882,1.0,0.7463647138268817,12.492729427653764,3.0,1.7463647138268819,80.0,2.746364713826882,13.717282424441937,2.746364713826882,3.0,2.760905858519355,2.0,1.7463647138268819,2.5072705723462363,1
49.927951753764425,0.0,1.0,0.0,561.2280545046189,0.9965691311316394,0.003430868868360637,0.0,8.020585213210165,1.9965691311316394,0.0,0.0,0.0,0.0,0.9965691311316394,0.003430868868360637,1.0,725.3947464701157,2.0034308688683606,0.9965691311316394,50.11664954152426,3.0,2.0034308688683606,0.0,0.0,0.9965691311316394,0.0,0.0,0.0,0.0,0.003430868868360637,0.0,3.0034308688683606,0.003430868868360637,0.9965691311316394,0.0,6798.597167733349,23450.209086450715,2.989707393394918,1.0,1.0,13.99313826226328,3.0,1.0,80.0,0.9965691311316394,17.969122180184755,3.989707393394918,3.0,4.0137234754734425,3.0137234754734425,1.0205852132101638,3.0137234754734425,1
35.57122089674584,0.26187014945764076,0.0,0.7381298505423592,1155.9081923768367,1.0,0.0,0.0,19.78561044837292,2.738129850542359,1.0,0.0,0.0,0.0,0.0,0.0,1.0,499.3812985054236,1.5237402989152815,1.0,67.26187014945764,3.4762597010847185,2.0,0.0,0.0,1.0,0.0,0.0,0.0,0.0,0.0,0.0,3.738129850542359,0.7381298505423592,0.26187014945764076,0.0,5585.772280816422,5033.8066779092405,6.428779103254156,1.0,1.0,12.738129850542359,3.0,1.7381298505423592,80.0,0.5237402989152815,8.738129850542359,3.785610448372922,2.261870149457641,5.261870149457641,2.5237402989152815,0.26187014945764076,2.952519402169437,1
34.75671869127705,0.0,1.0,0.0,380.59753957605835,0.0,1.0,0.0,8.007329481393146,2.2506107901160957,0.0,0.0,0.7493892098839045,0.0,0.25061079011609555,0.0,1.0,1895.8949441000316,1.501221580232191,0.25061079011609555,44.74450288895514,3.4987784197678087,1.0,0.0,0.0,0.0,0.0,0.0,1.0,0.0,0.0,0.0,3.0,0.7493892098839045,0.25061079011609555,0.0,2433.2530539505806,15385.41430254123,4.503664740696573,1.0,1.0,14.50122158023219,3.0,1.7518323703482865,80.0,0.25061079011609555,7.498778419767809,2.5012215802321913,3.0,3.2481676296517135,0.7493892098839045,0.0,2.2481676296517135,1
35.93443708548028,0.9918046356850355,0.008195364314964482,0.0,886.0162251750556,0.0,1.0,0.0,15.877069535275533,3.9918046356850354,0.0,0.008195364314964482,0.9918046356850355,0.0,0.0,0.0,1.0,1042.5654801377325,2.983609271370071,0.008195364314964482,43.01639072862993,3.983609271370071,1.0,0.0,1.0,0.0,0.0,0.0,0.0,0.0,0.0,0.0,1.0081953643149646,0.9918046356850355,0.0,0.008195364314964482,2741.7952814457003,8259.911340974704,1.0,1.0,0.0,15.991804635685035,3.0,2.983609271370071,80.0,0.016390728629928963,17.860678806645605,1.0081953643149646,3.0,16.868874170960567,12.893460263905462,14.877069535275533,13.885264899590497,1
41.553872432781105,0.0,1.0,0.0,732.195764932041,0.0,1.0,0.0,15.422406290306665,2.8685338575255552,0.0,0.0,0.13146614247444466,0.0,0.8685338575255553,0.0,1.0,1789.6121765056046,2.7370677150511105,0.8685338575255553,39.18319528227,2.2629322849488895,1.0,0.0,0.0,0.0,0.0,0.0,1.0,0.0,0.0,0.0,3.0,0.13146614247444466,0.8685338575255553,0.0,2436.342669287628,15551.635607674374,8.211203145153332,1.0,1.0,15.737067715051111,3.0,3.605601572576666,80.0,0.8685338575255553,6.2629322849488895,3.7370677150511105,3.0,1.3943984274233339,0.13146614247444466,0.0,0.39439842742333386,1
40.175009972895076,1.0,0.0,0.0,1184.7320703730184,0.8350019945790158,0.1649980054209842,0.0,18.185021940369175,2.1649980054209843,0.8350019945790158,0.1649980054209842,0.0,0.0,0.0,0.0,1.0,221.9303151434845,2.3299960108419686,0.1649980054209842,71.48498204878885,2.8350019945790157,1.0,0.0,0.0,0.0,0.0,0.0,0.1649980054209842,0.0,0.0,0.8350019945790158,2.1649980054209843,0.8350019945790158,0.1649980054209842,0.0,3180.919505344404,21736.08490226563,0.8350019945790158,1.0,1.0,21.17500997289508,3.8350019945790157,3.5050059837370475,80.0,0.1649980054209842,3.6700039891580314,4.175009972895079,2.0,3.5050059837370475,2.5050059837370475,0.0,1.6700039891580316,1
53.92291795230753,1.0,0.0,0.0,217.97829201210067,0.18532191125874853,0.8146780887412515,0.0,19.29356177482503,3.4440342662237544,0.0,0.8146780887412515,0.18532191125874853,0.0,0.0,0.0,1.0,313.6281728295163,3.8146780887412515,0.18532191125874853,86.03115781587381,2.8146780887412515,3.0,0.0,0.0,0.18532191125874853,0.0,0.0,0.0,0.0,0.8146780887412515,0.0,4.0,0.0,1.0,0.0,10314.409184846363,3845.465883814211,1.0,1.0,0.18532191125874853,11.814678088741251,3.0,3.4440342662237544,80.0,1.0,35.552274129790035,3.5559657337762456,2.1853219112587485,35.552274129790035,9.444034266223754,12.776137064895018,6.1853219112587485,1
28.680186141467317,1.0,0.0,0.0,257.58045514593186,0.0,1.0,0.0,8.355718746251744,3.6801861414673156,0.0,0.3198138585326845,0.0,0.0,0.6801861414673155,0.0,1.0,1548.22473639968,1.639627717065369,1.0,84.32912093189846,2.3198138585326844,1.0,0.0,0.3198138585326845,0.0,0.0,0.0,0.6801861414673155,0.0,0.0,0.0,1.3198138585326844,0.6801861414673155,0.3198138585326845,0.0,2376.7114374925036,7489.965418518025,4.4009307073365775,1.0,0.3198138585326845,14.279255434130738,3.0,3.0,80.0,0.9594415755980537,7.801861414673155,2.3198138585326844,1.639627717065369,6.441489131738524,5.081116848803893,0.0,4.761302990271209,1
21.92171975440573,0.07828024559427016,0.9217197544057298,0.0,1184.0604542988658,0.07828024559427016,0.9217197544057298,0.0,3.3131209823770806,3.7651592632171895,0.07828024559427016,0.0,0.9217197544057298,0.0,0.0,0.0,1.0,1248.167701707894,2.92171975440573,1.0,46.669235824897406,2.07828024559427,1.0,0.0,0.0,0.0,0.0,0.0,0.9217197544057298,0.0,0.0,0.07828024559427016,3.8434395088114597,0.07828024559427016,0.9217197544057298,0.0,2839.379237266597,4249.928404484429,0.07828024559427016,1.0,0.9217197544057298,11.15656049118854,3.0,2.0,80.0,0.9217197544057298,1.0,4.84343950881146,3.0,0.07828024559427016,0.0,0.07828024559427016,0.0,1
25.908325963244785,0.5845248623936022,0.41547513760639776,0.0,294.8789062411655,0.5845248623936022,0.41547513760639776,0.0,6.169049724787205,3.0,0.0,0.41547513760639776,0.5845248623936022,0.0,0.0,0.0,1.0,1417.3995307396176,2.5845248623936024,0.5845248623936022,82.79646963335048,3.0,1.0,0.0,0.41547513760639776,0.0,0.0,0.0,0.0,0.0,0.0,0.5845248623936022,3.1690497247872047,0.41547513760639776,0.0,0.5845248623936022,2336.0748452281405,25361.42553559118,0.5845248623936022,1.0,0.5845248623936022,19.338099449574408,3.5845248623936024,1.5845248623936024,80.0,0.5845248623936022,3.4154751376063976,2.4154751376063976,3.0,3.0,2.0,0.41547513760639776,2.0,1
35.80019122605285,1.0,0.0,0.0,327.79062992341017,0.0,1.0,0.0,8.533779527456659,2.9333970753509515,0.0,0.9333970753509513,0.06660292464904871,0.0,0.0,0.0,1.0,105.8514960664736,3.8001912260528536,0.9333970753509513,76.33588301403805,2.0666029246490485,1.0,0.0,0.06660292464904871,0.0,0.0,0.0,0.9333970753509513,0.0,0.0,0.0,2.8667941507019026,0.0,1.0,0.0,3342.643408313998,21759.150416194054,0.466220472543341,1.0,0.9333970753509513,17.199808773947147,3.0666029246490485,1.0,80.0,0.9333970753509513,2.732632171139536,0.19980877394714613,2.1332058492980974,1.5328233971923897,0.466220472543341,0.06660292464904871,0.466220472543341,1
27.22129760626887,0.7787023937311295,0.22129760626887052,0.0,1436.8186180764342,1.0,0.0,0.0,1.7787023937311295,1.442595212537741,0.7787023937311295,0.0,0.0,0.0,0.22129760626887052,0.0,1.0,848.2427395342049,2.557404787462259,1.0,86.5490832438821,3.0,1.0,0.0,0.0,0.0,0.0,0.0,0.0,0.0,0.0,1.0,1.442595212537741,0.0,0.22129760626887052,0.7787023937311295,3011.788715972509,16213.442733844946,0.6638928188066116,1.0,0.0,11.885190425075482,3.0,2.442595212537741,80.0,1.0,5.0,3.0,3.2212976062688705,3.7787023937311295,2.7787023937311295,0.22129760626887052,2.0,1
30.484399533255527,0.05156004667444736,0.9484399533255526,0.0,1078.9225371295222,0.9484399533255526,0.05156004667444736,0.0,1.8765207934656054,2.8968799066511055,0.0,0.0,0.9484399533255526,0.0,0.0,0.05156004667444736,1.0,1309.9635009568256,4.0,0.0,54.56716051341892,3.0,1.0,0.0,0.0,0.0,0.0,0.0,0.05156004667444736,0.0,0.0,0.9484399533255526,2.1031200933488945,1.0,0.0,0.0,2322.1599782497087,8347.40958571762,1.0,1.0,0.9484399533255526,11.412480373395578,3.0,1.0,80.0,0.0,2.8968799066511055,2.0515600466744472,3.8968799066511055,2.8968799066511055,1.8968799066511053,1.8968799066511053,1.8968799066511053,1
41.9800029228911,0.5014283626506355,0.4985716373493645,0.0,1117.9830057927475,0.5014283626506355,0.4985716373493645,0.0,21.48143128554174,2.0,0.0,0.5014283626506355,0.4985716373493645,0.0,0.0,0.0,1.0,1532.821381596393,1.0,1.0,77.94572221927585,1.4985716373493645,2.0,0.0,0.4985716373493645,0.5014283626506355,0.0,0.0,0.0,0.0,0.0,0.0,2.5042850879519065,0.4985716373493645,0.0,0.5014283626506355,4863.651187224134,22403.125842057812,4.5042850879519065,1.0,0.5014283626506355,16.991429824096187,3.4985716373493645,2.5042850879519065,80.0,1.002856725301271,13.481431285541738,2.0,2.4985716373493645,2.997143274698729,2.4985716373493645,1.5014283626506355,2.4985716373493645,1
41.54173139631932,1.0,0.0,0.0,808.7917179379103,1.0,0.0,0.0,6.410296243888812,1.852574060972203,0.4262870304861015,0.0,0.5737129695138985,0.0,0.0,0.0,1.0,912.8615471282651,3.0,0.5737129695138985,47.58970375611119,2.4262870304861015,3.0,0.0,0.0,1.0,0.0,0.0,0.0,0.0,0.0,0.0,4.0,0.0,1.0,0.0,9186.387341571623,5663.7901644262465,1.0,1.0,0.5737129695138985,13.984009213402711,3.0,1.0,80.0,1.4262870304861015,13.015990786597289,4.721138908541695,3.4262870304861015,13.015990786597289,7.426287030486101,4.705148121944406,7.0,1
44.954750832095975,0.7303167221397316,0.0,0.26968327786026836,1232.0036234591278,1.0,0.0,0.0,13.157466222882146,3.0,1.0,0.0,0.0,0.0,0.0,0.0,1.0,748.8470520832293,2.4606334442794635,0.26968327786026836,49.47239866864644,3.2696832778602682,2.7303167221397318,0.0,0.0,1.0,0.0,0.0,0.0,0.0,0.0,0.0,4.0,0.26968327786026836,0.7303167221397316,0.0,7020.244297028369,5534.222600344796,2.8877829450218786,1.0,0.26968327786026836,16.65158361069866,3.0,1.2696832778602682,80.0,1.4606334442794633,9.0,3.0,3.4606334442794635,7.921266888558927,6.38190033283839,5.112217054978121,6.190950166419195,1
27.67981506451727,1.0,0.0,0.0,1140.7408360643876,0.0,1.0,0.0,9.801232903218203,3.0,0.0,0.4400616451609102,0.0,0.0,0.5599383548390898,0.0,1.0,655.1297476448544,2.11987670967818,1.0,63.87704103227631,3.0,1.0,0.0,0.4400616451609102,0.0,0.0,0.0,0.5599383548390898,0.0,0.0,0.0,3.0,0.5599383548390898,0.0,0.4400616451609102,2198.3796648063303,19588.01632825821,0.4400616451609102,1.0,0.0,16.64036987096546,3.44006164516091,3.55993835483909,80.0,0.4400616451609102,4.359630129034539,0.5599383548390898,2.0,3.7996917741954492,1.55993835483909,0.5599383548390898,2.7996917741954492,1
47.596028872870896,1.0,0.0,0.0,306.2208180646754,0.0,1.0,0.0,19.137966314983952,2.2660048121451495,0.0,1.0,0.0,0.0,0.0,0.0,1.0,1759.6858908005431,3.866997593927425,0.0,64.27096872105653,2.866997593927425,2.133002406072575,0.0,0.0,0.0,0.13300240607257474,0.0,0.0,0.0,0.8669975939274253,0.0,1.8669975939274253,0.0,1.0,0.0,9069.908603370526,10999.07584157171,4.399007218217724,1.0,0.13300240607257474,20.9359807514194,3.866997593927425,4.0,80.0,0.8669975939274253,15.394043309306346,1.7339951878548505,3.7339951878548505,9.133002406072574,7.26600481214515,3.2660048121451495,7.26600481214515,1
31.900302138181498,0.48338368969691636,0.5166163103030836,0.0,530.3534758787665,0.48338368969691636,0.5166163103030836,0.0,12.066465241212335,1.9667673793938327,0.0,0.48338368969691636,0.0,0.0,0.0,0.5166163103030836,1.0,1526.3776443539277,3.4833836896969164,0.48338368969691636,69.98187299878943,2.5166163103030836,3.0,0.0,0.0,0.48338368969691636,0.0,0.0,0.0,0.0,0.5166163103030836,0.0,2.549848930909251,0.5166163103030836,0.48338368969691636,0.0,8883.75529773561,22253.262834424317,4.350453207272247,1.0,0.5166163103030836,14.416918448484582,3.0,1.9667673793938327,80.0,0.0,11.900302138181498,1.9667673793938327,3.0,10.416918448484582,9.416918448484582,6.516616310303084,3.6163141721215855,1
41.866928351202006,1.0,0.0,0.0,1331.2633764360721,0.9460442072000954,0.05395579279990459,0.0,8.676265243200572,2.892088414400191,0.9460442072000954,0.0,0.05395579279990459,0.0,0.0,0.0,1.0,1173.863582286425,1.0539557927999046,0.0,82.24825456720487,1.1079115855998092,2.0,0.0,0.0,0.9460442072000954,0.05395579279990459,0.0,0.0,0.0,0.0,0.0,3.0,0.9460442072000954,0.05395579279990459,0.0,5282.601943460112,9517.758437562348,7.568353657600763,1.0,0.05395579279990459,13.323734756799428,3.0,1.9460442072000954,80.0,0.05395579279990459,6.838132621600286,2.0539557927999046,2.107911585599809,3.9460442072000954,2.9460442072000954,0.9460442072000954,2.9460442072000954,1
25.19299747425468,1.0,0.0,0.0,234.2583251409233,1.0,0.0,0.0,6.061486108400736,3.0,1.0,0.0,0.0,0.0,0.0,0.0,1.0,148.80316096747745,2.9517506314363304,0.9517506314363302,45.469256945799636,2.0482493685636696,2.0482493685636696,0.0,0.0,1.0,0.0,0.0,0.0,0.0,0.0,0.0,3.0482493685636696,0.9517506314363302,0.04824936856366979,0.0,5835.432553428154,26841.561036916028,1.0,1.0,0.9517506314363302,11.530743054200368,3.0482493685636696,4.0,80.0,0.14474810569100938,6.192997474254679,1.0964987371273396,2.9517506314363304,6.192997474254679,4.0,0.04824936856366979,3.2894962113820188,1
42.52387486432358,1.0,0.0,0.0,886.6708412297806,1.0,0.0,0.0,4.359295479213895,2.6796477396069474,0.32035226039305253,0.0,0.0,0.0,0.6796477396069475,0.0,1.0,43.60176130196526,3.0389432188208425,1.0,65.61056781179158,2.6796477396069474,1.6796477396069474,0.0,0.0,0.0,0.0,0.0,0.0,0.0,0.0,1.0,3.6796477396069474,0.0,1.0,0.0,2277.250299454652,3487.1673236867,2.3592954792138947,1.0,0.32035226039305253,14.0,3.0,3.0,80.0,0.6796477396069475,13.87436383371116,4.718590958427789,3.6796477396069474,1.640704520786105,0.6407045207861051,0.0,0.6407045207861051,1
36.670110337136855,0.0,1.0,0.0,505.64944831431575,0.0,1.0,0.0,10.549816104771908,3.0,0.0,0.9450183895228091,0.054981610477190856,0.0,0.0,0.0,1.0,355.4704945669118,1.0,1.0,61.27490805238595,3.0,3.0,0.0,0.0,0.0,0.9450183895228091,0.0,0.0,0.0,0.054981610477190856,0.0,3.0,0.0,0.054981610477190856,0.9450183895228091,10035.68411925311,22591.418839509857,5.835055168568427,1.0,0.0,11.05498161047719,3.0,1.9450183895228093,80.0,1.8900367790456183,16.725091947614047,4.835055168568427,3.0,1.0,0.0,0.0,0.0,1
32.04256769123822,1.0,0.0,0.0,414.2560876356257,0.0,0.5212838456191103,0.47871615438088966,9.659458470094235,3.436148463142669,0.0,0.0,0.5212838456191103,0.47871615438088966,0.0,0.0,1.0,1052.776257732667,2.436148463142669,0.47871615438088966,62.93580771904448,3.4787161543808898,1.0,0.0,0.5212838456191103,0.0,0.0,0.0,0.0,0.47871615438088966,0.0,0.0,1.0,0.0,1.0,0.0,2826.2003224408413,21502.297973838668,3.6489869193337725,1.0,0.0,18.56385153685733,3.5212838456191102,1.9574323087617793,80.0,0.0,7.734122301810213,3.4787161543808898,3.5212838456191102,5.170270764952883,3.6489869193337725,0.5212838456191103,3.6489869193337725,1
36.32052988314408,0.26602649415720425,0.0,0.7339735058427957,597.8341762273178,0.0,1.0,0.0,7.669867529213979,2.5320529883144083,0.0,0.7339735058427957,0.26602649415720425,0.0,0.0,0.0,1.0,1014.9423844741484,2.4679470116855917,1.0,42.80768207011355,2.266026494157204,1.0,0.0,0.0,0.0,0.0,0.0,1.0,0.0,0.0,0.0,1.5320529883144085,0.7339735058427957,0.26602649415720425,0.0,2358.2437091820084,10324.660264941573,2.394238447414838,1.0,1.0,19.33973505842796,3.733973505842796,1.5320529883144085,80.0,0.7980794824716128,7.72437091820086,0.5320529883144085,3.266026494157204,4.86218545910043,1.4679470116855915,1.2660264941572041,3.330132470786021,1
32.129266746155444,1.0,0.0,0.0,694.3541977465192,0.18769394300706577,0.8123060569929342,0.0,1.3753878860141315,2.0,0.18769394300706577,0.0,0.8123060569929342,0.0,0.0,0.0,1.0,610.7404035530964,1.0,0.18769394300706577,70.56618491713425,1.1876939430070657,1.0,0.0,0.0,0.0,0.0,0.0,0.8123060569929342,0.0,0.0,0.18769394300706577,2.1876939430070657,0.8123060569929342,0.18769394300706577,0.0,2303.6530713843,3860.362975533562,5.873836341957605,1.0,1.0,13.187693943007066,3.0,3.8123060569929343,80.0,0.0,8.68614239895054,3.6246121139858687,3.0,6.249224227971737,6.061530284964671,2.4369181709788026,6.061530284964671,1
47.70672443978141,1.0,0.0,0.0,558.4895925241535,1.0,0.0,0.0,17.106941088961708,2.426681109945353,0.426681109945353,0.573318890054647,0.0,0.0,0.0,0.0,1.0,944.4813099641487,3.426681109945353,1.0,53.33297225136617,2.0,3.0,0.0,0.0,1.0,0.0,0.0,0.0,0.0,0.0,0.0,2.719956670163941,0.573318890054647,0.0,0.426681109945353,10145.951170782511,14871.776518736606,2.280043329836059,1.0,0.426681109945353,14.719956670163942,3.0,3.1466377801092937,80.0,0.426681109945353,13.693492209398883,3.0,3.0,6.439913340327882,5.439913340327882,3.1466377801092937,4.0132322303825285,1
33.889389892049174,1.0,0.0,0.0,508.6078640821028,0.7035367026502751,0.2964632973497249,0.0,8.261096270846974,3.296463297349725,0.7035367026502751,0.0,0.2964632973497249,0.0,0.0,0.0,1.0,650.1300566237967,3.703536702650275,0.0,36.66816967614752,3.296463297349725,1.0,0.0,0.2964632973497249,0.0,0.0,0.0,0.0,0.0,0.0,0.7035367026502751,2.40707340530055,1.0,0.0,0.0,2818.9819638862296,8888.815835034893,1.0,1.0,0.7035367026502751,13.889389892049175,3.0,2.296463297349725,80.0,0.0,6.0398760549453225,1.703536702650275,3.0,5.743412757595598,3.8540228655464235,4.4469494602458735,4.150486162896148,1
41.84573562090508,0.5436176252729946,0.4563823747270054,0.0,739.9220970149831,0.4563823747270054,0.5436176252729946,0.0,12.959587756005881,2.912764749454011,0.0,0.0,0.5436176252729946,0.0,0.0,0.4563823747270054,1.0,649.8377832674087,2.912764749454011,1.0,64.14785361653716,2.4563823747270055,2.0,0.0,0.0,0.4563823747270054,0.5436176252729946,0.0,0.0,0.0,0.0,0.0,3.0,0.4563823747270054,0.5436176252729946,0.0,5373.8177388243175,16297.494685271167,3.0,1.0,1.0,13.456382374727005,3.0,2.369147124181016,80.0,0.0,6.630852875818984,2.369147124181016,3.0,0.5436176252729946,0.0,0.0,0.5436176252729946,1
32.749235451569554,0.1389738387144941,0.0,0.8610261612855059,1342.1267410638272,0.8610261612855059,0.1389738387144941,0.0,16.91539241928259,2.722052322571012,0.8610261612855059,0.0,0.0,0.0,0.1389738387144941,0.0,1.0,585.9401985835544,1.4169215161434823,1.0,62.13591564499271,3.8610261612855057,1.861026161285506,0.0,0.1389738387144941,0.8610261612855059,0.0,0.0,0.0,0.0,0.0,0.0,4.0,0.8610261612855059,0.1389738387144941,0.0,5079.835198153521,4645.468229580419,7.027183128998542,1.0,1.0,13.277947677428989,3.0,2.0,80.0,0.1389738387144941,8.722052322571011,3.0,2.277947677428988,5.277947677428989,2.6948691935724707,0.6948691935724705,4.277947677428989,1
26.252971376906444,1.0,0.0,0.0,1339.3599409455385,0.0,1.0,0.0,20.494057246187108,3.0,0.0,0.8735143115467773,0.0,0.0,0.12648568845322272,0.0,1.0,1214.892292250599,1.2529713769064454,1.0,36.36757155773389,2.8735143115467774,1.0,0.0,1.0,0.0,0.0,0.0,0.0,0.0,0.0,0.0,3.1264856884532226,0.0,0.0,1.0,2375.735143115468,19297.867501058787,1.5059427538128909,1.0,0.0,18.98811449237422,3.8735143115467774,2.7470286230935548,80.0,1.0,1.6324284422661135,0.25297137690644544,2.0,1.3794570653596683,1.0,0.0,0.37945706535966817,1
28.68041319543504,1.0,0.0,0.0,1028.0067799809854,0.0,1.0,0.0,3.1305786970997276,3.0,0.0,0.10652893485498638,0.0,0.0,0.8934710651450136,0.0,1.0,385.968850427974,2.7869421302900275,1.0,79.88661112696066,3.0,1.0,0.0,0.10652893485498638,0.0,0.0,0.0,0.8934710651450136,0.0,0.0,0.0,3.0,0.8934710651450136,0.0,0.10652893485498638,2091.9827302187405,19716.092889015687,0.10652893485498638,1.0,0.0,14.639173609129918,3.1065289348549863,3.8934710651450137,80.0,0.10652893485498638,6.3608263908700815,0.8934710651450136,2.0,5.467355325725068,1.8934710651450137,0.8934710651450136,4.467355325725068,1
31.429360674602993,0.0,1.0,0.0,531.853196626985,0.0,1.0,0.0,19.284398875661676,3.0,0.0,0.07156011243383231,0.9284398875661677,0.0,0.0,0.0,1.0,569.4677724537111,1.0,1.0,65.64219943783084,3.0,3.0,0.0,0.0,0.0,0.07156011243383231,0.0,0.0,0.0,0.9284398875661677,0.0,3.0,0.0,0.9284398875661677,0.07156011243383231,9840.029465185178,22884.027362334666,3.214680337301497,1.0,0.0,11.928439887566167,3.0,1.0715601124338323,80.0,0.14312022486766462,12.357800562169162,2.214680337301497,3.0,1.0,0.0,0.0,0.0,1
45.90914909429158,1.0,0.0,0.0,932.85749938759,0.5537137187007652,0.44628628129923475,0.0,4.124003969094643,2.8925725625984695,0.0,0.44628628129923475,0.5537137187007652,0.0,0.0,0.0,1.0,193.7956735212694,2.4462862812992348,0.44628628129923475,89.98342346830688,2.5537137187007652,2.0,0.0,0.0,0.5537137187007652,0.0,0.0,0.44628628129923475,0.0,0.0,0.0,3.1074274374015305,0.5537137187007652,0.44628628129923475,0.0,5523.506832073205,18706.032160789724,5.3222823122045915,1.0,0.5537137187007652,12.785145125196939,3.0,1.0,80.0,0.0,9.338858843897704,1.3388588438977043,1.4462862812992348,6.8925725625984695,3.1074274374015305,3.1240039690946433,5.8925725625984695,1
34.463967051074526,1.0,0.0,0.0,987.2326699614846,0.24399450851242133,0.7560054914875787,0.0,20.120109829751573,3.0,0.0,0.7560054914875787,0.0,0.0,0.24399450851242133,0.0,1.0,847.9018539257588,1.731983525537264,1.0,55.24399450851242,2.2439945085124213,1.2439945085124213,0.0,0.0,0.0,0.0,0.0,0.7560054914875787,0.0,0.0,0.24399450851242133,2.4879890170248427,0.7560054914875787,0.24399450851242133,0.0,2257.6132465676806,3076.446121911248,3.7560054914875787,1.0,0.7560054914875787,18.536032948925474,3.7560054914875787,2.2439945085124213,80.0,0.24399450851242133,8.415923119173899,1.463967051074528,3.2439945085124213,1.7560054914875787,1.5120109829751573,1.5120109829751573,1.5120109829751573,1
31.169467488795426,0.20763312780114385,0.0,0.7923668721988562,1408.1802984870374,0.7923668721988562,0.20763312780114385,0.0,9.131301849789706,4.0,0.0,0.20763312780114385,0.0,0.0,0.0,0.7923668721988562,1.0,591.3420725899815,3.3771006165965685,1.0,64.98319506722746,3.3771006165965685,1.7923668721988562,0.0,0.0,0.7923668721988562,0.0,0.0,0.20763312780114385,0.0,0.0,0.0,3.207633127801144,0.0,1.0,0.0,4448.912022143179,24084.88206418034,7.377100616596568,1.0,0.20763312780114385,12.207633127801143,3.0,4.0,80.0,0.0,5.792366872198857,2.4152662556022877,2.792366872198856,3.792366872198856,2.0,1.2076331278011438,2.0,1
31.8735344244182,0.0,1.0,0.0,247.3162974011927,0.0,1.0,0.0,5.800948645351411,2.0,0.0,0.0,1.0,0.0,0.0,0.0,1.0,1936.0069813778973,1.1264655755818018,0.04215519186060057,48.096034988375614,3.915689616278799,1.0,0.0,0.0,0.0,0.0,0.0,1.0,0.0,0.0,0.0,3.0421551918606005,1.0,0.0,0.0,2432.295086343024,15294.18231659876,2.915689616278799,1.0,1.0,14.421551918606006,3.0421551918606005,1.0421551918606005,80.0,0.0,7.704913656975796,2.0421551918606005,2.9578448081393995,3.873534424418198,0.9578448081393994,0.04215519186060057,2.873534424418198,1
26.33678472038175,0.16839236019087556,0.8316076398091244,0.0,604.3275094421372,0.0,0.16839236019087556,0.8316076398091244,16.158038199045624,3.4948229194273734,0.0,0.0,1.0,0.0,0.0,0.0,1.0,703.4784682282265,2.1683923601908757,0.0,61.53623956400838,3.0,1.0,0.0,0.16839236019087556,0.0,0.0,0.0,0.0,0.8316076398091244,0.0,0.0,3.1683923601908757,0.0,0.16839236019087556,0.8316076398091244,2702.9433265968623,22832.753676948058,0.16839236019087556,1.0,1.0,11.0,3.0,2.3367847203817513,80.0,0.8316076398091244,6.821253478663872,2.3367847203817513,2.0,5.989645838854747,5.989645838854747,0.8316076398091244,0.0,1
30.9836169855545,0.864381046111159,0.13561895388884104,0.0,899.35770781833,0.13561895388884104,0.864381046111159,0.0,1.864381046111159,4.0,0.0,0.864381046111159,0.0,0.0,0.0,0.13561895388884104,1.0,866.6514018583197,3.135618953888841,1.0,50.74666338610944,3.0,1.135618953888841,0.0,0.0,0.13561895388884104,0.0,0.0,0.864381046111159,0.0,0.0,0.0,3.0,1.0,0.0,0.0,4428.924158045539,16492.937822560514,5.593143138333477,1.0,0.13561895388884104,16.593143138333478,3.0,4.0,80.0,0.0,5.0,3.135618953888841,2.135618953888841,1.728762092222318,1.728762092222318,1.728762092222318,0.864381046111159,1
31.93990955862038,1.0,0.0,0.0,342.7391735724799,1.0,0.0,0.0,18.120180882759243,3.0,0.4699547793101889,0.0,0.5300452206898111,0.0,0.0,0.0,1.0,477.65087787576164,1.5300452206898112,0.0,70.06009044137963,1.9399095586203778,2.0,0.0,0.0,1.0,0.0,0.0,0.0,0.0,0.0,0.0,2.0600904413796224,0.4699547793101889,0.5300452206898111,0.0,4918.515406172294,25595.852265634214,3.9399095586203776,1.0,0.5300452206898111,12.879819117240755,3.0,3.0,80.0,0.5300452206898111,4.939909558620378,2.469954779310189,3.0,2.469954779310189,2.0,1.0600904413796222,2.0,1
32.0,1.0,0.0,0.0,957.2957486991268,1.0,0.0,0.0,3.7220150513443,4.0,0.1389924743278499,0.8610075256721501,0.0,0.0,0.0,0.0,1.0,509.3571771690522,3.86100752567215,1.0,38.949623716392495,1.13899247432785,2.86100752567215,0.0,0.0,1.0,0.0,0.0,0.0,0.0,0.0,0.0,3.7220150513443,0.1389924743278499,0.8610075256721501,0.0,10331.47671015637,25863.983185398614,1.8339548459670993,1.0,0.1389924743278499,11.13899247432785,3.0,3.0,80.0,0.0,13.02705267970505,2.13899247432785,2.0,12.332090308065801,7.166045154032901,8.02705267970505,7.166045154032901,1
27.83534636963155,1.0,0.0,0.0,999.0606402965977,0.2329307260736898,0.7670692739263102,0.0,1.4658614521473796,3.5341385478526206,0.0,0.7670692739263102,0.2329307260736898,0.0,0.0,0.0,1.0,1722.5595410216874,1.0,0.7670692739263102,42.754991056137,3.0,1.2329307260736897,0.0,0.0,0.2329307260736898,0.0,0.0,0.7670692739263102,0.0,0.0,0.0,3.7670692739263103,0.2329307260736898,0.7670692739263102,0.0,4738.084547524525,25812.10575778733,9.0,1.0,0.7670692739263102,14.0,3.0,1.7670692739263103,80.0,2.3012078217789305,4.0,3.0,3.7670692739263103,2.0,2.0,2.0,1.5341385478526204,1
31.976397026030508,0.4418218917811676,0.5581781082188324,0.0,324.7875732342746,0.0,1.0,0.0,5.534575134249341,2.883643783562335,0.0,1.0,0.0,0.0,0.0,0.0,1.0,1638.7556769932562,3.4418218917811676,1.0,46.83643783562335,2.4418218917811676,1.4418218917811676,0.0,0.5581781082188324,0.0,0.4418218917811676,0.0,0.0,0.0,0.0,0.0,1.0,1.0,0.0,0.0,3290.8897652224887,5194.618653283436,4.349068649312994,1.0,0.0,12.76728756712467,3.0,2.5581781082188324,80.0,0.0,8.883643783562334,2.883643783562335,1.5581781082188324,4.418218917811676,1.3254656753435028,0.0,3.5345751342493408,1
31.588950609530368,0.1567832656077368,0.8432167343922632,0.0,1061.5759395640882,0.0,1.0,0.0,5.194965718508316,2.8432167343922634,0.0,0.0,1.0,0.0,0.0,0.0,1.0,783.0569483191999,1.4703497968232104,0.8432167343922632,74.2331481714089,3.0,1.0,0.0,0.1567832656077368,0.0,0.0,0.0,0.8432167343922632,0.0,0.0,0.0,1.1567832656077368,0.8432167343922632,0.1567832656077368,0.0,3169.5806437383953,3196.610919246409,1.0,1.0,0.8432167343922632,11.313566531215473,3.0,1.0,80.0,0.1567832656077368,8.588950609530368,3.0,2.6864334687845264,8.588950609530368,6.7457338751381055,7.588950609530369,5.902517140745842,1
36.0,0.0,1.0,0.0,469.0,0.0,1.0,0.0,3.0,3.0,0.0,0.0,0.0,0.0,1.0,0.0,1.0,1257.0,3.0,1.0,46.0,3.0,1.0,0.0,0.0,0.0,0.0,0.0,1.0,0.0,0.0,0.0,2.0,0.0,1.0,0.0,3692.0,9256.0,1.0,1.0,0.0,12.0,3.0,3.0,80.0,0.0,12.0,2.0,2.0,11.0,10.0,0.0,7.0,0
34.0,1.0,0.0,0.0,507.0,1.0,0.0,0.0,15.0,2.0,0.0,1.0,0.0,0.0,0.0,0.0,1.0,1356.0,3.0,0.0,66.0,3.0,2.0,0.0,0.0,1.0,0.0,0.0,0.0,0.0,0.0,0.0,1.0,1.0,0.0,0.0,6125.0,23553.0,1.0,1.0,0.0,12.0,3.0,4.0,80.0,0.0,10.0,6.0,4.0,10.0,8.0,9.0,6.0,0
29.0,1.0,0.0,0.0,232.0,0.0,1.0,0.0,19.0,3.0,0.0,0.0,0.0,0.0,1.0,0.0,1.0,611.0,4.0,1.0,34.0,3.0,2.0,0.0,0.0,0.0,1.0,0.0,0.0,0.0,0.0,0.0,4.0,0.0,0.0,1.0,4262.0,22645.0,4.0,1.0,0.0,12.0,3.0,2.0,80.0,2.0,8.0,2.0,4.0,3.0,2.0,1.0,2.0,0
35.0,1.0,0.0,0.0,776.0,1.0,0.0,0.0,1.0,4.0,1.0,0.0,0.0,0.0,0.0,0.0,1.0,100.0,3.0,1.0,32.0,2.0,2.0,0.0,0.0,1.0,0.0,0.0,0.0,0.0,0.0,0.0,1.0,1.0,0.0,0.0,4312.0,23016.0,0.0,1.0,0.0,14.0,3.0,2.0,80.0,0.0,16.0,2.0,3.0,15.0,13.0,2.0,8.0,0
34.0,1.0,0.0,0.0,258.0,1.0,0.0,0.0,21.0,4.0,0.0,0.0,1.0,0.0,0.0,0.0,1.0,621.0,4.0,1.0,74.0,4.0,2.0,0.0,0.0,1.0,0.0,0.0,0.0,0.0,0.0,0.0,4.0,1.0,0.0,0.0,5337.0,19921.0,1.0,1.0,0.0,12.0,3.0,4.0,80.0,0.0,10.0,3.0,3.0,10.0,7.0,5.0,7.0,0
49.0,1.0,0.0,0.0,271.0,0.0,1.0,0.0,3.0,2.0,0.0,1.0,0.0,0.0,0.0,0.0,1.0,1509.0,3.0,0.0,43.0,2.0,2.0,0.0,1.0,0.0,0.0,0.0,0.0,0.0,0.0,0.0,1.0,0.0,1.0,0.0,4789.0,23070.0,4.0,1.0,0.0,25.0,4.0,1.0,80.0,1.0,10.0,3.0,3.0,3.0,2.0,1.0,2.0,0
29.0,1.0,0.0,0.0,657.0,0.0,1.0,0.0,27.0,3.0,0.0,1.0,0.0,0.0,0.0,0.0,1.0,793.0,2.0,0.0,66.0,3.0,2.0,0.0,0.0,0.0,0.0,0.0,0.0,0.0,1.0,0.0,3.0,0.0,1.0,0.0,4335.0,25549.0,4.0,1.0,0.0,12.0,3.0,1.0,80.0,1.0,11.0,3.0,2.0,8.0,7.0,1.0,1.0,0
25.0,0.0,0.0,1.0,675.0,0.0,1.0,0.0,5.0,2.0,0.0,0.0,1.0,0.0,0.0,0.0,1.0,369.0,2.0,1.0,85.0,4.0,2.0,0.0,0.0,0.0,0.0,0.0,0.0,0.0,1.0,0.0,1.0,0.0,0.0,1.0,4000.0,18384.0,1.0,1.0,0.0,12.0,3.0,4.0,80.0,2.0,6.0,2.0,3.0,6.0,3.0,1.0,5.0,0
44.0,1.0,0.0,0.0,1099.0,1.0,0.0,0.0,5.0,3.0,1.0,0.0,0.0,0.0,0.0,0.0,1.0,1267.0,2.0,1.0,88.0,3.0,5.0,1.0,0.0,0.0,0.0,0.0,0.0,0.0,0.0,0.0,2.0,0.0,1.0,0.0,18213.0,8751.0,7.0,1.0,0.0,11.0,3.0,3.0,80.0,1.0,26.0,5.0,3.0,22.0,9.0,3.0,10.0,0
35.0,1.0,0.0,0.0,1276.0,0.0,1.0,0.0,16.0,3.0,0.0,0.0,1.0,0.0,0.0,0.0,1.0,586.0,4.0,1.0,72.0,3.0,3.0,0.0,0.0,0.0,0.0,0.0,0.0,0.0,1.0,0.0,3.0,0.0,1.0,0.0,7632.0,14295.0,4.0,1.0,1.0,12.0,3.0,3.0,80.0,0.0,10.0,2.0,3.0,8.0,7.0,0.0,0.0,0
40.0,1.0,0.0,0.0,299.0,1.0,0.0,0.0,25.0,4.0,1.0,0.0,0.0,0.0,0.0,0.0,1.0,1318.0,4.0,1.0,57.0,2.0,3.0,0.0,0.0,1.0,0.0,0.0,0.0,0.0,0.0,0.0,2.0,1.0,0.0,0.0,9094.0,17235.0,2.0,1.0,1.0,12.0,3.0,3.0,80.0,0.0,9.0,2.0,3.0,5.0,4.0,1.0,0.0,1
56.0,1.0,0.0,0.0,206.0,0.0,0.0,1.0,8.0,4.0,0.0,0.0,1.0,0.0,0.0,0.0,1.0,1338.0,4.0,1.0,99.0,3.0,5.0,1.0,0.0,0.0,0.0,0.0,0.0,0.0,0.0,0.0,2.0,1.0,0.0,0.0,19717.0,4022.0,6.0,1.0,0.0,14.0,3.0,1.0,80.0,0.0,36.0,4.0,3.0,7.0,3.0,7.0,7.0,0
47.0,0.0,0.0,1.0,666.0,0.0,1.0,0.0,29.0,4.0,0.0,0.0,1.0,0.0,0.0,0.0,1.0,376.0,1.0,1.0,88.0,3.0,3.0,1.0,0.0,0.0,0.0,0.0,0.0,0.0,0.0,0.0,2.0,0.0,1.0,0.0,11849.0,10268.0,1.0,1.0,1.0,12.0,3.0,4.0,80.0,1.0,10.0,2.0,2.0,10.0,7.0,9.0,9.0,1
30.0,1.0,0.0,0.0,570.0,1.0,0.0,0.0,5.0,3.0,1.0,0.0,0.0,0.0,0.0,0.0,1.0,456.0,4.0,0.0,30.0,2.0,2.0,0.0,0.0,1.0,0.0,0.0,0.0,0.0,0.0,0.0,3.0,0.0,0.0,1.0,6118.0,5431.0,1.0,1.0,0.0,13.0,3.0,3.0,80.0,3.0,10.0,2.0,3.0,10.0,9.0,1.0,2.0,0
30.0,0.0,1.0,0.0,1012.0,0.0,1.0,0.0,5.0,4.0,0.0,0.0,1.0,0.0,0.0,0.0,1.0,861.0,2.0,1.0,75.0,2.0,1.0,0.0,0.0,0.0,0.0,0.0,1.0,0.0,0.0,0.0,4.0,0.0,0.0,1.0,3761.0,2373.0,9.0,1.0,0.0,12.0,3.0,2.0,80.0,1.0,10.0,3.0,2.0,5.0,4.0,0.0,3.0,0
31.0,1.0,0.0,0.0,688.0,1.0,0.0,0.0,7.0,3.0,0.0,0.0,1.0,0.0,0.0,0.0,1.0,613.0,3.0,1.0,44.0,2.0,3.0,1.0,0.0,0.0,0.0,0.0,0.0,0.0,0.0,0.0,4.0,0.0,0.0,1.0,11557.0,25291.0,9.0,1.0,0.0,21.0,4.0,3.0,80.0,1.0,10.0,3.0,2.0,5.0,4.0,0.0,1.0,0
41.0,1.0,0.0,0.0,582.0,0.0,1.0,0.0,28.0,4.0,0.0,0.0,1.0,0.0,0.0,0.0,1.0,2034.0,1.0,0.0,60.0,2.0,4.0,0.0,0.0,0.0,1.0,0.0,0.0,0.0,0.0,0.0,2.0,0.0,1.0,0.0,13570.0,5640.0,0.0,1.0,0.0,23.0,4.0,3.0,80.0,1.0,21.0,3.0,3.0,20.0,7.0,0.0,10.0,0
38.0,1.0,0.0,0.0,371.0,0.0,1.0,0.0,2.0,3.0,0.0,0.0,1.0,0.0,0.0,0.0,1.0,24.0,4.0,1.0,45.0,3.0,1.0,0.0,0.0,0.0,0.0,0.0,1.0,0.0,0.0,0.0,4.0,1.0,0.0,0.0,3944.0,4306.0,5.0,1.0,1.0,11.0,3.0,3.0,80.0,0.0,6.0,3.0,3.0,3.0,2.0,1.0,2.0,0
52.0,0.0,1.0,0.0,890.0,0.0,1.0,0.0,25.0,4.0,0.0,1.0,0.0,0.0,0.0,0.0,1.0,867.0,3.0,0.0,81.0,2.0,4.0,0.0,0.0,0.0,1.0,0.0,0.0,0.0,0.0,0.0,4.0,0.0,1.0,0.0,13826.0,19028.0,3.0,1.0,0.0,22.0,4.0,3.0,80.0,0.0,31.0,3.0,3.0,9.0,8.0,0.0,0.0,0
29.0,1.0,0.0,0.0,428.0,1.0,0.0,0.0,9.0,3.0,1.0,0.0,0.0,0.0,0.0,0.0,1.0,1752.0,2.0,0.0,52.0,1.0,1.0,0.0,0.0,0.0,0.0,0.0,0.0,0.0,0.0,1.0,2.0,1.0,0.0,0.0,2760.0,14630.0,1.0,1.0,0.0,13.0,3.0,3.0,80.0,0.0,2.0,3.0,3.0,2.0,2.0,2.0,2.0,1
33.0,0.0,0.0,1.0,722.0,1.0,0.0,0.0,17.0,3.0,0.0,0.0,1.0,0.0,0.0,0.0,1.0,992.0,4.0,1.0,38.0,3.0,4.0,1.0,0.0,0.0,0.0,0.0,0.0,0.0,0.0,0.0,3.0,1.0,0.0,0.0,17444.0,20489.0,1.0,1.0,0.0,11.0,3.0,4.0,80.0,0.0,10.0,2.0,3.0,10.0,8.0,6.0,0.0,0
42.0,1.0,0.0,0.0,647.0,1.0,0.0,0.0,4.0,4.0,1.0,0.0,0.0,0.0,0.0,0.0,1.0,1171.0,2.0,1.0,45.0,3.0,2.0,0.0,0.0,1.0,0.0,0.0,0.0,0.0,0.0,0.0,1.0,1.0,0.0,0.0,5155.0,2253.0,7.0,1.0,0.0,13.0,3.0,4.0,80.0,0.0,9.0,3.0,4.0,6.0,4.0,1.0,5.0,0
23.0,1.0,0.0,0.0,507.0,0.0,1.0,0.0,20.0,1.0,0.0,0.0,1.0,0.0,0.0,0.0,1.0,1533.0,1.0,1.0,97.0,3.0,2.0,0.0,1.0,0.0,0.0,0.0,0.0,0.0,0.0,0.0,3.0,1.0,0.0,0.0,2272.0,24812.0,0.0,1.0,0.0,14.0,3.0,2.0,80.0,0.0,5.0,2.0,3.0,4.0,3.0,1.0,2.0,0
51.0,0.0,1.0,0.0,1150.0,0.0,1.0,0.0,8.0,4.0,0.0,0.0,1.0,0.0,0.0,0.0,1.0,179.0,1.0,1.0,53.0,1.0,3.0,0.0,0.0,0.0,1.0,0.0,0.0,0.0,0.0,0.0,4.0,1.0,0.0,0.0,10650.0,25150.0,2.0,1.0,0.0,15.0,3.0,4.0,80.0,0.0,18.0,2.0,3.0,4.0,2.0,0.0,3.0,1
31.0,0.0,1.0,0.0,754.0,1.0,0.0,0.0,26.0,4.0,1.0,0.0,0.0,0.0,0.0,0.0,1.0,1967.0,1.0,1.0,63.0,3.0,2.0,0.0,0.0,1.0,0.0,0.0,0.0,0.0,0.0,0.0,4.0,0.0,1.0,0.0,5617.0,21075.0,1.0,1.0,1.0,11.0,3.0,3.0,80.0,0.0,10.0,4.0,3.0,10.0,7.0,0.0,8.0,1
29.0,1.0,0.0,0.0,1086.0,0.0,1.0,0.0,7.0,1.0,0.0,1.0,0.0,0.0,0.0,0.0,1.0,912.0,1.0,0.0,62.0,2.0,1.0,0.0,1.0,0.0,0.0,0.0,0.0,0.0,0.0,0.0,4.0,0.0,0.0,1.0,2532.0,6054.0,6.0,1.0,0.0,14.0,3.0,3.0,80.0,3.0,8.0,5.0,3.0,4.0,3.0,0.0,3.0,0
34.0,1.0,0.0,0.0,1153.0,0.0,1.0,0.0,1.0,2.0,0.0,1.0,0.0,0.0,0.0,0.0,1.0,110.0,1.0,1.0,94.0,3.0,2.0,0.0,0.0,0.0,1.0,0.0,0.0,0.0,0.0,0.0,2.0,0.0,1.0,0.0,4325.0,17736.0,1.0,1.0,0.0,15.0,3.0,3.0,80.0,0.0,5.0,2.0,3.0,5.0,2.0,1.0,3.0,0
25.0,1.0,0.0,0.0,959.0,1.0,0.0,0.0,28.0,3.0,0.0,0.0,1.0,0.0,0.0,0.0,1.0,183.0,1.0,1.0,41.0,2.0,2.0,0.0,0.0,1.0,0.0,0.0,0.0,0.0,0.0,0.0,3.0,0.0,1.0,0.0,8639.0,24835.0,2.0,1.0,0.0,18.0,3.0,4.0,80.0,0.0,6.0,3.0,3.0,2.0,2.0,2.0,2.0,0
43.0,0.0,1.0,0.0,1001.0,0.0,1.0,0.0,9.0,5.0,0.0,1.0,0.0,0.0,0.0,0.0,1.0,663.0,4.0,1.0,72.0,3.0,2.0,0.0,1.0,0.0,0.0,0.0,0.0,0.0,0.0,0.0,3.0,0.0,0.0,1.0,5679.0,19627.0,3.0,1.0,1.0,13.0,3.0,2.0,80.0,1.0,10.0,3.0,3.0,8.0,7.0,4.0,7.0,0
38.0,1.0,0.0,0.0,395.0,1.0,0.0,0.0,9.0,3.0,1.0,0.0,0.0,0.0,0.0,0.0,1.0,893.0,2.0,1.0,98.0,2.0,1.0,0.0,0.0,0.0,0.0,0.0,0.0,0.0,0.0,1.0,2.0,0.0,1.0,0.0,2899.0,12102.0,0.0,1.0,0.0,19.0,3.0,4.0,80.0,1.0,3.0,3.0,3.0,2.0,2.0,1.0,2.0,0
27.0,1.0,0.0,0.0,205.0,1.0,0.0,0.0,10.0,3.0,1.0,0.0,0.0,0.0,0.0,0.0,1.0,1403.0,4.0,0.0,98.0,2.0,2.0,0.0,0.0,1.0,0.0,0.0,0.0,0.0,0.0,0.0,4.0,0.0,1.0,0.0,5769.0,7100.0,1.0,1.0,1.0,11.0,3.0,4.0,80.0,0.0,6.0,3.0,3.0,6.0,2.0,4.0,4.0,0
34.0,0.0,1.0,0.0,234.0,0.0,1.0,0.0,9.0,4.0,0.0,0.0,1.0,0.0,0.0,0.0,1.0,1807.0,4.0,1.0,93.0,3.0,2.0,0.0,1.0,0.0,0.0,0.0,0.0,0.0,0.0,0.0,1.0,0.0,1.0,0.0,5346.0,6208.0,4.0,1.0,0.0,17.0,3.0,3.0,80.0,1.0,11.0,3.0,2.0,7.0,1.0,0.0,7.0,1
29.0,1.0,0.0,0.0,469.0,1.0,0.0,0.0,10.0,3.0,0.0,1.0,0.0,0.0,0.0,0.0,1.0,1650.0,3.0,1.0,42.0,2.0,2.0,0.0,0.0,1.0,0.0,0.0,0.0,0.0,0.0,0.0,3.0,1.0,0.0,0.0,5869.0,23413.0,9.0,1.0,0.0,11.0,3.0,3.0,80.0,0.0,8.0,2.0,3.0,5.0,2.0,1.0,4.0,0
46.0,1.0,0.0,0.0,1277.0,1.0,0.0,0.0,2.0,3.0,0.0,0.0,1.0,0.0,0.0,0.0,1.0,1732.0,3.0,1.0,74.0,3.0,3.0,0.0,0.0,1.0,0.0,0.0,0.0,0.0,0.0,0.0,4.0,0.0,0.0,1.0,10368.0,5596.0,4.0,1.0,1.0,12.0,3.0,2.0,80.0,1.0,13.0,5.0,2.0,10.0,6.0,0.0,3.0,0
36.0,0.0,0.0,1.0,1434.0,1.0,0.0,0.0,8.0,4.0,0.0,0.0,1.0,0.0,0.0,0.0,1.0,789.0,1.0,1.0,76.0,2.0,3.0,0.0,0.0,1.0,0.0,0.0,0.0,0.0,0.0,0.0,1.0,1.0,0.0,0.0,7587.0,14229.0,1.0,1.0,0.0,15.0,3.0,2.0,80.0,0.0,10.0,1.0,3.0,10.0,7.0,0.0,9.0,0
27.0,0.0,0.0,1.0,691.0,0.0,1.0,0.0,9.0,3.0,0.0,1.0,0.0,0.0,0.0,0.0,1.0,218.0,4.0,1.0,57.0,3.0,1.0,0.0,0.0,0.0,0.0,0.0,1.0,0.0,0.0,0.0,2.0,0.0,0.0,1.0,2024.0,5970.0,6.0,1.0,0.0,18.0,3.0,4.0,80.0,1.0,6.0,1.0,1.0,2.0,2.0,2.0,2.0,0
39.0,1.0,0.0,0.0,1122.0,0.0,1.0,0.0,6.0,3.0,0.0,1.0,0.0,0.0,0.0,0.0,1.0,932.0,4.0,1.0,70.0,3.0,1.0,0.0,1.0,0.0,0.0,0.0,0.0,0.0,0.0,0.0,1.0,0.0,1.0,0.0,2404.0,4303.0,7.0,1.0,1.0,21.0,4.0,4.0,80.0,0.0,8.0,2.0,1.0,2.0,2.0,2.0,2.0,1
34.0,0.0,0.0,1.0,1381.0,1.0,0.0,0.0,4.0,4.0,1.0,0.0,0.0,0.0,0.0,0.0,1.0,523.0,3.0,0.0,72.0,3.0,2.0,0.0,0.0,1.0,0.0,0.0,0.0,0.0,0.0,0.0,3.0,0.0,1.0,0.0,6538.0,12740.0,9.0,1.0,0.0,15.0,3.0,1.0,80.0,1.0,6.0,3.0,3.0,3.0,2.0,1.0,2.0,0
38.0,1.0,0.0,0.0,1245.0,1.0,0.0,0.0,14.0,3.0,0.0,0.0,1.0,0.0,0.0,0.0,1.0,1582.0,3.0,1.0,80.0,3.0,2.0,0.0,0.0,1.0,0.0,0.0,0.0,0.0,0.0,0.0,2.0,0.0,1.0,0.0,9924.0,12355.0,0.0,1.0,0.0,11.0,3.0,4.0,80.0,1.0,10.0,3.0,3.0,9.0,8.0,7.0,7.0,0
35.0,1.0,0.0,0.0,1224.0,1.0,0.0,0.0,7.0,4.0,0.0,0.0,1.0,0.0,0.0,0.0,1.0,1962.0,3.0,0.0,55.0,3.0,2.0,0.0,0.0,1.0,0.0,0.0,0.0,0.0,0.0,0.0,4.0,0.0,1.0,0.0,5204.0,13586.0,1.0,1.0,1.0,11.0,3.0,4.0,80.0,0.0,10.0,2.0,3.0,10.0,8.0,0.0,9.0,0
33.0,1.0,0.0,0.0,527.0,0.0,1.0,0.0,1.0,4.0,0.0,0.0,0.0,0.0,0.0,1.0,1.0,780.0,4.0,1.0,63.0,3.0,1.0,0.0,0.0,0.0,0.0,0.0,1.0,0.0,0.0,0.0,4.0,1.0,0.0,0.0,2686.0,5207.0,1.0,1.0,1.0,13.0,3.0,3.0,80.0,0.0,10.0,2.0,2.0,10.0,9.0,7.0,8.0,1
35.0,1.0,0.0,0.0,809.0,0.0,1.0,0.0,16.0,3.0,0.0,1.0,0.0,0.0,0.0,0.0,1.0,14.0,1.0,1.0,84.0,4.0,1.0,0.0,1.0,0.0,0.0,0.0,0.0,0.0,0.0,0.0,2.0,0.0,1.0,0.0,2426.0,16479.0,0.0,1.0,0.0,13.0,3.0,3.0,80.0,1.0,6.0,5.0,3.0,5.0,4.0,0.0,3.0,0
40.0,1.0,0.0,0.0,1329.0,0.0,1.0,0.0,7.0,3.0,0.0,0.0,1.0,0.0,0.0,0.0,1.0,1649.0,1.0,1.0,73.0,3.0,1.0,0.0,1.0,0.0,0.0,0.0,0.0,0.0,0.0,0.0,1.0,1.0,0.0,0.0,2166.0,3339.0,3.0,1.0,1.0,14.0,3.0,2.0,80.0,0.0,10.0,3.0,1.0,4.0,2.0,0.0,3.0,1
24.0,0.0,0.0,1.0,830.0,1.0,0.0,0.0,13.0,2.0,0.0,0.0,1.0,0.0,0.0,0.0,1.0,1495.0,4.0,0.0,78.0,3.0,1.0,0.0,0.0,0.0,0.0,0.0,0.0,0.0,0.0,1.0,2.0,0.0,1.0,0.0,2033.0,7103.0,1.0,1.0,0.0,13.0,3.0,3.0,80.0,1.0,1.0,2.0,3.0,1.0,0.0,0.0,0.0,0
55.0,1.0,0.0,0.0,1229.0,0.0,1.0,0.0,4.0,4.0,0.0,0.0,1.0,0.0,0.0,0.0,1.0,1501.0,4.0,1.0,30.0,3.0,2.0,0.0,0.0,0.0,0.0,0.0,0.0,0.0,1.0,0.0,3.0,0.0,1.0,0.0,4035.0,16143.0,0.0,1.0,1.0,16.0,3.0,2.0,80.0,0.0,4.0,2.0,3.0,3.0,2.0,1.0,2.0,0
48.0,1.0,0.0,0.0,1221.0,1.0,0.0,0.0,7.0,3.0,1.0,0.0,0.0,0.0,0.0,0.0,1.0,1466.0,3.0,1.0,96.0,3.0,2.0,0.0,0.0,1.0,0.0,0.0,0.0,0.0,0.0,0.0,1.0,0.0,0.0,1.0,5486.0,24795.0,4.0,1.0,0.0,11.0,3.0,1.0,80.0,3.0,15.0,3.0,3.0,2.0,2.0,2.0,2.0,0
34.0,1.0,0.0,0.0,479.0,0.0,1.0,0.0,7.0,4.0,0.0,1.0,0.0,0.0,0.0,0.0,1.0,1577.0,1.0,1.0,35.0,3.0,1.0,0.0,0.0,0.0,0.0,0.0,1.0,0.0,0.0,0.0,4.0,1.0,0.0,0.0,2972.0,22061.0,1.0,1.0,0.0,13.0,3.0,3.0,80.0,0.0,1.0,4.0,1.0,1.0,0.0,0.0,0.0,0
47.0,0.0,1.0,0.0,1093.0,1.0,0.0,0.0,9.0,3.0,0.0,0.0,1.0,0.0,0.0,0.0,1.0,1716.0,3.0,1.0,82.0,1.0,4.0,0.0,0.0,1.0,0.0,0.0,0.0,0.0,0.0,0.0,3.0,0.0,1.0,0.0,12936.0,24164.0,7.0,1.0,0.0,11.0,3.0,3.0,80.0,0.0,25.0,3.0,1.0,23.0,5.0,14.0,10.0,1
28.0,1.0,0.0,0.0,950.0,0.0,1.0,0.0,3.0,3.0,0.0,1.0,0.0,0.0,0.0,0.0,1.0,1121.0,4.0,0.0,93.0,3.0,3.0,0.0,0.0,0.0,1.0,0.0,0.0,0.0,0.0,0.0,2.0,0.0,0.0,1.0,7655.0,8039.0,0.0,1.0,0.0,17.0,3.0,2.0,80.0,3.0,10.0,3.0,2.0,9.0,7.0,1.0,7.0,0
54.0,0.0,1.0,0.0,928.0,0.0,1.0,0.0,20.0,4.0,0.0,0.0,1.0,0.0,0.0,0.0,1.0,450.0,4.0,0.0,31.0,3.0,2.0,0.0,0.0,0.0,0.0,0.0,1.0,0.0,0.0,0.0,3.0,1.0,0.0,0.0,4869.0,16885.0,3.0,1.0,0.0,12.0,3.0,4.0,80.0,0.0,20.0,4.0,2.0,4.0,3.0,0.0,3.0,0
49.0,1.0,0.0,0.0,464.0,0.0,1.0,0.0,16.0,3.0,0.0,1.0,0.0,0.0,0.0,0.0,1.0,1674.0,4.0,0.0,74.0,3.0,1.0,0.0,1.0,0.0,0.0,0.0,0.0,0.0,0.0,0.0,1.0,0.0,0.0,1.0,2587.0,24941.0,4.0,1.0,1.0,16.0,3.0,2.0,80.0,1.0,17.0,2.0,2.0,2.0,2.0,2.0,2.0,0
35.0,1.0,0.0,0.0,619.0,1.0,0.0,0.0,1.0,3.0,1.0,0.0,0.0,0.0,0.0,0.0,1.0,600.0,2.0,1.0,85.0,3.0,2.0,0.0,0.0,1.0,0.0,0.0,0.0,0.0,0.0,0.0,3.0,0.0,1.0,0.0,4717.0,18659.0,9.0,1.0,0.0,11.0,3.0,3.0,80.0,0.0,15.0,2.0,3.0,11.0,9.0,6.0,9.0,0
36.0,1.0,0.0,0.0,1218.0,1.0,0.0,0.0,9.0,4.0,0.0,0.0,1.0,0.0,0.0,0.0,1.0,27.0,3.0,1.0,82.0,2.0,1.0,0.0,0.0,0.0,0.0,0.0,0.0,0.0,0.0,1.0,1.0,1.0,0.0,0.0,3407.0,6986.0,7.0,1.0,0.0,23.0,4.0,2.0,80.0,0.0,10.0,4.0,3.0,5.0,3.0,0.0,3.0,1
44.0,1.0,0.0,0.0,1315.0,0.0,1.0,0.0,3.0,4.0,0.0,0.0,0.0,0.0,0.0,1.0,1.0,671.0,4.0,1.0,35.0,3.0,5.0,1.0,0.0,0.0,0.0,0.0,0.0,0.0,0.0,0.0,4.0,0.0,1.0,0.0,19513.0,9358.0,4.0,1.0,1.0,12.0,3.0,1.0,80.0,1.0,26.0,2.0,4.0,2.0,2.0,0.0,1.0,0
29.0,1.0,0.0,0.0,408.0,1.0,0.0,0.0,23.0,1.0,0.0,0.0,1.0,0.0,0.0,0.0,1.0,1165.0,4.0,0.0,45.0,2.0,3.0,0.0,0.0,1.0,0.0,0.0,0.0,0.0,0.0,0.0,1.0,0.0,1.0,0.0,7336.0,11162.0,1.0,1.0,0.0,13.0,3.0,1.0,80.0,1.0,11.0,3.0,1.0,11.0,8.0,3.0,10.0,1
44.0,1.0,0.0,0.0,1459.0,0.0,1.0,0.0,10.0,4.0,0.0,0.0,0.0,0.0,0.0,1.0,1.0,40.0,4.0,1.0,41.0,3.0,2.0,0.0,0.0,0.0,0.0,0.0,0.0,0.0,1.0,0.0,4.0,0.0,1.0,0.0,6465.0,19121.0,2.0,1.0,1.0,13.0,3.0,4.0,80.0,0.0,9.0,5.0,4.0,4.0,2.0,1.0,3.0,0
29.0,0.0,1.0,0.0,442.0,1.0,0.0,0.0,2.0,2.0,0.0,0.0,1.0,0.0,0.0,0.0,1.0,388.0,2.0,1.0,44.0,3.0,2.0,0.0,0.0,1.0,0.0,0.0,0.0,0.0,0.0,0.0,4.0,1.0,0.0,0.0,4554.0,20260.0,1.0,1.0,0.0,18.0,3.0,1.0,80.0,0.0,10.0,3.0,2.0,10.0,7.0,0.0,9.0,0
50.0,1.0,0.0,0.0,1207.0,0.0,1.0,0.0,28.0,1.0,0.0,1.0,0.0,0.0,0.0,0.0,1.0,716.0,4.0,1.0,74.0,4.0,1.0,0.0,1.0,0.0,0.0,0.0,0.0,0.0,0.0,0.0,3.0,0.0,1.0,0.0,3221.0,3297.0,1.0,1.0,1.0,11.0,3.0,3.0,80.0,3.0,20.0,3.0,3.0,20.0,8.0,3.0,8.0,0
25.0,1.0,0.0,0.0,1356.0,1.0,0.0,0.0,10.0,4.0,0.0,0.0,1.0,0.0,0.0,0.0,1.0,1240.0,3.0,1.0,57.0,3.0,2.0,0.0,0.0,1.0,0.0,0.0,0.0,0.0,0.0,0.0,4.0,1.0,0.0,0.0,4950.0,20623.0,0.0,1.0,0.0,14.0,3.0,2.0,80.0,0.0,5.0,4.0,3.0,4.0,3.0,1.0,1.0,0
20.0,1.0,0.0,0.0,727.0,1.0,0.0,0.0,9.0,1.0,0.0,0.0,1.0,0.0,0.0,0.0,1.0,1680.0,4.0,1.0,54.0,3.0,1.0,0.0,0.0,0.0,0.0,0.0,0.0,0.0,0.0,1.0,1.0,1.0,0.0,0.0,2728.0,21082.0,1.0,1.0,0.0,11.0,3.0,1.0,80.0,0.0,2.0,3.0,3.0,2.0,2.0,0.0,2.0,0
42.0,0.0,1.0,0.0,570.0,0.0,1.0,0.0,8.0,3.0,0.0,0.0,1.0,0.0,0.0,0.0,1.0,809.0,2.0,1.0,66.0,3.0,5.0,1.0,0.0,0.0,0.0,0.0,0.0,0.0,0.0,0.0,4.0,0.0,0.0,1.0,18430.0,16225.0,1.0,1.0,0.0,13.0,3.0,2.0,80.0,1.0,24.0,4.0,2.0,24.0,7.0,14.0,9.0,0
50.0,1.0,0.0,0.0,1099.0,0.0,1.0,0.0,29.0,4.0,0.0,0.0,1.0,0.0,0.0,0.0,1.0,569.0,2.0,1.0,88.0,2.0,4.0,1.0,0.0,0.0,0.0,0.0,0.0,0.0,0.0,0.0,3.0,0.0,1.0,0.0,17046.0,9314.0,0.0,1.0,0.0,15.0,3.0,2.0,80.0,1.0,28.0,2.0,3.0,27.0,10.0,15.0,7.0,0
34.0,0.0,1.0,0.0,648.0,0.0,0.0,1.0,11.0,3.0,0.0,0.0,1.0,0.0,0.0,0.0,1.0,1289.0,3.0,1.0,56.0,2.0,2.0,0.0,0.0,0.0,0.0,0.0,0.0,1.0,0.0,0.0,2.0,0.0,1.0,0.0,4490.0,21833.0,4.0,1.0,0.0,11.0,3.0,4.0,80.0,2.0,14.0,5.0,4.0,10.0,9.0,1.0,8.0,0
34.0,1.0,0.0,0.0,401.0,0.0,1.0,0.0,1.0,3.0,0.0,0.0,1.0,0.0,0.0,0.0,1.0,1447.0,4.0,0.0,86.0,2.0,1.0,0.0,1.0,0.0,0.0,0.0,0.0,0.0,0.0,0.0,2.0,0.0,1.0,0.0,3294.0,3708.0,5.0,1.0,0.0,17.0,3.0,1.0,80.0,1.0,7.0,2.0,2.0,5.0,4.0,0.0,2.0,0
40.0,1.0,0.0,0.0,118.0,1.0,0.0,0.0,14.0,2.0,0.0,0.0,1.0,0.0,0.0,0.0,1.0,1598.0,4.0,0.0,84.0,3.0,2.0,0.0,0.0,1.0,0.0,0.0,0.0,0.0,0.0,0.0,1.0,0.0,1.0,0.0,4639.0,11262.0,1.0,1.0,0.0,15.0,3.0,3.0,80.0,1.0,5.0,2.0,3.0,5.0,4.0,1.0,2.0,0
40.0,0.0,1.0,0.0,593.0,0.0,1.0,0.0,9.0,4.0,0.0,1.0,0.0,0.0,0.0,0.0,1.0,1166.0,2.0,0.0,88.0,3.0,3.0,0.0,0.0,0.0,0.0,1.0,0.0,0.0,0.0,0.0,3.0,1.0,0.0,0.0,13499.0,13782.0,9.0,1.0,0.0,17.0,3.0,3.0,80.0,0.0,20.0,3.0,2.0,18.0,7.0,2.0,13.0,0
39.0,1.0,0.0,0.0,141.0,0.0,0.0,1.0,3.0,3.0,0.0,0.0,0.0,1.0,0.0,0.0,1.0,760.0,3.0,0.0,44.0,4.0,2.0,0.0,0.0,0.0,0.0,0.0,0.0,1.0,0.0,0.0,2.0,0.0,1.0,0.0,6389.0,18767.0,9.0,1.0,0.0,15.0,3.0,3.0,80.0,1.0,12.0,3.0,1.0,8.0,3.0,3.0,6.0,0
30.0,1.0,0.0,0.0,202.0,1.0,0.0,0.0,2.0,1.0,0.0,0.0,0.0,0.0,1.0,0.0,1.0,508.0,3.0,1.0,72.0,3.0,1.0,0.0,0.0,0.0,0.0,0.0,0.0,0.0,0.0,1.0,2.0,0.0,1.0,0.0,2476.0,17434.0,1.0,1.0,0.0,18.0,3.0,1.0,80.0,1.0,1.0,3.0,3.0,1.0,0.0,0.0,0.0,0
40.0,1.0,0.0,0.0,107.0,1.0,0.0,0.0,10.0,3.0,0.0,0.0,0.0,0.0,1.0,0.0,1.0,1239.0,2.0,0.0,84.0,2.0,2.0,0.0,0.0,1.0,0.0,0.0,0.0,0.0,0.0,0.0,2.0,0.0,0.0,1.0,6852.0,11591.0,7.0,1.0,0.0,12.0,3.0,2.0,80.0,1.0,7.0,2.0,4.0,5.0,1.0,1.0,3.0,0
44.0,0.0,1.0,0.0,1193.0,0.0,1.0,0.0,2.0,1.0,0.0,1.0,0.0,0.0,0.0,0.0,1.0,1496.0,2.0,1.0,86.0,3.0,3.0,0.0,0.0,0.0,1.0,0.0,0.0,0.0,0.0,0.0,3.0,1.0,0.0,0.0,10209.0,19719.0,5.0,1.0,1.0,18.0,3.0,2.0,80.0,0.0,16.0,2.0,2.0,2.0,2.0,2.0,2.0,0
51.0,1.0,0.0,0.0,1318.0,1.0,0.0,0.0,26.0,4.0,1.0,0.0,0.0,0.0,0.0,0.0,1.0,851.0,1.0,0.0,66.0,3.0,4.0,1.0,0.0,0.0,0.0,0.0,0.0,0.0,0.0,0.0,3.0,0.0,1.0,0.0,16307.0,5594.0,2.0,1.0,0.0,14.0,3.0,3.0,80.0,1.0,29.0,2.0,2.0,20.0,6.0,4.0,17.0,0
25.0,1.0,0.0,0.0,891.0,1.0,0.0,0.0,4.0,2.0,0.0,0.0,1.0,0.0,0.0,0.0,1.0,527.0,2.0,0.0,99.0,2.0,2.0,0.0,0.0,1.0,0.0,0.0,0.0,0.0,0.0,0.0,4.0,1.0,0.0,0.0,4487.0,12090.0,1.0,1.0,1.0,11.0,3.0,2.0,80.0,0.0,5.0,3.0,3.0,5.0,4.0,1.0,3.0,0
37.0,1.0,0.0,0.0,1115.0,0.0,1.0,0.0,1.0,4.0,0.0,0.0,1.0,0.0,0.0,0.0,1.0,77.0,1.0,1.0,51.0,2.0,2.0,0.0,0.0,0.0,1.0,0.0,0.0,0.0,0.0,0.0,3.0,0.0,0.0,1.0,5993.0,2689.0,1.0,1.0,0.0,18.0,3.0,3.0,80.0,1.0,7.0,2.0,4.0,7.0,5.0,0.0,7.0,0
20.0,0.0,1.0,0.0,871.0,0.0,1.0,0.0,6.0,3.0,0.0,0.0,1.0,0.0,0.0,0.0,1.0,137.0,4.0,0.0,66.0,2.0,1.0,0.0,1.0,0.0,0.0,0.0,0.0,0.0,0.0,0.0,4.0,1.0,0.0,0.0,2926.0,19783.0,1.0,1.0,1.0,18.0,3.0,2.0,80.0,0.0,1.0,5.0,3.0,1.0,0.0,1.0,0.0,1
38.0,0.0,1.0,0.0,216.0,0.0,1.0,0.0,23.0,3.0,0.0,0.0,1.0,0.0,0.0,0.0,1.0,12.0,4.0,1.0,44.0,2.0,3.0,0.0,0.0,0.0,1.0,0.0,0.0,0.0,0.0,0.0,3.0,1.0,0.0,0.0,9526.0,8787.0,0.0,1.0,0.0,21.0,4.0,2.0,80.0,0.0,10.0,2.0,3.0,9.0,7.0,1.0,8.0,0
42.0,1.0,0.0,0.0,532.0,0.0,1.0,0.0,4.0,2.0,0.0,0.0,0.0,0.0,1.0,0.0,1.0,319.0,3.0,1.0,58.0,3.0,5.0,1.0,0.0,0.0,0.0,0.0,0.0,0.0,0.0,0.0,4.0,0.0,1.0,0.0,19232.0,4933.0,1.0,1.0,0.0,11.0,3.0,4.0,80.0,0.0,22.0,3.0,3.0,22.0,17.0,11.0,15.0,0
32.0,1.0,0.0,0.0,529.0,0.0,1.0,0.0,2.0,3.0,0.0,0.0,0.0,0.0,1.0,0.0,1.0,2038.0,4.0,1.0,78.0,3.0,1.0,0.0,0.0,0.0,0.0,0.0,1.0,0.0,0.0,0.0,1.0,1.0,0.0,0.0,2439.0,11288.0,1.0,1.0,0.0,14.0,3.0,4.0,80.0,0.0,4.0,4.0,3.0,4.0,2.0,1.0,2.0,0
39.0,1.0,0.0,0.0,1162.0,1.0,0.0,0.0,3.0,2.0,0.0,1.0,0.0,0.0,0.0,0.0,1.0,445.0,4.0,0.0,41.0,3.0,2.0,0.0,0.0,1.0,0.0,0.0,0.0,0.0,0.0,0.0,3.0,0.0,1.0,0.0,5238.0,17778.0,4.0,1.0,1.0,18.0,3.0,1.0,80.0,0.0,12.0,3.0,2.0,1.0,0.0,0.0,0.0,1
25.0,1.0,0.0,0.0,949.0,0.0,1.0,0.0,1.0,3.0,0.0,0.0,0.0,0.0,1.0,0.0,1.0,1415.0,1.0,1.0,81.0,3.0,1.0,0.0,1.0,0.0,0.0,0.0,0.0,0.0,0.0,0.0,4.0,0.0,1.0,0.0,3229.0,4910.0,4.0,1.0,0.0,11.0,3.0,2.0,80.0,1.0,7.0,2.0,2.0,3.0,2.0,0.0,2.0,0
25.0,1.0,0.0,0.0,622.0,1.0,0.0,0.0,13.0,1.0,0.0,1.0,0.0,0.0,0.0,0.0,1.0,645.0,2.0,1.0,40.0,3.0,1.0,0.0,0.0,0.0,0.0,0.0,0.0,0.0,0.0,1.0,3.0,0.0,1.0,0.0,2096.0,26376.0,1.0,1.0,0.0,11.0,3.0,3.0,80.0,0.0,7.0,1.0,3.0,7.0,4.0,0.0,6.0,0
58.0,0.0,0.0,1.0,350.0,1.0,0.0,0.0,2.0,3.0,0.0,1.0,0.0,0.0,0.0,0.0,1.0,1824.0,2.0,1.0,52.0,3.0,4.0,1.0,0.0,0.0,0.0,0.0,0.0,0.0,0.0,0.0,2.0,0.0,0.0,1.0,16291.0,22577.0,4.0,1.0,0.0,22.0,4.0,4.0,80.0,1.0,37.0,0.0,2.0,16.0,9.0,14.0,14.0,0
36.0,1.0,0.0,0.0,216.0,0.0,1.0,0.0,6.0,2.0,0.0,1.0,0.0,0.0,0.0,0.0,1.0,178.0,2.0,1.0,84.0,3.0,2.0,0.0,0.0,0.0,1.0,0.0,0.0,0.0,0.0,0.0,2.0,0.0,0.0,1.0,4941.0,2819.0,6.0,1.0,0.0,20.0,4.0,4.0,80.0,2.0,7.0,0.0,3.0,3.0,2.0,0.0,1.0,0
24.0,0.0,1.0,0.0,381.0,0.0,1.0,0.0,9.0,3.0,0.0,1.0,0.0,0.0,0.0,0.0,1.0,1494.0,2.0,1.0,89.0,3.0,1.0,0.0,1.0,0.0,0.0,0.0,0.0,0.0,0.0,0.0,1.0,1.0,0.0,0.0,3172.0,16998.0,2.0,1.0,1.0,11.0,3.0,3.0,80.0,0.0,4.0,2.0,2.0,0.0,0.0,0.0,0.0,1
40.0,0.0,0.0,1.0,1142.0,0.0,1.0,0.0,8.0,2.0,0.0,0.0,1.0,0.0,0.0,0.0,1.0,1552.0,4.0,1.0,72.0,3.0,2.0,0.0,0.0,0.0,0.0,0.0,0.0,0.0,1.0,0.0,4.0,0.0,0.0,1.0,4069.0,8841.0,3.0,1.0,1.0,18.0,3.0,3.0,80.0,0.0,8.0,2.0,3.0,2.0,2.0,2.0,2.0,0
50.0,1.0,0.0,0.0,1046.0,0.0,1.0,0.0,10.0,3.0,0.0,0.0,0.0,0.0,1.0,0.0,1.0,491.0,4.0,1.0,100.0,2.0,3.0,0.0,0.0,0.0,0.0,0.0,0.0,0.0,1.0,0.0,4.0,1.0,0.0,0.0,10496.0,2755.0,6.0,1.0,0.0,15.0,3.0,4.0,80.0,0.0,20.0,2.0,3.0,4.0,3.0,1.0,3.0,0
30.0,1.0,0.0,0.0,1334.0,1.0,0.0,0.0,4.0,2.0,0.0,1.0,0.0,0.0,0.0,0.0,1.0,121.0,3.0,0.0,63.0,2.0,2.0,0.0,0.0,1.0,0.0,0.0,0.0,0.0,0.0,0.0,2.0,0.0,0.0,1.0,5209.0,19760.0,1.0,1.0,1.0,12.0,3.0,2.0,80.0,3.0,11.0,4.0,2.0,11.0,8.0,2.0,7.0,0
25.0,1.0,0.0,0.0,867.0,1.0,0.0,0.0,19.0,2.0,1.0,0.0,0.0,0.0,0.0,0.0,1.0,952.0,3.0,1.0,36.0,2.0,1.0,0.0,0.0,0.0,0.0,0.0,0.0,0.0,0.0,1.0,2.0,0.0,1.0,0.0,2413.0,18798.0,1.0,1.0,1.0,18.0,3.0,3.0,80.0,3.0,1.0,2.0,3.0,1.0,0.0,0.0,0.0,1
32.0,1.0,0.0,0.0,120.0,0.0,1.0,0.0,6.0,5.0,0.0,0.0,1.0,0.0,0.0,0.0,1.0,231.0,3.0,1.0,43.0,3.0,1.0,0.0,0.0,0.0,0.0,0.0,1.0,0.0,0.0,0.0,3.0,1.0,0.0,0.0,3038.0,12430.0,3.0,1.0,0.0,20.0,4.0,1.0,80.0,0.0,8.0,2.0,3.0,5.0,4.0,1.0,4.0,0
47.0,1.0,0.0,0.0,249.0,1.0,0.0,0.0,2.0,2.0,1.0,0.0,0.0,0.0,0.0,0.0,1.0,903.0,3.0,0.0,35.0,3.0,2.0,0.0,0.0,1.0,0.0,0.0,0.0,0.0,0.0,0.0,4.0,0.0,1.0,0.0,4537.0,17783.0,0.0,1.0,1.0,22.0,4.0,1.0,80.0,1.0,8.0,2.0,3.0,7.0,6.0,7.0,7.0,0
32.0,0.0,0.0,1.0,1146.0,0.0,1.0,0.0,15.0,4.0,0.0,1.0,0.0,0.0,0.0,0.0,1.0,1955.0,3.0,0.0,34.0,3.0,2.0,0.0,0.0,0.0,0.0,0.0,0.0,0.0,1.0,0.0,4.0,0.0,0.0,1.0,6667.0,16542.0,5.0,1.0,0.0,18.0,3.0,2.0,80.0,1.0,9.0,6.0,3.0,5.0,1.0,1.0,2.0,0
40.0,1.0,0.0,0.0,896.0,0.0,1.0,0.0,2.0,3.0,0.0,1.0,0.0,0.0,0.0,0.0,1.0,1474.0,3.0,1.0,68.0,3.0,1.0,0.0,0.0,0.0,0.0,0.0,1.0,0.0,0.0,0.0,3.0,0.0,0.0,1.0,2345.0,8045.0,2.0,1.0,0.0,14.0,3.0,3.0,80.0,1.0,8.0,3.0,4.0,3.0,1.0,1.0,2.0,0
27.0,0.0,1.0,0.0,294.0,0.0,1.0,0.0,10.0,2.0,0.0,0.0,1.0,0.0,0.0,0.0,1.0,733.0,4.0,1.0,32.0,3.0,3.0,0.0,0.0,0.0,1.0,0.0,0.0,0.0,0.0,0.0,1.0,0.0,0.0,1.0,8793.0,4809.0,1.0,1.0,0.0,21.0,4.0,3.0,80.0,2.0,9.0,4.0,2.0,9.0,7.0,1.0,7.0,0
37.0,1.0,0.0,0.0,161.0,0.0,1.0,0.0,10.0,3.0,0.0,0.0,1.0,0.0,0.0,0.0,1.0,2017.0,3.0,0.0,42.0,4.0,3.0,0.0,0.0,0.0,0.0,1.0,0.0,0.0,0.0,0.0,4.0,0.0,1.0,0.0,13744.0,15471.0,1.0,1.0,1.0,25.0,4.0,1.0,80.0,1.0,16.0,2.0,3.0,16.0,11.0,6.0,8.0,0
44.0,1.0,0.0,0.0,1488.0,1.0,0.0,0.0,1.0,5.0,1.0,0.0,0.0,0.0,0.0,0.0,1.0,68.0,2.0,0.0,75.0,3.0,2.0,0.0,0.0,1.0,0.0,0.0,0.0,0.0,0.0,0.0,1.0,0.0,0.0,1.0,5454.0,4009.0,5.0,1.0,1.0,21.0,4.0,3.0,80.0,1.0,9.0,2.0,2.0,4.0,3.0,1.0,3.0,0
34.0,0.0,1.0,0.0,303.0,1.0,0.0,0.0,2.0,4.0,1.0,0.0,0.0,0.0,0.0,0.0,1.0,216.0,3.0,0.0,75.0,3.0,1.0,0.0,0.0,0.0,0.0,0.0,0.0,0.0,0.0,1.0,3.0,0.0,1.0,0.0,2231.0,11314.0,6.0,1.0,0.0,18.0,3.0,4.0,80.0,1.0,6.0,3.0,3.0,4.0,3.0,1.0,2.0,0
58.0,1.0,0.0,0.0,286.0,0.0,1.0,0.0,2.0,4.0,0.0,0.0,1.0,0.0,0.0,0.0,1.0,825.0,4.0,1.0,31.0,3.0,5.0,0.0,0.0,0.0,0.0,1.0,0.0,0.0,0.0,0.0,2.0,1.0,0.0,0.0,19246.0,25761.0,7.0,1.0,1.0,12.0,3.0,4.0,80.0,0.0,40.0,2.0,3.0,31.0,15.0,13.0,8.0,1
42.0,1.0,0.0,0.0,932.0,0.0,1.0,0.0,1.0,2.0,0.0,0.0,1.0,0.0,0.0,0.0,1.0,827.0,4.0,0.0,43.0,2.0,2.0,0.0,0.0,0.0,1.0,0.0,0.0,0.0,0.0,0.0,4.0,0.0,1.0,0.0,6062.0,4051.0,9.0,1.0,1.0,13.0,3.0,4.0,80.0,1.0,8.0,4.0,3.0,4.0,3.0,0.0,2.0,0
38.0,1.0,0.0,0.0,1261.0,0.0,1.0,0.0,2.0,4.0,0.0,0.0,1.0,0.0,0.0,0.0,1.0,271.0,4.0,1.0,88.0,3.0,2.0,0.0,0.0,0.0,1.0,0.0,0.0,0.0,0.0,0.0,3.0,0.0,1.0,0.0,6553.0,7259.0,9.0,1.0,0.0,14.0,3.0,2.0,80.0,0.0,14.0,3.0,3.0,1.0,0.0,0.0,0.0,0
53.0,1.0,0.0,0.0,102.0,0.0,1.0,0.0,23.0,4.0,0.0,0.0,1.0,0.0,0.0,0.0,1.0,901.0,4.0,0.0,72.0,3.0,4.0,0.0,0.0,0.0,0.0,1.0,0.0,0.0,0.0,0.0,4.0,1.0,0.0,0.0,14275.0,20206.0,6.0,1.0,0.0,18.0,3.0,3.0,80.0,0.0,33.0,0.0,3.0,12.0,9.0,3.0,8.0,0
33.0,1.0,0.0,0.0,603.0,1.0,0.0,0.0,9.0,4.0,1.0,0.0,0.0,0.0,0.0,0.0,1.0,1157.0,1.0,0.0,77.0,3.0,2.0,0.0,0.0,1.0,0.0,0.0,0.0,0.0,0.0,0.0,1.0,1.0,0.0,0.0,8224.0,18385.0,0.0,1.0,1.0,17.0,3.0,1.0,80.0,0.0,6.0,3.0,3.0,5.0,2.0,0.0,3.0,1
41.0,1.0,0.0,0.0,642.0,0.0,1.0,0.0,1.0,3.0,0.0,0.0,1.0,0.0,0.0,0.0,1.0,1999.0,4.0,1.0,76.0,3.0,1.0,0.0,0.0,0.0,0.0,0.0,1.0,0.0,0.0,0.0,4.0,0.0,1.0,0.0,2782.0,21412.0,3.0,1.0,0.0,22.0,4.0,1.0,80.0,1.0,12.0,3.0,3.0,5.0,3.0,1.0,0.0,0
34.0,0.0,1.0,0.0,653.0,0.0,1.0,0.0,10.0,4.0,0.0,0.0,0.0,0.0,1.0,0.0,1.0,1597.0,4.0,1.0,92.0,2.0,2.0,0.0,0.0,0.0,0.0,0.0,0.0,0.0,1.0,0.0,3.0,0.0,1.0,0.0,5063.0,15332.0,1.0,1.0,0.0,14.0,3.0,2.0,80.0,1.0,8.0,3.0,2.0,8.0,2.0,7.0,7.0,0
40.0,1.0,0.0,0.0,905.0,0.0,1.0,0.0,19.0,2.0,0.0,1.0,0.0,0.0,0.0,0.0,1.0,281.0,3.0,1.0,99.0,3.0,2.0,0.0,1.0,0.0,0.0,0.0,0.0,0.0,0.0,0.0,4.0,0.0,1.0,0.0,2741.0,16523.0,8.0,1.0,1.0,15.0,3.0,3.0,80.0,1.0,15.0,2.0,4.0,7.0,2.0,3.0,7.0,0
54.0,1.0,0.0,0.0,431.0,0.0,1.0,0.0,7.0,4.0,0.0,1.0,0.0,0.0,0.0,0.0,1.0,1830.0,4.0,0.0,68.0,3.0,2.0,0.0,0.0,0.0,0.0,0.0,1.0,0.0,0.0,0.0,4.0,0.0,1.0,0.0,6854.0,15696.0,4.0,1.0,0.0,15.0,3.0,2.0,80.0,1.0,14.0,2.0,2.0,7.0,1.0,1.0,7.0,0
39.0,0.0,0.0,1.0,1485.0,0.0,1.0,0.0,25.0,2.0,0.0,0.0,1.0,0.0,0.0,0.0,1.0,1397.0,3.0,1.0,71.0,3.0,3.0,0.0,0.0,0.0,0.0,0.0,0.0,0.0,1.0,0.0,3.0,0.0,1.0,0.0,10920.0,3449.0,3.0,1.0,0.0,21.0,4.0,2.0,80.0,1.0,13.0,2.0,3.0,6.0,4.0,0.0,5.0,0
26.0,1.0,0.0,0.0,1167.0,1.0,0.0,0.0,5.0,3.0,0.0,0.0,0.0,0.0,0.0,1.0,1.0,2060.0,4.0,0.0,30.0,2.0,1.0,0.0,0.0,0.0,0.0,0.0,0.0,0.0,0.0,1.0,3.0,1.0,0.0,0.0,2966.0,21378.0,0.0,1.0,0.0,18.0,3.0,4.0,80.0,0.0,5.0,2.0,3.0,4.0,2.0,0.0,0.0,0
46.0,1.0,0.0,0.0,734.0,0.0,1.0,0.0,2.0,4.0,0.0,1.0,0.0,0.0,0.0,0.0,1.0,1789.0,3.0,1.0,46.0,3.0,5.0,0.0,0.0,0.0,0.0,1.0,0.0,0.0,0.0,0.0,4.0,0.0,0.0,1.0,19328.0,14218.0,7.0,1.0,1.0,17.0,3.0,3.0,80.0,1.0,24.0,3.0,3.0,2.0,1.0,2.0,2.0,0
55.0,1.0,0.0,0.0,267.0,1.0,0.0,0.0,13.0,4.0,1.0,0.0,0.0,0.0,0.0,0.0,1.0,1372.0,1.0,1.0,85.0,4.0,4.0,0.0,0.0,1.0,0.0,0.0,0.0,0.0,0.0,0.0,3.0,1.0,0.0,0.0,13695.0,9277.0,6.0,1.0,1.0,17.0,3.0,3.0,80.0,0.0,24.0,2.0,2.0,19.0,7.0,3.0,8.0,1
18.0,0.0,1.0,0.0,1306.0,1.0,0.0,0.0,5.0,3.0,1.0,0.0,0.0,0.0,0.0,0.0,1.0,614.0,2.0,1.0,69.0,3.0,1.0,0.0,0.0,0.0,0.0,0.0,0.0,0.0,0.0,1.0,2.0,1.0,0.0,0.0,1878.0,8059.0,1.0,1.0,1.0,14.0,3.0,4.0,80.0,0.0,0.0,3.0,3.0,0.0,0.0,0.0,0.0,1
36.0,1.0,0.0,0.0,676.0,0.0,1.0,0.0,1.0,3.0,0.0,0.0,0.0,0.0,0.0,1.0,1.0,823.0,3.0,0.0,35.0,3.0,2.0,0.0,0.0,0.0,1.0,0.0,0.0,0.0,0.0,0.0,2.0,0.0,1.0,0.0,5228.0,23361.0,0.0,1.0,0.0,15.0,3.0,1.0,80.0,1.0,10.0,2.0,3.0,9.0,7.0,0.0,5.0,0
35.0,1.0,0.0,0.0,950.0,0.0,1.0,0.0,7.0,3.0,0.0,0.0,0.0,0.0,0.0,1.0,1.0,845.0,3.0,1.0,59.0,3.0,3.0,0.0,0.0,0.0,1.0,0.0,0.0,0.0,0.0,0.0,3.0,1.0,0.0,0.0,10221.0,18869.0,3.0,1.0,0.0,21.0,4.0,2.0,80.0,0.0,17.0,3.0,4.0,8.0,5.0,1.0,6.0,0
53.0,1.0,0.0,0.0,447.0,0.0,1.0,0.0,2.0,3.0,0.0,1.0,0.0,0.0,0.0,0.0,1.0,1472.0,4.0,1.0,39.0,4.0,4.0,0.0,0.0,0.0,0.0,1.0,0.0,0.0,0.0,0.0,2.0,1.0,0.0,0.0,16598.0,19764.0,4.0,1.0,0.0,12.0,3.0,2.0,80.0,0.0,35.0,2.0,2.0,9.0,8.0,8.0,8.0,0
56.0,0.0,0.0,1.0,667.0,0.0,1.0,0.0,1.0,4.0,0.0,0.0,1.0,0.0,0.0,0.0,1.0,2026.0,3.0,1.0,57.0,3.0,2.0,0.0,0.0,0.0,0.0,0.0,0.0,0.0,1.0,0.0,3.0,0.0,0.0,1.0,6306.0,26236.0,1.0,1.0,0.0,21.0,4.0,1.0,80.0,1.0,13.0,2.0,2.0,13.0,12.0,1.0,9.0,0
59.0,1.0,0.0,0.0,142.0,0.0,1.0,0.0,3.0,3.0,0.0,0.0,1.0,0.0,0.0,0.0,1.0,309.0,3.0,1.0,70.0,2.0,1.0,0.0,0.0,0.0,0.0,0.0,1.0,0.0,0.0,0.0,4.0,0.0,1.0,0.0,2177.0,8456.0,3.0,1.0,0.0,17.0,3.0,1.0,80.0,1.0,7.0,6.0,3.0,1.0,0.0,0.0,0.0,0
37.0,1.0,0.0,0.0,571.0,0.0,1.0,0.0,10.0,1.0,0.0,0.0,1.0,0.0,0.0,0.0,1.0,802.0,4.0,0.0,82.0,3.0,1.0,0.0,0.0,0.0,0.0,0.0,1.0,0.0,0.0,0.0,1.0,0.0,0.0,1.0,2782.0,19905.0,0.0,1.0,1.0,13.0,3.0,2.0,80.0,2.0,6.0,3.0,2.0,5.0,3.0,4.0,3.0,0
28.0,1.0,0.0,0.0,995.0,0.0,1.0,0.0,9.0,3.0,0.0,1.0,0.0,0.0,0.0,0.0,1.0,930.0,3.0,0.0,77.0,3.0,1.0,0.0,0.0,0.0,0.0,0.0,1.0,0.0,0.0,0.0,3.0,0.0,0.0,1.0,2377.0,9834.0,5.0,1.0,0.0,18.0,3.0,2.0,80.0,1.0,6.0,2.0,3.0,2.0,2.0,2.0,2.0,0
28.0,1.0,0.0,0.0,103.0,0.0,1.0,0.0,24.0,3.0,0.0,0.0,1.0,0.0,0.0,0.0,1.0,19.0,3.0,1.0,50.0,2.0,1.0,0.0,1.0,0.0,0.0,0.0,0.0,0.0,0.0,0.0,3.0,1.0,0.0,0.0,2028.0,12947.0,5.0,1.0,1.0,14.0,3.0,2.0,80.0,0.0,6.0,4.0,3.0,4.0,2.0,0.0,3.0,1
35.0,1.0,0.0,0.0,1137.0,0.0,1.0,0.0,21.0,1.0,0.0,0.0,1.0,0.0,0.0,0.0,1.0,942.0,4.0,0.0,51.0,3.0,2.0,0.0,0.0,0.0,0.0,0.0,0.0,0.0,1.0,0.0,4.0,0.0,1.0,0.0,4014.0,19170.0,1.0,1.0,1.0,25.0,4.0,4.0,80.0,1.0,10.0,2.0,1.0,10.0,6.0,0.0,7.0,0
38.0,1.0,0.0,0.0,849.0,0.0,1.0,0.0,25.0,2.0,0.0,0.0,1.0,0.0,0.0,0.0,1.0,421.0,1.0,0.0,81.0,2.0,3.0,0.0,0.0,0.0,0.0,1.0,0.0,0.0,0.0,0.0,2.0,0.0,1.0,0.0,12061.0,26707.0,3.0,1.0,0.0,17.0,3.0,3.0,80.0,1.0,19.0,2.0,3.0,10.0,8.0,0.0,1.0,0
37.0,1.0,0.0,0.0,1239.0,0.0,0.0,1.0,8.0,2.0,0.0,0.0,0.0,0.0,0.0,1.0,1.0,1794.0,3.0,1.0,89.0,3.0,2.0,0.0,0.0,0.0,0.0,0.0,0.0,1.0,0.0,0.0,2.0,0.0,0.0,1.0,4071.0,12832.0,2.0,1.0,0.0,13.0,3.0,3.0,80.0,0.0,19.0,4.0,2.0,10.0,0.0,4.0,7.0,0
31.0,0.0,0.0,1.0,587.0,1.0,0.0,0.0,2.0,4.0,0.0,0.0,1.0,0.0,0.0,0.0,1.0,1324.0,4.0,0.0,57.0,3.0,3.0,0.0,0.0,1.0,0.0,0.0,0.0,0.0,0.0,0.0,3.0,0.0,0.0,1.0,9852.0,8935.0,1.0,1.0,1.0,19.0,3.0,1.0,80.0,1.0,10.0,5.0,2.0,10.0,8.0,9.0,6.0,0
29.0,1.0,0.0,0.0,1210.0,1.0,0.0,0.0,2.0,3.0,0.0,1.0,0.0,0.0,0.0,0.0,1.0,366.0,1.0,1.0,78.0,2.0,2.0,0.0,0.0,1.0,0.0,0.0,0.0,0.0,0.0,0.0,2.0,0.0,1.0,0.0,6644.0,3687.0,2.0,1.0,0.0,19.0,3.0,2.0,80.0,2.0,10.0,2.0,3.0,0.0,0.0,0.0,0.0,0
55.0,0.0,1.0,0.0,135.0,0.0,1.0,0.0,18.0,4.0,0.0,1.0,0.0,0.0,0.0,0.0,1.0,1034.0,3.0,1.0,62.0,3.0,2.0,0.0,0.0,0.0,0.0,0.0,0.0,0.0,1.0,0.0,2.0,0.0,1.0,0.0,6385.0,12992.0,3.0,1.0,1.0,14.0,3.0,4.0,80.0,2.0,17.0,3.0,3.0,8.0,7.0,6.0,7.0,0
46.0,1.0,0.0,0.0,406.0,1.0,0.0,0.0,3.0,1.0,1.0,0.0,0.0,0.0,0.0,0.0,1.0,1124.0,1.0,1.0,52.0,3.0,4.0,1.0,0.0,0.0,0.0,0.0,0.0,0.0,0.0,0.0,3.0,0.0,1.0,0.0,17465.0,15596.0,3.0,1.0,0.0,12.0,3.0,4.0,80.0,1.0,23.0,3.0,3.0,12.0,9.0,4.0,9.0,0
42.0,1.0,0.0,0.0,265.0,1.0,0.0,0.0,5.0,2.0,1.0,0.0,0.0,0.0,0.0,0.0,1.0,1029.0,4.0,1.0,90.0,3.0,5.0,1.0,0.0,0.0,0.0,0.0,0.0,0.0,0.0,0.0,3.0,0.0,1.0,0.0,18303.0,7770.0,6.0,1.0,0.0,13.0,3.0,2.0,80.0,0.0,21.0,3.0,4.0,1.0,0.0,0.0,0.0,0
42.0,1.0,0.0,0.0,622.0,0.0,1.0,0.0,2.0,4.0,0.0,0.0,1.0,0.0,0.0,0.0,1.0,659.0,3.0,0.0,81.0,3.0,2.0,0.0,0.0,0.0,0.0,0.0,0.0,0.0,1.0,0.0,4.0,0.0,1.0,0.0,4089.0,5718.0,1.0,1.0,0.0,13.0,3.0,2.0,80.0,2.0,10.0,4.0,3.0,10.0,2.0,2.0,2.0,0
35.0,1.0,0.0,0.0,1395.0,0.0,1.0,0.0,9.0,4.0,0.0,1.0,0.0,0.0,0.0,0.0,1.0,2008.0,2.0,1.0,48.0,3.0,2.0,0.0,0.0,0.0,0.0,0.0,1.0,0.0,0.0,0.0,3.0,1.0,0.0,0.0,5098.0,18698.0,1.0,1.0,0.0,19.0,3.0,2.0,80.0,0.0,10.0,5.0,3.0,10.0,7.0,0.0,8.0,0
54.0,1.0,0.0,0.0,548.0,0.0,1.0,0.0,8.0,4.0,0.0,0.0,1.0,0.0,0.0,0.0,1.0,578.0,3.0,0.0,42.0,3.0,2.0,0.0,1.0,0.0,0.0,0.0,0.0,0.0,0.0,0.0,3.0,1.0,0.0,0.0,3780.0,23428.0,7.0,1.0,0.0,11.0,3.0,3.0,80.0,0.0,19.0,3.0,3.0,1.0,0.0,0.0,0.0,0
29.0,0.0,1.0,0.0,574.0,0.0,1.0,0.0,20.0,1.0,0.0,1.0,0.0,0.0,0.0,0.0,1.0,1852.0,4.0,1.0,40.0,3.0,1.0,0.0,1.0,0.0,0.0,0.0,0.0,0.0,0.0,0.0,4.0,0.0,1.0,0.0,3812.0,7003.0,1.0,1.0,0.0,13.0,3.0,2.0,80.0,0.0,11.0,3.0,4.0,11.0,8.0,3.0,10.0,0
27.0,1.0,0.0,0.0,591.0,0.0,1.0,0.0,2.0,1.0,0.0,1.0,0.0,0.0,0.0,0.0,1.0,7.0,1.0,1.0,40.0,3.0,1.0,0.0,1.0,0.0,0.0,0.0,0.0,0.0,0.0,0.0,2.0,0.0,1.0,0.0,3468.0,16632.0,9.0,1.0,0.0,12.0,3.0,4.0,80.0,1.0,6.0,3.0,3.0,2.0,2.0,2.0,2.0,0
26.0,1.0,0.0,0.0,841.0,0.0,1.0,0.0,6.0,3.0,0.0,0.0,0.0,0.0,0.0,1.0,1.0,164.0,3.0,0.0,46.0,2.0,1.0,0.0,0.0,0.0,0.0,0.0,1.0,0.0,0.0,0.0,2.0,0.0,1.0,0.0,2368.0,23300.0,1.0,1.0,0.0,19.0,3.0,3.0,80.0,0.0,5.0,3.0,2.0,5.0,4.0,4.0,3.0,0
59.0,0.0,0.0,1.0,1420.0,0.0,0.0,1.0,2.0,4.0,0.0,0.0,0.0,1.0,0.0,0.0,1.0,140.0,3.0,0.0,32.0,2.0,5.0,1.0,0.0,0.0,0.0,0.0,0.0,0.0,0.0,0.0,4.0,0.0,1.0,0.0,18844.0,21922.0,9.0,1.0,0.0,21.0,4.0,4.0,80.0,1.0,30.0,3.0,3.0,3.0,2.0,2.0,2.0,0
24.0,1.0,0.0,0.0,1206.0,0.0,1.0,0.0,17.0,1.0,0.0,1.0,0.0,0.0,0.0,0.0,1.0,1009.0,4.0,0.0,41.0,2.0,2.0,0.0,0.0,0.0,1.0,0.0,0.0,0.0,0.0,0.0,3.0,0.0,0.0,1.0,4377.0,24117.0,1.0,1.0,0.0,15.0,3.0,2.0,80.0,2.0,5.0,6.0,3.0,4.0,2.0,3.0,2.0,0
34.0,1.0,0.0,0.0,404.0,0.0,1.0,0.0,2.0,4.0,0.0,0.0,0.0,0.0,1.0,0.0,1.0,1383.0,3.0,0.0,98.0,3.0,2.0,0.0,0.0,0.0,0.0,0.0,0.0,0.0,1.0,0.0,4.0,1.0,0.0,0.0,6687.0,6163.0,1.0,1.0,0.0,11.0,3.0,4.0,80.0,0.0,14.0,2.0,4.0,14.0,11.0,4.0,11.0,0
22.0,1.0,0.0,0.0,604.0,0.0,1.0,0.0,6.0,1.0,0.0,1.0,0.0,0.0,0.0,0.0,1.0,675.0,1.0,1.0,69.0,3.0,1.0,0.0,0.0,0.0,0.0,0.0,1.0,0.0,0.0,0.0,3.0,0.0,1.0,0.0,2773.0,12145.0,0.0,1.0,0.0,20.0,4.0,4.0,80.0,0.0,3.0,3.0,3.0,2.0,2.0,2.0,2.0,0
36.0,1.0,0.0,0.0,559.0,0.0,1.0,0.0,12.0,4.0,0.0,0.0,1.0,0.0,0.0,0.0,1.0,1614.0,3.0,0.0,76.0,3.0,2.0,0.0,0.0,0.0,1.0,0.0,0.0,0.0,0.0,0.0,3.0,0.0,1.0,0.0,4663.0,12421.0,9.0,1.0,1.0,12.0,3.0,2.0,80.0,2.0,7.0,2.0,3.0,3.0,2.0,1.0,1.0,0
36.0,1.0,0.0,0.0,1266.0,1.0,0.0,0.0,10.0,4.0,0.0,0.0,0.0,0.0,1.0,0.0,1.0,1880.0,2.0,0.0,63.0,2.0,2.0,0.0,0.0,1.0,0.0,0.0,0.0,0.0,0.0,0.0,3.0,0.0,1.0,0.0,5673.0,6060.0,1.0,1.0,1.0,13.0,3.0,1.0,80.0,1.0,10.0,4.0,3.0,10.0,9.0,1.0,7.0,0
25.0,1.0,0.0,0.0,883.0,1.0,0.0,0.0,26.0,1.0,0.0,1.0,0.0,0.0,0.0,0.0,1.0,781.0,3.0,0.0,32.0,3.0,2.0,0.0,0.0,1.0,0.0,0.0,0.0,0.0,0.0,0.0,4.0,1.0,0.0,0.0,6180.0,22807.0,1.0,1.0,0.0,23.0,4.0,2.0,80.0,0.0,6.0,5.0,2.0,6.0,5.0,1.0,4.0,0
39.0,1.0,0.0,0.0,524.0,0.0,1.0,0.0,18.0,2.0,0.0,0.0,1.0,0.0,0.0,0.0,1.0,1322.0,1.0,1.0,32.0,3.0,2.0,0.0,0.0,0.0,1.0,0.0,0.0,0.0,0.0,0.0,3.0,1.0,0.0,0.0,4534.0,13352.0,0.0,1.0,0.0,11.0,3.0,1.0,80.0,0.0,9.0,6.0,3.0,8.0,7.0,1.0,7.0,0
38.0,1.0,0.0,0.0,322.0,1.0,0.0,0.0,7.0,2.0,0.0,1.0,0.0,0.0,0.0,0.0,1.0,382.0,1.0,0.0,44.0,4.0,2.0,0.0,0.0,1.0,0.0,0.0,0.0,0.0,0.0,0.0,1.0,0.0,0.0,1.0,5605.0,19191.0,1.0,1.0,1.0,24.0,4.0,3.0,80.0,1.0,8.0,3.0,3.0,8.0,0.0,7.0,7.0,0
33.0,1.0,0.0,0.0,134.0,0.0,1.0,0.0,2.0,3.0,0.0,0.0,1.0,0.0,0.0,0.0,1.0,242.0,3.0,1.0,90.0,3.0,1.0,0.0,0.0,0.0,0.0,0.0,1.0,0.0,0.0,0.0,4.0,1.0,0.0,0.0,2500.0,10515.0,0.0,1.0,0.0,14.0,3.0,1.0,80.0,0.0,4.0,2.0,4.0,3.0,1.0,0.0,2.0,0
28.0,1.0,0.0,0.0,1217.0,0.0,1.0,0.0,1.0,3.0,0.0,1.0,0.0,0.0,0.0,0.0,1.0,1834.0,3.0,0.0,67.0,3.0,1.0,0.0,0.0,0.0,0.0,0.0,1.0,0.0,0.0,0.0,1.0,0.0,1.0,0.0,3591.0,12719.0,1.0,1.0,0.0,25.0,4.0,3.0,80.0,1.0,3.0,3.0,3.0,3.0,2.0,1.0,2.0,0
31.0,0.0,1.0,0.0,853.0,0.0,1.0,0.0,1.0,1.0,0.0,0.0,1.0,0.0,0.0,0.0,1.0,1011.0,3.0,0.0,96.0,3.0,2.0,0.0,0.0,0.0,1.0,0.0,0.0,0.0,0.0,0.0,1.0,0.0,1.0,0.0,4148.0,11275.0,1.0,1.0,0.0,12.0,3.0,3.0,80.0,1.0,4.0,1.0,3.0,4.0,3.0,0.0,3.0,0
45.0,1.0,0.0,0.0,788.0,0.0,0.0,1.0,24.0,4.0,0.0,1.0,0.0,0.0,0.0,0.0,1.0,1049.0,2.0,1.0,36.0,3.0,1.0,0.0,0.0,0.0,0.0,0.0,0.0,1.0,0.0,0.0,2.0,1.0,0.0,0.0,2177.0,8318.0,1.0,1.0,0.0,16.0,3.0,1.0,80.0,0.0,6.0,3.0,3.0,6.0,3.0,0.0,4.0,0
42.0,1.0,0.0,0.0,933.0,0.0,1.0,0.0,29.0,3.0,0.0,0.0,1.0,0.0,0.0,0.0,1.0,836.0,2.0,1.0,98.0,3.0,2.0,0.0,0.0,0.0,1.0,0.0,0.0,0.0,0.0,0.0,2.0,0.0,1.0,0.0,4434.0,11806.0,1.0,1.0,0.0,13.0,3.0,4.0,80.0,1.0,10.0,3.0,2.0,9.0,8.0,7.0,8.0,0
27.0,1.0,0.0,0.0,618.0,0.0,1.0,0.0,4.0,3.0,0.0,0.0,1.0,0.0,0.0,0.0,1.0,933.0,2.0,0.0,76.0,3.0,1.0,0.0,0.0,0.0,0.0,0.0,1.0,0.0,0.0,0.0,3.0,1.0,0.0,0.0,2318.0,17808.0,1.0,1.0,0.0,19.0,3.0,3.0,80.0,0.0,1.0,2.0,3.0,1.0,1.0,0.0,0.0,0
54.0,1.0,0.0,0.0,584.0,0.0,1.0,0.0,22.0,5.0,0.0,1.0,0.0,0.0,0.0,0.0,1.0,1665.0,2.0,0.0,91.0,3.0,4.0,1.0,0.0,0.0,0.0,0.0,0.0,0.0,0.0,0.0,3.0,0.0,1.0,0.0,17426.0,18685.0,3.0,1.0,0.0,25.0,4.0,3.0,80.0,1.0,36.0,6.0,3.0,10.0,8.0,4.0,7.0,0
40.0,1.0,0.0,0.0,444.0,1.0,0.0,0.0,2.0,2.0,1.0,0.0,0.0,0.0,0.0,0.0,1.0,1986.0,2.0,0.0,92.0,3.0,2.0,0.0,0.0,1.0,0.0,0.0,0.0,0.0,0.0,0.0,2.0,0.0,1.0,0.0,5677.0,4258.0,3.0,1.0,0.0,14.0,3.0,3.0,80.0,1.0,15.0,4.0,3.0,11.0,8.0,5.0,10.0,0
39.0,1.0,0.0,0.0,1383.0,0.0,0.0,1.0,2.0,3.0,0.0,0.0,1.0,0.0,0.0,0.0,1.0,909.0,4.0,0.0,42.0,2.0,2.0,0.0,0.0,0.0,0.0,0.0,0.0,1.0,0.0,0.0,4.0,0.0,1.0,0.0,5204.0,7790.0,8.0,1.0,0.0,11.0,3.0,3.0,80.0,2.0,13.0,2.0,3.0,5.0,4.0,0.0,4.0,0
27.0,1.0,0.0,0.0,1377.0,1.0,0.0,0.0,2.0,3.0,0.0,0.0,1.0,0.0,0.0,0.0,1.0,437.0,4.0,1.0,74.0,3.0,2.0,0.0,0.0,1.0,0.0,0.0,0.0,0.0,0.0,0.0,3.0,1.0,0.0,0.0,4478.0,5242.0,1.0,1.0,1.0,11.0,3.0,1.0,80.0,0.0,5.0,3.0,3.0,5.0,4.0,0.0,4.0,0
35.0,1.0,0.0,0.0,735.0,0.0,1.0,0.0,6.0,1.0,0.0,0.0,1.0,0.0,0.0,0.0,1.0,1291.0,3.0,1.0,66.0,3.0,1.0,0.0,0.0,0.0,0.0,0.0,1.0,0.0,0.0,0.0,3.0,0.0,1.0,0.0,3506.0,6020.0,0.0,1.0,1.0,14.0,3.0,4.0,80.0,0.0,4.0,3.0,3.0,3.0,2.0,2.0,2.0,0
52.0,1.0,0.0,0.0,266.0,1.0,0.0,0.0,2.0,1.0,1.0,0.0,0.0,0.0,0.0,0.0,1.0,1038.0,1.0,0.0,57.0,1.0,5.0,1.0,0.0,0.0,0.0,0.0,0.0,0.0,0.0,0.0,4.0,0.0,1.0,0.0,19845.0,25846.0,1.0,1.0,0.0,15.0,3.0,4.0,80.0,1.0,33.0,3.0,3.0,32.0,14.0,6.0,9.0,1
33.0,0.0,1.0,0.0,553.0,0.0,1.0,0.0,5.0,4.0,0.0,0.0,1.0,0.0,0.0,0.0,1.0,428.0,4.0,0.0,74.0,3.0,3.0,1.0,0.0,0.0,0.0,0.0,0.0,0.0,0.0,0.0,2.0,0.0,1.0,0.0,11878.0,23364.0,6.0,1.0,0.0,11.0,3.0,2.0,80.0,2.0,12.0,2.0,3.0,10.0,6.0,8.0,8.0,0
46.0,1.0,0.0,0.0,706.0,0.0,1.0,0.0,2.0,2.0,0.0,0.0,1.0,0.0,0.0,0.0,1.0,1857.0,4.0,1.0,82.0,3.0,3.0,0.0,0.0,0.0,1.0,0.0,0.0,0.0,0.0,0.0,4.0,0.0,0.0,1.0,8578.0,19989.0,3.0,1.0,0.0,14.0,3.0,3.0,80.0,1.0,12.0,4.0,2.0,9.0,8.0,4.0,7.0,0
59.0,1.0,0.0,0.0,1089.0,1.0,0.0,0.0,1.0,2.0,0.0,0.0,0.0,0.0,1.0,0.0,1.0,1048.0,2.0,1.0,66.0,3.0,3.0,1.0,0.0,0.0,0.0,0.0,0.0,0.0,0.0,0.0,4.0,0.0,1.0,0.0,11904.0,11038.0,3.0,1.0,1.0,14.0,3.0,3.0,80.0,1.0,14.0,1.0,1.0,6.0,4.0,0.0,4.0,0
55.0,1.0,0.0,0.0,436.0,1.0,0.0,0.0,2.0,1.0,0.0,1.0,0.0,0.0,0.0,0.0,1.0,842.0,3.0,1.0,37.0,3.0,2.0,0.0,0.0,1.0,0.0,0.0,0.0,0.0,0.0,0.0,4.0,1.0,0.0,0.0,5160.0,21519.0,4.0,1.0,0.0,16.0,3.0,3.0,80.0,0.0,12.0,3.0,2.0,9.0,7.0,7.0,3.0,1
28.0,1.0,0.0,0.0,895.0,0.0,1.0,0.0,15.0,2.0,0.0,0.0,1.0,0.0,0.0,0.0,1.0,1102.0,1.0,1.0,50.0,3.0,1.0,0.0,1.0,0.0,0.0,0.0,0.0,0.0,0.0,0.0,3.0,0.0,0.0,1.0,2207.0,22482.0,1.0,1.0,0.0,16.0,3.0,4.0,80.0,1.0,4.0,5.0,2.0,4.0,2.0,2.0,2.0,0
32.0,0.0,0.0,1.0,1184.0,0.0,1.0,0.0,1.0,3.0,0.0,0.0,1.0,0.0,0.0,0.0,1.0,951.0,3.0,0.0,70.0,2.0,1.0,0.0,1.0,0.0,0.0,0.0,0.0,0.0,0.0,0.0,2.0,0.0,1.0,0.0,2332.0,3974.0,6.0,1.0,0.0,20.0,4.0,3.0,80.0,0.0,5.0,3.0,3.0,3.0,0.0,0.0,2.0,0
42.0,1.0,0.0,0.0,269.0,0.0,1.0,0.0,2.0,3.0,0.0,1.0,0.0,0.0,0.0,0.0,1.0,351.0,4.0,0.0,56.0,2.0,1.0,0.0,1.0,0.0,0.0,0.0,0.0,0.0,0.0,0.0,1.0,0.0,0.0,1.0,2593.0,8007.0,0.0,1.0,1.0,11.0,3.0,3.0,80.0,1.0,10.0,4.0,3.0,9.0,6.0,7.0,8.0,0
57.0,1.0,0.0,0.0,334.0,0.0,1.0,0.0,24.0,2.0,0.0,0.0,1.0,0.0,0.0,0.0,1.0,223.0,3.0,1.0,83.0,4.0,3.0,0.0,0.0,0.0,0.0,0.0,0.0,0.0,1.0,0.0,4.0,0.0,0.0,1.0,9439.0,23402.0,3.0,1.0,1.0,16.0,3.0,2.0,80.0,1.0,12.0,2.0,1.0,5.0,3.0,1.0,4.0,0
56.0,1.0,0.0,0.0,1255.0,0.0,1.0,0.0,1.0,2.0,0.0,0.0,1.0,0.0,0.0,0.0,1.0,1441.0,1.0,0.0,90.0,3.0,1.0,0.0,0.0,0.0,0.0,0.0,1.0,0.0,0.0,0.0,1.0,0.0,1.0,0.0,2066.0,10494.0,2.0,1.0,0.0,22.0,4.0,4.0,80.0,1.0,5.0,3.0,4.0,3.0,2.0,1.0,0.0,0
30.0,1.0,0.0,0.0,855.0,1.0,0.0,0.0,7.0,4.0,1.0,0.0,0.0,0.0,0.0,0.0,1.0,1428.0,4.0,0.0,73.0,3.0,2.0,0.0,0.0,1.0,0.0,0.0,0.0,0.0,0.0,0.0,1.0,0.0,0.0,1.0,4779.0,12761.0,7.0,1.0,0.0,14.0,3.0,2.0,80.0,2.0,8.0,3.0,3.0,3.0,2.0,0.0,2.0,0
30.0,0.0,1.0,0.0,160.0,0.0,1.0,0.0,3.0,3.0,0.0,1.0,0.0,0.0,0.0,0.0,1.0,680.0,3.0,0.0,71.0,3.0,1.0,0.0,0.0,0.0,0.0,0.0,1.0,0.0,0.0,0.0,3.0,0.0,0.0,1.0,2083.0,22653.0,1.0,1.0,0.0,20.0,4.0,3.0,80.0,1.0,1.0,2.0,3.0,1.0,0.0,0.0,0.0,0
26.0,1.0,0.0,0.0,920.0,0.0,0.0,1.0,20.0,2.0,0.0,1.0,0.0,0.0,0.0,0.0,1.0,1818.0,4.0,0.0,69.0,3.0,1.0,0.0,0.0,0.0,0.0,0.0,0.0,1.0,0.0,0.0,2.0,0.0,1.0,0.0,2148.0,6889.0,0.0,1.0,1.0,11.0,3.0,3.0,80.0,0.0,6.0,3.0,3.0,5.0,1.0,1.0,4.0,1
27.0,1.0,0.0,0.0,1103.0,0.0,1.0,0.0,14.0,3.0,0.0,0.0,1.0,0.0,0.0,0.0,1.0,1244.0,1.0,1.0,42.0,3.0,1.0,0.0,0.0,0.0,0.0,0.0,1.0,0.0,0.0,0.0,1.0,0.0,1.0,0.0,2235.0,14377.0,1.0,1.0,1.0,14.0,3.0,4.0,80.0,2.0,9.0,3.0,2.0,9.0,7.0,6.0,8.0,0
22.0,1.0,0.0,0.0,391.0,0.0,1.0,0.0,7.0,1.0,0.0,0.0,1.0,0.0,0.0,0.0,1.0,1878.0,4.0,1.0,75.0,3.0,1.0,0.0,0.0,0.0,0.0,0.0,1.0,0.0,0.0,0.0,2.0,1.0,0.0,0.0,2472.0,26092.0,1.0,1.0,1.0,23.0,4.0,1.0,80.0,0.0,1.0,2.0,3.0,1.0,0.0,0.0,0.0,1
33.0,0.0,0.0,1.0,775.0,0.0,1.0,0.0,4.0,3.0,0.0,0.0,0.0,0.0,1.0,0.0,1.0,1771.0,4.0,1.0,90.0,3.0,2.0,0.0,0.0,0.0,0.0,0.0,1.0,0.0,0.0,0.0,2.0,0.0,0.0,1.0,3055.0,6194.0,5.0,1.0,0.0,15.0,3.0,4.0,80.0,2.0,11.0,2.0,2.0,9.0,8.0,1.0,7.0,0
46.0,1.0,0.0,0.0,717.0,0.0,1.0,0.0,13.0,4.0,0.0,0.0,1.0,0.0,0.0,0.0,1.0,1727.0,3.0,1.0,34.0,3.0,2.0,0.0,0.0,0.0,0.0,0.0,0.0,0.0,1.0,0.0,2.0,1.0,0.0,0.0,5562.0,9697.0,6.0,1.0,0.0,14.0,3.0,4.0,80.0,0.0,19.0,3.0,3.0,10.0,7.0,0.0,9.0,0
50.0,1.0,0.0,0.0,813.0,0.0,1.0,0.0,17.0,5.0,0.0,0.0,1.0,0.0,0.0,0.0,1.0,1656.0,4.0,0.0,50.0,2.0,3.0,0.0,0.0,0.0,0.0,1.0,0.0,0.0,0.0,0.0,1.0,0.0,0.0,1.0,13269.0,21981.0,5.0,1.0,0.0,15.0,3.0,3.0,80.0,3.0,19.0,3.0,3.0,14.0,11.0,1.0,11.0,0
24.0,1.0,0.0,0.0,1371.0,1.0,0.0,0.0,10.0,4.0,1.0,0.0,0.0,0.0,0.0,0.0,1.0,507.0,4.0,0.0,77.0,3.0,2.0,0.0,0.0,1.0,0.0,0.0,0.0,0.0,0.0,0.0,3.0,0.0,0.0,1.0,4260.0,5915.0,1.0,1.0,1.0,12.0,3.0,4.0,80.0,1.0,5.0,2.0,4.0,5.0,2.0,0.0,3.0,0
31.0,0.0,1.0,0.0,523.0,0.0,1.0,0.0,2.0,3.0,0.0,0.0,1.0,0.0,0.0,0.0,1.0,1464.0,2.0,1.0,94.0,3.0,1.0,0.0,1.0,0.0,0.0,0.0,0.0,0.0,0.0,0.0,4.0,0.0,1.0,0.0,3722.0,21081.0,6.0,1.0,1.0,13.0,3.0,3.0,80.0,1.0,7.0,2.0,1.0,2.0,2.0,2.0,2.0,1
33.0,0.0,0.0,1.0,530.0,1.0,0.0,0.0,16.0,3.0,0.0,0.0,1.0,0.0,0.0,0.0,1.0,1681.0,3.0,0.0,36.0,3.0,2.0,0.0,0.0,1.0,0.0,0.0,0.0,0.0,0.0,0.0,4.0,0.0,0.0,1.0,5368.0,16130.0,1.0,1.0,1.0,25.0,4.0,3.0,80.0,1.0,7.0,2.0,3.0,6.0,5.0,1.0,2.0,0
47.0,0.0,1.0,0.0,217.0,1.0,0.0,0.0,3.0,3.0,0.0,1.0,0.0,0.0,0.0,0.0,1.0,746.0,4.0,0.0,49.0,3.0,4.0,0.0,0.0,1.0,0.0,0.0,0.0,0.0,0.0,0.0,3.0,0.0,0.0,1.0,13770.0,10225.0,9.0,1.0,1.0,12.0,3.0,4.0,80.0,2.0,28.0,2.0,2.0,22.0,2.0,11.0,13.0,0
33.0,0.0,1.0,0.0,1392.0,0.0,1.0,0.0,3.0,4.0,0.0,0.0,1.0,0.0,0.0,0.0,1.0,5.0,4.0,0.0,56.0,3.0,1.0,0.0,0.0,0.0,0.0,0.0,1.0,0.0,0.0,0.0,3.0,0.0,1.0,0.0,2909.0,23159.0,1.0,1.0,1.0,11.0,3.0,3.0,80.0,0.0,8.0,3.0,3.0,8.0,7.0,3.0,0.0,0
39.0,0.0,1.0,0.0,711.0,0.0,1.0,0.0,4.0,3.0,0.0,1.0,0.0,0.0,0.0,0.0,1.0,1633.0,1.0,0.0,81.0,3.0,2.0,0.0,0.0,0.0,1.0,0.0,0.0,0.0,0.0,0.0,3.0,1.0,0.0,0.0,5042.0,3140.0,0.0,1.0,0.0,13.0,3.0,4.0,80.0,0.0,10.0,2.0,1.0,9.0,2.0,3.0,8.0,0
38.0,0.0,1.0,0.0,1186.0,0.0,1.0,0.0,3.0,4.0,0.0,0.0,0.0,0.0,0.0,1.0,1.0,1060.0,3.0,1.0,44.0,3.0,1.0,0.0,0.0,0.0,0.0,0.0,1.0,0.0,0.0,0.0,3.0,0.0,1.0,0.0,2821.0,2997.0,3.0,1.0,0.0,16.0,3.0,1.0,80.0,1.0,8.0,2.0,3.0,2.0,2.0,2.0,2.0,0
49.0,1.0,0.0,0.0,301.0,0.0,1.0,0.0,22.0,4.0,0.0,0.0,0.0,0.0,0.0,1.0,1.0,1655.0,1.0,0.0,72.0,3.0,4.0,0.0,0.0,0.0,0.0,1.0,0.0,0.0,0.0,0.0,2.0,0.0,1.0,0.0,16413.0,3498.0,3.0,1.0,0.0,16.0,3.0,2.0,80.0,2.0,27.0,2.0,3.0,4.0,2.0,1.0,2.0,0
25.0,0.0,1.0,0.0,599.0,1.0,0.0,0.0,24.0,1.0,0.0,0.0,1.0,0.0,0.0,0.0,1.0,1273.0,3.0,1.0,73.0,1.0,1.0,0.0,0.0,0.0,0.0,0.0,0.0,0.0,0.0,1.0,4.0,1.0,0.0,0.0,1118.0,8040.0,1.0,1.0,1.0,14.0,3.0,4.0,80.0,0.0,1.0,4.0,3.0,1.0,0.0,1.0,0.0,1
32.0,1.0,0.0,0.0,929.0,1.0,0.0,0.0,10.0,3.0,1.0,0.0,0.0,0.0,0.0,0.0,1.0,722.0,4.0,1.0,55.0,3.0,2.0,0.0,0.0,1.0,0.0,0.0,0.0,0.0,0.0,0.0,4.0,1.0,0.0,0.0,5396.0,21703.0,1.0,1.0,0.0,12.0,3.0,4.0,80.0,0.0,10.0,2.0,2.0,10.0,7.0,0.0,8.0,0
30.0,0.0,1.0,0.0,464.0,0.0,1.0,0.0,4.0,3.0,0.0,0.0,0.0,0.0,1.0,0.0,1.0,514.0,3.0,1.0,40.0,3.0,1.0,0.0,0.0,0.0,0.0,0.0,1.0,0.0,0.0,0.0,4.0,1.0,0.0,0.0,2285.0,3427.0,9.0,1.0,1.0,23.0,4.0,3.0,80.0,0.0,3.0,4.0,3.0,1.0,0.0,0.0,0.0,1
42.0,0.0,1.0,0.0,555.0,1.0,0.0,0.0,26.0,3.0,1.0,0.0,0.0,0.0,0.0,0.0,1.0,404.0,3.0,0.0,77.0,3.0,4.0,0.0,0.0,1.0,0.0,0.0,0.0,0.0,0.0,0.0,2.0,0.0,1.0,0.0,13525.0,14864.0,5.0,1.0,0.0,14.0,3.0,4.0,80.0,1.0,23.0,2.0,4.0,20.0,4.0,4.0,8.0,0
53.0,1.0,0.0,0.0,346.0,0.0,1.0,0.0,6.0,3.0,0.0,0.0,1.0,0.0,0.0,0.0,1.0,769.0,4.0,1.0,86.0,3.0,2.0,0.0,1.0,0.0,0.0,0.0,0.0,0.0,0.0,0.0,4.0,1.0,0.0,0.0,2450.0,10919.0,2.0,1.0,0.0,17.0,3.0,4.0,80.0,0.0,19.0,4.0,3.0,2.0,2.0,2.0,2.0,0
55.0,1.0,0.0,0.0,692.0,0.0,1.0,0.0,14.0,4.0,0.0,1.0,0.0,0.0,0.0,0.0,1.0,254.0,3.0,1.0,61.0,4.0,5.0,0.0,0.0,0.0,0.0,1.0,0.0,0.0,0.0,0.0,2.0,1.0,0.0,0.0,18722.0,13339.0,8.0,1.0,0.0,11.0,3.0,4.0,80.0,0.0,36.0,3.0,3.0,24.0,15.0,2.0,15.0,0
44.0,1.0,0.0,0.0,1037.0,0.0,1.0,0.0,1.0,3.0,0.0,1.0,0.0,0.0,0.0,0.0,1.0,2020.0,2.0,1.0,42.0,3.0,1.0,0.0,0.0,0.0,0.0,0.0,1.0,0.0,0.0,0.0,4.0,1.0,0.0,0.0,2436.0,13422.0,6.0,1.0,1.0,12.0,3.0,3.0,80.0,0.0,6.0,2.0,3.0,4.0,3.0,1.0,2.0,0
29.0,1.0,0.0,0.0,1389.0,0.0,1.0,0.0,21.0,4.0,0.0,0.0,1.0,0.0,0.0,0.0,1.0,20.0,2.0,0.0,51.0,4.0,3.0,0.0,0.0,0.0,1.0,0.0,0.0,0.0,0.0,0.0,1.0,0.0,0.0,1.0,9980.0,10195.0,1.0,1.0,0.0,11.0,3.0,3.0,80.0,1.0,10.0,1.0,3.0,10.0,9.0,8.0,8.0,0
47.0,1.0,0.0,0.0,1225.0,1.0,0.0,0.0,2.0,4.0,0.0,0.0,1.0,0.0,0.0,0.0,1.0,1676.0,2.0,0.0,47.0,4.0,4.0,1.0,0.0,0.0,0.0,0.0,0.0,0.0,0.0,0.0,2.0,0.0,0.0,1.0,15972.0,21086.0,6.0,1.0,0.0,14.0,3.0,3.0,80.0,3.0,29.0,2.0,3.0,3.0,2.0,1.0,2.0,0
36.0,1.0,0.0,0.0,711.0,0.0,1.0,0.0,5.0,4.0,0.0,0.0,1.0,0.0,0.0,0.0,1.0,1651.0,2.0,0.0,42.0,3.0,3.0,0.0,0.0,0.0,0.0,0.0,0.0,0.0,1.0,0.0,1.0,0.0,1.0,0.0,8008.0,22792.0,4.0,1.0,0.0,12.0,3.0,3.0,80.0,2.0,9.0,6.0,3.0,3.0,2.0,0.0,2.0,0
53.0,1.0,0.0,0.0,1436.0,1.0,0.0,0.0,6.0,2.0,1.0,0.0,0.0,0.0,0.0,0.0,1.0,205.0,2.0,1.0,34.0,3.0,2.0,0.0,0.0,0.0,0.0,0.0,0.0,0.0,0.0,1.0,3.0,0.0,1.0,0.0,2306.0,16047.0,2.0,1.0,1.0,20.0,4.0,4.0,80.0,1.0,13.0,3.0,1.0,7.0,7.0,4.0,5.0,0
30.0,0.0,0.0,1.0,1116.0,0.0,1.0,0.0,2.0,3.0,0.0,1.0,0.0,0.0,0.0,0.0,1.0,571.0,3.0,0.0,49.0,3.0,1.0,0.0,1.0,0.0,0.0,0.0,0.0,0.0,0.0,0.0,4.0,1.0,0.0,0.0,2564.0,7181.0,0.0,1.0,0.0,14.0,3.0,3.0,80.0,0.0,12.0,2.0,2.0,11.0,7.0,6.0,7.0,0
26.0,1.0,0.0,0.0,1384.0,0.0,1.0,0.0,3.0,4.0,0.0,1.0,0.0,0.0,0.0,0.0,1.0,1177.0,1.0,1.0,82.0,4.0,1.0,0.0,1.0,0.0,0.0,0.0,0.0,0.0,0.0,0.0,4.0,0.0,1.0,0.0,4420.0,13421.0,1.0,1.0,0.0,22.0,4.0,2.0,80.0,1.0,8.0,2.0,3.0,8.0,7.0,0.0,7.0,0
33.0,1.0,0.0,0.0,1099.0,0.0,1.0,0.0,4.0,4.0,0.0,1.0,0.0,0.0,0.0,0.0,1.0,1502.0,1.0,0.0,82.0,2.0,1.0,0.0,1.0,0.0,0.0,0.0,0.0,0.0,0.0,0.0,2.0,0.0,1.0,0.0,3838.0,8192.0,8.0,1.0,0.0,11.0,3.0,4.0,80.0,0.0,8.0,5.0,3.0,5.0,4.0,0.0,2.0,0
30.0,0.0,1.0,0.0,600.0,0.0,0.0,1.0,8.0,3.0,0.0,0.0,0.0,1.0,0.0,0.0,1.0,1747.0,3.0,0.0,66.0,2.0,1.0,0.0,0.0,0.0,0.0,0.0,0.0,1.0,0.0,0.0,4.0,0.0,0.0,1.0,2180.0,9732.0,6.0,1.0,0.0,11.0,3.0,3.0,80.0,1.0,6.0,0.0,2.0,4.0,2.0,1.0,2.0,1
35.0,1.0,0.0,0.0,219.0,0.0,1.0,0.0,16.0,2.0,0.0,0.0,0.0,0.0,0.0,1.0,1.0,1886.0,4.0,0.0,44.0,2.0,2.0,0.0,0.0,0.0,1.0,0.0,0.0,0.0,0.0,0.0,2.0,0.0,1.0,0.0,4788.0,25388.0,0.0,1.0,1.0,11.0,3.0,4.0,80.0,0.0,4.0,2.0,3.0,3.0,2.0,0.0,2.0,0
40.0,1.0,0.0,0.0,1194.0,0.0,1.0,0.0,1.0,3.0,0.0,0.0,1.0,0.0,0.0,0.0,1.0,1822.0,3.0,0.0,52.0,3.0,2.0,0.0,0.0,0.0,0.0,0.0,0.0,0.0,1.0,0.0,4.0,0.0,0.0,1.0,6513.0,9060.0,4.0,1.0,0.0,17.0,3.0,4.0,80.0,1.0,12.0,3.0,3.0,5.0,3.0,0.0,3.0,0
45.0,1.0,0.0,0.0,1038.0,0.0,1.0,0.0,20.0,3.0,0.0,1.0,0.0,0.0,0.0,0.0,1.0,1460.0,2.0,1.0,95.0,1.0,3.0,0.0,0.0,0.0,0.0,0.0,0.0,0.0,1.0,0.0,1.0,0.0,0.0,1.0,10851.0,19863.0,2.0,1.0,1.0,18.0,3.0,2.0,80.0,1.0,24.0,2.0,3.0,7.0,7.0,0.0,7.0,0
26.0,1.0,0.0,0.0,652.0,0.0,1.0,0.0,7.0,3.0,0.0,0.0,0.0,0.0,0.0,1.0,1.0,1417.0,3.0,1.0,100.0,4.0,1.0,0.0,1.0,0.0,0.0,0.0,0.0,0.0,0.0,0.0,1.0,1.0,0.0,0.0,3578.0,23577.0,0.0,1.0,0.0,12.0,3.0,4.0,80.0,0.0,8.0,2.0,3.0,7.0,7.0,0.0,7.0,0
21.0,0.0,1.0,0.0,251.0,0.0,1.0,0.0,10.0,2.0,0.0,0.0,1.0,0.0,0.0,0.0,1.0,1279.0,1.0,0.0,45.0,2.0,1.0,0.0,1.0,0.0,0.0,0.0,0.0,0.0,0.0,0.0,3.0,1.0,0.0,0.0,2625.0,25308.0,1.0,1.0,0.0,20.0,4.0,3.0,80.0,0.0,2.0,2.0,1.0,2.0,2.0,2.0,2.0,1
43.0,1.0,0.0,0.0,823.0,0.0,1.0,0.0,6.0,3.0,0.0,1.0,0.0,0.0,0.0,0.0,1.0,1866.0,1.0,0.0,81.0,2.0,5.0,1.0,0.0,0.0,0.0,0.0,0.0,0.0,0.0,0.0,3.0,0.0,1.0,0.0,19392.0,22539.0,7.0,1.0,0.0,13.0,3.0,4.0,80.0,0.0,21.0,2.0,3.0,16.0,12.0,6.0,14.0,0
42.0,1.0,0.0,0.0,188.0,0.0,1.0,0.0,29.0,3.0,0.0,1.0,0.0,0.0,0.0,0.0,1.0,1148.0,2.0,1.0,56.0,1.0,2.0,0.0,1.0,0.0,0.0,0.0,0.0,0.0,0.0,0.0,4.0,1.0,0.0,0.0,4272.0,9558.0,4.0,1.0,0.0,19.0,3.0,1.0,80.0,0.0,16.0,3.0,3.0,1.0,0.0,0.0,0.0,0
31.0,1.0,0.0,0.0,1082.0,0.0,1.0,0.0,1.0,4.0,0.0,1.0,0.0,0.0,0.0,0.0,1.0,95.0,3.0,1.0,87.0,3.0,1.0,0.0,0.0,0.0,0.0,0.0,1.0,0.0,0.0,0.0,2.0,1.0,0.0,0.0,2501.0,18775.0,1.0,1.0,0.0,17.0,3.0,2.0,80.0,0.0,1.0,4.0,3.0,1.0,1.0,1.0,0.0,0
49.0,1.0,0.0,0.0,470.0,0.0,1.0,0.0,20.0,4.0,0.0,1.0,0.0,0.0,0.0,0.0,1.0,170.0,3.0,0.0,96.0,3.0,2.0,0.0,0.0,0.0,1.0,0.0,0.0,0.0,0.0,0.0,1.0,0.0,1.0,0.0,6567.0,5549.0,1.0,1.0,0.0,14.0,3.0,3.0,80.0,0.0,16.0,2.0,2.0,15.0,11.0,5.0,11.0,0
43.0,1.0,0.0,0.0,1273.0,0.0,1.0,0.0,2.0,2.0,0.0,1.0,0.0,0.0,0.0,0.0,1.0,46.0,4.0,0.0,72.0,4.0,1.0,0.0,0.0,0.0,0.0,0.0,1.0,0.0,0.0,0.0,3.0,0.0,0.0,1.0,2645.0,21923.0,1.0,1.0,0.0,12.0,3.0,4.0,80.0,2.0,6.0,3.0,2.0,5.0,3.0,1.0,4.0,0
37.0,0.0,1.0,0.0,889.0,0.0,1.0,0.0,9.0,3.0,0.0,1.0,0.0,0.0,0.0,0.0,1.0,403.0,2.0,1.0,53.0,3.0,1.0,0.0,0.0,0.0,0.0,0.0,1.0,0.0,0.0,0.0,4.0,0.0,1.0,0.0,2326.0,11411.0,1.0,1.0,1.0,12.0,3.0,3.0,80.0,3.0,4.0,3.0,2.0,4.0,2.0,1.0,2.0,0
40.0,1.0,0.0,0.0,1202.0,0.0,1.0,0.0,2.0,1.0,0.0,1.0,0.0,0.0,0.0,0.0,1.0,1375.0,2.0,0.0,89.0,4.0,2.0,0.0,0.0,0.0,0.0,0.0,0.0,0.0,1.0,0.0,3.0,0.0,0.0,1.0,6377.0,13888.0,5.0,1.0,0.0,20.0,4.0,2.0,80.0,3.0,15.0,0.0,3.0,12.0,11.0,11.0,8.0,0
44.0,0.0,0.0,1.0,981.0,0.0,1.0,0.0,5.0,3.0,0.0,0.0,1.0,0.0,0.0,0.0,1.0,1471.0,3.0,1.0,90.0,2.0,1.0,0.0,1.0,0.0,0.0,0.0,0.0,0.0,0.0,0.0,3.0,1.0,0.0,0.0,3162.0,7973.0,3.0,1.0,0.0,14.0,3.0,4.0,80.0,0.0,7.0,5.0,3.0,5.0,2.0,0.0,3.0,0
22.0,0.0,0.0,1.0,1123.0,0.0,1.0,0.0,16.0,2.0,0.0,1.0,0.0,0.0,0.0,0.0,1.0,22.0,4.0,1.0,96.0,4.0,1.0,0.0,1.0,0.0,0.0,0.0,0.0,0.0,0.0,0.0,4.0,0.0,0.0,1.0,2935.0,7324.0,1.0,1.0,1.0,13.0,3.0,2.0,80.0,2.0,1.0,2.0,2.0,1.0,0.0,0.0,0.0,0
25.0,1.0,0.0,0.0,810.0,1.0,0.0,0.0,8.0,3.0,0.0,0.0,1.0,0.0,0.0,0.0,1.0,707.0,4.0,1.0,57.0,4.0,2.0,0.0,0.0,1.0,0.0,0.0,0.0,0.0,0.0,0.0,2.0,0.0,1.0,0.0,4851.0,15678.0,0.0,1.0,0.0,22.0,4.0,3.0,80.0,1.0,4.0,4.0,3.0,3.0,2.0,1.0,2.0,0
27.0,1.0,0.0,0.0,1157.0,0.0,1.0,0.0,17.0,3.0,0.0,0.0,0.0,0.0,1.0,0.0,1.0,233.0,3.0,1.0,51.0,3.0,1.0,0.0,0.0,0.0,0.0,0.0,1.0,0.0,0.0,0.0,2.0,0.0,1.0,0.0,3058.0,13364.0,0.0,1.0,1.0,16.0,3.0,4.0,80.0,1.0,6.0,3.0,2.0,5.0,2.0,1.0,1.0,0
29.0,1.0,0.0,0.0,468.0,0.0,1.0,0.0,28.0,4.0,0.0,1.0,0.0,0.0,0.0,0.0,1.0,2054.0,4.0,0.0,73.0,2.0,1.0,0.0,0.0,0.0,0.0,0.0,1.0,0.0,0.0,0.0,1.0,1.0,0.0,0.0,3785.0,8489.0,1.0,1.0,0.0,14.0,3.0,2.0,80.0,0.0,5.0,3.0,1.0,5.0,4.0,0.0,4.0,0
46.0,0.0,1.0,0.0,1211.0,1.0,0.0,0.0,5.0,4.0,1.0,0.0,0.0,0.0,0.0,0.0,1.0,62.0,1.0,1.0,98.0,3.0,2.0,0.0,0.0,1.0,0.0,0.0,0.0,0.0,0.0,0.0,4.0,1.0,0.0,0.0,5772.0,20445.0,4.0,1.0,1.0,21.0,4.0,3.0,80.0,0.0,14.0,4.0,3.0,9.0,6.0,0.0,8.0,0
46.0,1.0,0.0,0.0,168.0,1.0,0.0,0.0,4.0,2.0,1.0,0.0,0.0,0.0,0.0,0.0,1.0,1280.0,4.0,0.0,33.0,2.0,5.0,1.0,0.0,0.0,0.0,0.0,0.0,0.0,0.0,0.0,2.0,0.0,1.0,0.0,18789.0,9946.0,2.0,1.0,0.0,14.0,3.0,3.0,80.0,1.0,26.0,2.0,3.0,11.0,4.0,0.0,8.0,0
41.0,1.0,0.0,0.0,549.0,0.0,1.0,0.0,7.0,2.0,0.0,1.0,0.0,0.0,0.0,0.0,1.0,1025.0,4.0,0.0,42.0,3.0,2.0,0.0,0.0,0.0,1.0,0.0,0.0,0.0,0.0,0.0,3.0,1.0,0.0,0.0,5003.0,23371.0,6.0,1.0,0.0,14.0,3.0,2.0,80.0,0.0,8.0,6.0,3.0,2.0,2.0,2.0,1.0,0
26.0,1.0,0.0,0.0,950.0,1.0,0.0,0.0,4.0,4.0,1.0,0.0,0.0,0.0,0.0,0.0,1.0,401.0,4.0,1.0,48.0,2.0,2.0,0.0,0.0,1.0,0.0,0.0,0.0,0.0,0.0,0.0,4.0,1.0,0.0,0.0,5828.0,8450.0,1.0,1.0,1.0,12.0,3.0,2.0,80.0,0.0,8.0,0.0,3.0,8.0,7.0,7.0,4.0,1
33.0,1.0,0.0,0.0,516.0,0.0,1.0,0.0,8.0,5.0,0.0,0.0,1.0,0.0,0.0,0.0,1.0,1515.0,4.0,1.0,69.0,3.0,2.0,0.0,0.0,0.0,0.0,0.0,0.0,0.0,1.0,0.0,3.0,1.0,0.0,0.0,6388.0,22049.0,2.0,1.0,1.0,17.0,3.0,1.0,80.0,0.0,14.0,6.0,3.0,0.0,0.0,0.0,0.0,0
24.0,1.0,0.0,0.0,813.0,0.0,1.0,0.0,1.0,3.0,0.0,1.0,0.0,0.0,0.0,0.0,1.0,45.0,2.0,1.0,61.0,3.0,1.0,0.0,0.0,0.0,0.0,0.0,1.0,0.0,0.0,0.0,4.0,0.0,1.0,0.0,2293.0,3020.0,2.0,1.0,1.0,16.0,3.0,1.0,80.0,1.0,6.0,2.0,2.0,2.0,0.0,2.0,0.0,1
55.0,0.0,1.0,0.0,1091.0,0.0,1.0,0.0,2.0,1.0,0.0,0.0,1.0,0.0,0.0,0.0,1.0,1096.0,4.0,1.0,65.0,3.0,3.0,0.0,0.0,0.0,1.0,0.0,0.0,0.0,0.0,0.0,2.0,0.0,1.0,0.0,10976.0,15813.0,3.0,1.0,0.0,18.0,3.0,2.0,80.0,1.0,23.0,4.0,3.0,3.0,2.0,1.0,2.0,0
45.0,0.0,0.0,1.0,589.0,1.0,0.0,0.0,2.0,4.0,0.0,0.0,1.0,0.0,0.0,0.0,1.0,1845.0,3.0,0.0,67.0,3.0,2.0,0.0,0.0,1.0,0.0,0.0,0.0,0.0,0.0,0.0,3.0,0.0,1.0,0.0,5154.0,19665.0,4.0,1.0,0.0,22.0,4.0,2.0,80.0,2.0,10.0,3.0,4.0,8.0,7.0,5.0,7.0,0
30.0,0.0,1.0,0.0,1312.0,0.0,1.0,0.0,2.0,4.0,0.0,0.0,0.0,0.0,1.0,0.0,1.0,1745.0,4.0,0.0,78.0,2.0,1.0,0.0,0.0,0.0,0.0,0.0,1.0,0.0,0.0,0.0,1.0,1.0,0.0,0.0,4968.0,26427.0,0.0,1.0,0.0,16.0,3.0,4.0,80.0,0.0,10.0,2.0,3.0,9.0,7.0,0.0,7.0,0
56.0,1.0,0.0,0.0,832.0,0.0,1.0,0.0,9.0,3.0,0.0,1.0,0.0,0.0,0.0,0.0,1.0,762.0,3.0,1.0,81.0,3.0,4.0,0.0,0.0,0.0,0.0,0.0,0.0,0.0,1.0,0.0,4.0,0.0,1.0,0.0,11103.0,20420.0,7.0,1.0,0.0,11.0,3.0,3.0,80.0,0.0,30.0,1.0,2.0,10.0,7.0,1.0,1.0,0
38.0,0.0,1.0,0.0,148.0,0.0,1.0,0.0,2.0,3.0,0.0,1.0,0.0,0.0,0.0,0.0,1.0,1675.0,4.0,0.0,42.0,2.0,1.0,0.0,1.0,0.0,0.0,0.0,0.0,0.0,0.0,0.0,2.0,1.0,0.0,0.0,2440.0,23826.0,1.0,1.0,0.0,22.0,4.0,2.0,80.0,0.0,4.0,3.0,3.0,4.0,3.0,3.0,3.0,0
53.0,1.0,0.0,0.0,970.0,0.0,1.0,0.0,7.0,3.0,0.0,0.0,1.0,0.0,0.0,0.0,1.0,730.0,3.0,1.0,59.0,4.0,4.0,0.0,0.0,0.0,0.0,1.0,0.0,0.0,0.0,0.0,3.0,0.0,1.0,0.0,14814.0,13514.0,3.0,1.0,0.0,19.0,3.0,3.0,80.0,0.0,32.0,3.0,3.0,5.0,1.0,1.0,3.0,0
59.0,1.0,0.0,0.0,1429.0,0.0,1.0,0.0,18.0,4.0,0.0,1.0,0.0,0.0,0.0,0.0,1.0,1283.0,4.0,1.0,67.0,3.0,3.0,0.0,0.0,0.0,1.0,0.0,0.0,0.0,0.0,0.0,4.0,1.0,0.0,0.0,10512.0,20002.0,6.0,1.0,0.0,12.0,3.0,4.0,80.0,0.0,25.0,6.0,2.0,9.0,7.0,5.0,4.0,0
40.0,1.0,0.0,0.0,884.0,0.0,1.0,0.0,15.0,3.0,0.0,0.0,1.0,0.0,0.0,0.0,1.0,1628.0,1.0,0.0,80.0,2.0,3.0,0.0,0.0,0.0,1.0,0.0,0.0,0.0,0.0,0.0,3.0,0.0,1.0,0.0,10435.0,25800.0,1.0,1.0,0.0,13.0,3.0,4.0,80.0,2.0,18.0,2.0,3.0,18.0,15.0,14.0,12.0,0
36.0,1.0,0.0,0.0,922.0,0.0,1.0,0.0,3.0,2.0,0.0,0.0,1.0,0.0,0.0,0.0,1.0,155.0,1.0,0.0,39.0,3.0,1.0,0.0,1.0,0.0,0.0,0.0,0.0,0.0,0.0,0.0,4.0,0.0,0.0,1.0,2835.0,2561.0,5.0,1.0,0.0,22.0,4.0,1.0,80.0,1.0,7.0,2.0,3.0,1.0,0.0,0.0,0.0,0
28.0,0.0,0.0,1.0,1103.0,0.0,1.0,0.0,16.0,3.0,0.0,1.0,0.0,0.0,0.0,0.0,1.0,1947.0,3.0,1.0,49.0,3.0,1.0,0.0,0.0,0.0,0.0,0.0,1.0,0.0,0.0,0.0,3.0,1.0,0.0,0.0,2144.0,2122.0,1.0,1.0,0.0,14.0,3.0,3.0,80.0,0.0,5.0,3.0,2.0,5.0,3.0,1.0,4.0,0
35.0,1.0,0.0,0.0,682.0,1.0,0.0,0.0,18.0,4.0,0.0,1.0,0.0,0.0,0.0,0.0,1.0,1945.0,2.0,1.0,71.0,3.0,2.0,0.0,0.0,1.0,0.0,0.0,0.0,0.0,0.0,0.0,1.0,0.0,1.0,0.0,5561.0,15975.0,0.0,1.0,0.0,16.0,3.0,4.0,80.0,1.0,6.0,2.0,1.0,5.0,3.0,0.0,4.0,0
50.0,0.0,1.0,0.0,333.0,0.0,1.0,0.0,22.0,5.0,0.0,1.0,0.0,0.0,0.0,0.0,1.0,1539.0,3.0,1.0,88.0,1.0,4.0,0.0,0.0,0.0,0.0,1.0,0.0,0.0,0.0,0.0,4.0,1.0,0.0,0.0,14411.0,24450.0,1.0,1.0,1.0,13.0,3.0,4.0,80.0,0.0,32.0,2.0,3.0,32.0,6.0,13.0,9.0,0
31.0,1.0,0.0,0.0,329.0,0.0,1.0,0.0,1.0,2.0,0.0,0.0,1.0,0.0,0.0,0.0,1.0,530.0,4.0,1.0,98.0,2.0,1.0,0.0,1.0,0.0,0.0,0.0,0.0,0.0,0.0,0.0,1.0,0.0,1.0,0.0,2218.0,16193.0,1.0,1.0,0.0,12.0,3.0,3.0,80.0,1.0,4.0,3.0,3.0,4.0,2.0,3.0,2.0,0
43.0,0.0,1.0,0.0,1082.0,0.0,1.0,0.0,27.0,3.0,0.0,0.0,1.0,0.0,0.0,0.0,1.0,1126.0,3.0,0.0,83.0,3.0,3.0,0.0,0.0,0.0,1.0,0.0,0.0,0.0,0.0,0.0,1.0,0.0,1.0,0.0,10820.0,11535.0,8.0,1.0,0.0,11.0,3.0,3.0,80.0,1.0,18.0,1.0,3.0,8.0,7.0,0.0,1.0,0
25.0,1.0,0.0,0.0,1382.0,1.0,0.0,0.0,8.0,2.0,0.0,0.0,0.0,0.0,0.0,1.0,1.0,2018.0,1.0,0.0,85.0,3.0,2.0,0.0,0.0,1.0,0.0,0.0,0.0,0.0,0.0,0.0,3.0,0.0,0.0,1.0,4907.0,13684.0,0.0,1.0,1.0,22.0,4.0,2.0,80.0,1.0,6.0,3.0,2.0,5.0,3.0,0.0,4.0,0
26.0,1.0,0.0,0.0,1349.0,0.0,1.0,0.0,23.0,3.0,0.0,0.0,1.0,0.0,0.0,0.0,1.0,560.0,1.0,0.0,90.0,3.0,1.0,0.0,0.0,0.0,0.0,0.0,1.0,0.0,0.0,0.0,4.0,0.0,0.0,1.0,2886.0,3032.0,1.0,1.0,0.0,22.0,4.0,2.0,80.0,2.0,3.0,3.0,1.0,3.0,2.0,0.0,2.0,0
23.0,0.0,1.0,0.0,638.0,1.0,0.0,0.0,9.0,3.0,1.0,0.0,0.0,0.0,0.0,0.0,1.0,2023.0,4.0,1.0,33.0,3.0,1.0,0.0,0.0,0.0,0.0,0.0,0.0,0.0,0.0,1.0,1.0,0.0,1.0,0.0,1790.0,26956.0,1.0,1.0,0.0,19.0,3.0,1.0,80.0,1.0,1.0,3.0,2.0,1.0,0.0,1.0,0.0,1
21.0,1.0,0.0,0.0,156.0,1.0,0.0,0.0,12.0,3.0,0.0,0.0,1.0,0.0,0.0,0.0,1.0,494.0,3.0,0.0,90.0,4.0,1.0,0.0,0.0,0.0,0.0,0.0,0.0,0.0,0.0,1.0,2.0,1.0,0.0,0.0,2716.0,25422.0,1.0,1.0,0.0,15.0,3.0,4.0,80.0,0.0,1.0,0.0,3.0,1.0,0.0,0.0,0.0,1
39.0,0.0,0.0,1.0,1251.0,1.0,0.0,0.0,21.0,4.0,0.0,0.0,1.0,0.0,0.0,0.0,1.0,1929.0,1.0,0.0,32.0,1.0,2.0,0.0,0.0,1.0,0.0,0.0,0.0,0.0,0.0,0.0,3.0,0.0,1.0,0.0,5736.0,3987.0,6.0,1.0,0.0,19.0,3.0,3.0,80.0,1.0,10.0,1.0,3.0,3.0,2.0,1.0,2.0,0
29.0,1.0,0.0,0.0,694.0,0.0,1.0,0.0,1.0,3.0,0.0,0.0,1.0,0.0,0.0,0.0,1.0,1264.0,4.0,0.0,87.0,2.0,4.0,0.0,0.0,0.0,0.0,1.0,0.0,0.0,0.0,0.0,4.0,0.0,0.0,1.0,16124.0,3423.0,3.0,1.0,0.0,14.0,3.0,2.0,80.0,2.0,9.0,2.0,2.0,7.0,7.0,1.0,7.0,0
47.0,1.0,0.0,0.0,359.0,0.0,1.0,0.0,2.0,4.0,0.0,1.0,0.0,0.0,0.0,0.0,1.0,1443.0,1.0,0.0,82.0,3.0,4.0,0.0,0.0,0.0,0.0,1.0,0.0,0.0,0.0,0.0,3.0,0.0,1.0,0.0,17169.0,26703.0,3.0,1.0,0.0,19.0,3.0,2.0,80.0,2.0,26.0,2.0,4.0,20.0,17.0,5.0,6.0,0
31.0,1.0,0.0,0.0,1232.0,0.0,1.0,0.0,7.0,4.0,0.0,1.0,0.0,0.0,0.0,0.0,1.0,462.0,3.0,0.0,39.0,3.0,3.0,0.0,0.0,0.0,1.0,0.0,0.0,0.0,0.0,0.0,4.0,1.0,0.0,0.0,7143.0,25713.0,1.0,1.0,1.0,14.0,3.0,3.0,80.0,0.0,11.0,2.0,2.0,11.0,9.0,4.0,10.0,0
37.0,1.0,0.0,0.0,290.0,0.0,1.0,0.0,21.0,3.0,0.0,0.0,1.0,0.0,0.0,0.0,1.0,267.0,2.0,1.0,65.0,4.0,1.0,0.0,0.0,0.0,0.0,0.0,1.0,0.0,0.0,0.0,1.0,0.0,1.0,0.0,3564.0,22977.0,1.0,1.0,1.0,12.0,3.0,1.0,80.0,1.0,8.0,3.0,2.0,8.0,7.0,1.0,7.0,0
35.0,0.0,1.0,0.0,130.0,0.0,1.0,0.0,25.0,4.0,0.0,0.0,1.0,0.0,0.0,0.0,1.0,881.0,4.0,0.0,96.0,3.0,1.0,0.0,0.0,0.0,0.0,0.0,1.0,0.0,0.0,0.0,2.0,0.0,0.0,1.0,2022.0,16612.0,1.0,1.0,1.0,19.0,3.0,1.0,80.0,1.0,10.0,3.0,2.0,10.0,2.0,7.0,8.0,1
36.0,1.0,0.0,0.0,1223.0,0.0,1.0,0.0,8.0,3.0,0.0,0.0,0.0,0.0,1.0,0.0,1.0,83.0,3.0,0.0,59.0,3.0,3.0,0.0,0.0,0.0,0.0,0.0,0.0,0.0,1.0,0.0,3.0,0.0,0.0,1.0,10096.0,8202.0,1.0,1.0,0.0,13.0,3.0,2.0,80.0,3.0,17.0,2.0,3.0,17.0,14.0,12.0,8.0,0
44.0,0.0,1.0,0.0,602.0,0.0,0.0,1.0,1.0,5.0,0.0,0.0,0.0,1.0,0.0,0.0,1.0,1642.0,1.0,1.0,37.0,3.0,2.0,0.0,0.0,0.0,0.0,0.0,0.0,1.0,0.0,0.0,4.0,0.0,1.0,0.0,5743.0,10503.0,4.0,1.0,1.0,11.0,3.0,3.0,80.0,0.0,14.0,3.0,3.0,10.0,7.0,0.0,2.0,0
32.0,0.0,0.0,1.0,300.0,0.0,1.0,0.0,1.0,3.0,0.0,0.0,1.0,0.0,0.0,0.0,1.0,882.0,4.0,1.0,61.0,3.0,1.0,0.0,1.0,0.0,0.0,0.0,0.0,0.0,0.0,0.0,4.0,0.0,0.0,1.0,2314.0,9148.0,0.0,1.0,0.0,12.0,3.0,2.0,80.0,1.0,4.0,2.0,3.0,3.0,0.0,0.0,2.0,0
29.0,0.0,1.0,0.0,1413.0,1.0,0.0,0.0,1.0,1.0,0.0,1.0,0.0,0.0,0.0,0.0,1.0,312.0,2.0,0.0,42.0,3.0,3.0,0.0,0.0,1.0,0.0,0.0,0.0,0.0,0.0,0.0,4.0,0.0,1.0,0.0,7918.0,6599.0,1.0,1.0,0.0,14.0,3.0,4.0,80.0,1.0,11.0,5.0,3.0,11.0,10.0,4.0,1.0,0
26.0,1.0,0.0,0.0,1357.0,0.0,1.0,0.0,25.0,3.0,0.0,0.0,1.0,0.0,0.0,0.0,1.0,55.0,1.0,1.0,48.0,1.0,1.0,0.0,1.0,0.0,0.0,0.0,0.0,0.0,0.0,0.0,3.0,1.0,0.0,0.0,2293.0,10558.0,1.0,1.0,0.0,12.0,3.0,3.0,80.0,0.0,1.0,2.0,2.0,1.0,0.0,0.0,1.0,1
38.0,1.0,0.0,0.0,1333.0,0.0,1.0,0.0,1.0,3.0,0.0,0.0,0.0,0.0,1.0,0.0,1.0,950.0,4.0,0.0,80.0,3.0,3.0,0.0,0.0,0.0,0.0,1.0,0.0,0.0,0.0,0.0,1.0,0.0,1.0,0.0,13582.0,16292.0,1.0,1.0,0.0,13.0,3.0,2.0,80.0,1.0,15.0,3.0,3.0,15.0,12.0,5.0,11.0,0
33.0,1.0,0.0,0.0,392.0,1.0,0.0,0.0,2.0,4.0,0.0,1.0,0.0,0.0,0.0,0.0,1.0,1670.0,4.0,1.0,93.0,3.0,2.0,0.0,0.0,1.0,0.0,0.0,0.0,0.0,0.0,0.0,4.0,0.0,0.0,1.0,5505.0,3921.0,1.0,1.0,0.0,14.0,3.0,3.0,80.0,2.0,6.0,5.0,3.0,6.0,2.0,0.0,4.0,0
52.0,1.0,0.0,0.0,1323.0,0.0,1.0,0.0,2.0,3.0,0.0,0.0,1.0,0.0,0.0,0.0,1.0,316.0,3.0,0.0,89.0,2.0,1.0,0.0,1.0,0.0,0.0,0.0,0.0,0.0,0.0,0.0,4.0,1.0,0.0,0.0,3212.0,3300.0,7.0,1.0,0.0,15.0,3.0,2.0,80.0,0.0,6.0,3.0,2.0,2.0,2.0,2.0,2.0,0
28.0,1.0,0.0,0.0,1179.0,0.0,1.0,0.0,19.0,4.0,0.0,1.0,0.0,0.0,0.0,0.0,1.0,1216.0,4.0,1.0,78.0,2.0,1.0,0.0,1.0,0.0,0.0,0.0,0.0,0.0,0.0,0.0,1.0,0.0,1.0,0.0,3196.0,12449.0,1.0,1.0,0.0,12.0,3.0,3.0,80.0,3.0,6.0,2.0,3.0,6.0,5.0,3.0,3.0,0
31.0,1.0,0.0,0.0,1079.0,1.0,0.0,0.0,10.0,2.0,0.0,1.0,0.0,0.0,0.0,0.0,1.0,1912.0,3.0,0.0,86.0,3.0,2.0,0.0,0.0,1.0,0.0,0.0,0.0,0.0,0.0,0.0,4.0,0.0,0.0,1.0,6583.0,20115.0,2.0,1.0,1.0,11.0,3.0,4.0,80.0,1.0,8.0,2.0,3.0,5.0,2.0,1.0,4.0,0
41.0,0.0,1.0,0.0,1018.0,1.0,0.0,0.0,1.0,3.0,1.0,0.0,0.0,0.0,0.0,0.0,1.0,1349.0,3.0,0.0,66.0,3.0,2.0,0.0,0.0,1.0,0.0,0.0,0.0,0.0,0.0,0.0,1.0,0.0,0.0,1.0,4103.0,4297.0,0.0,1.0,0.0,17.0,3.0,4.0,80.0,1.0,10.0,2.0,3.0,9.0,3.0,1.0,7.0,0
37.0,1.0,0.0,0.0,799.0,0.0,1.0,0.0,1.0,3.0,0.0,0.0,0.0,0.0,1.0,0.0,1.0,623.0,2.0,0.0,59.0,3.0,3.0,0.0,0.0,0.0,1.0,0.0,0.0,0.0,0.0,0.0,4.0,1.0,0.0,0.0,7491.0,23848.0,4.0,1.0,0.0,17.0,3.0,4.0,80.0,0.0,12.0,3.0,4.0,6.0,5.0,1.0,2.0,0
37.0,1.0,0.0,0.0,124.0,0.0,1.0,0.0,3.0,3.0,0.0,0.0,0.0,0.0,0.0,1.0,1.0,1062.0,4.0,0.0,35.0,3.0,2.0,0.0,0.0,0.0,0.0,0.0,0.0,0.0,1.0,0.0,2.0,1.0,0.0,0.0,4107.0,13848.0,3.0,1.0,0.0,15.0,3.0,1.0,80.0,0.0,8.0,3.0,2.0,4.0,3.0,0.0,1.0,0
27.0,0.0,1.0,0.0,591.0,0.0,1.0,0.0,2.0,3.0,0.0,1.0,0.0,0.0,0.0,0.0,1.0,1648.0,4.0,1.0,87.0,3.0,1.0,0.0,0.0,0.0,0.0,0.0,1.0,0.0,0.0,0.0,4.0,1.0,0.0,0.0,2580.0,6297.0,2.0,1.0,0.0,13.0,3.0,3.0,80.0,0.0,6.0,0.0,2.0,4.0,2.0,1.0,2.0,0
56.0,1.0,0.0,0.0,1443.0,1.0,0.0,0.0,11.0,5.0,1.0,0.0,0.0,0.0,0.0,0.0,1.0,1935.0,4.0,0.0,89.0,2.0,2.0,0.0,0.0,1.0,0.0,0.0,0.0,0.0,0.0,0.0,1.0,0.0,1.0,0.0,5380.0,20328.0,4.0,1.0,0.0,16.0,3.0,3.0,80.0,1.0,6.0,3.0,3.0,0.0,0.0,0.0,0.0,0
31.0,0.0,0.0,1.0,1188.0,1.0,0.0,0.0,20.0,2.0,1.0,0.0,0.0,0.0,0.0,0.0,1.0,947.0,4.0,0.0,45.0,3.0,2.0,0.0,0.0,1.0,0.0,0.0,0.0,0.0,0.0,0.0,3.0,0.0,1.0,0.0,6932.0,24406.0,1.0,1.0,0.0,13.0,3.0,4.0,80.0,1.0,9.0,2.0,2.0,9.0,8.0,0.0,0.0,0
32.0,0.0,1.0,0.0,116.0,0.0,1.0,0.0,13.0,3.0,0.0,0.0,0.0,0.0,0.0,1.0,1.0,1234.0,3.0,0.0,77.0,2.0,1.0,0.0,1.0,0.0,0.0,0.0,0.0,0.0,0.0,0.0,2.0,0.0,1.0,0.0,2743.0,7331.0,1.0,1.0,0.0,20.0,4.0,3.0,80.0,1.0,2.0,2.0,3.0,2.0,2.0,2.0,2.0,0
31.0,1.0,0.0,0.0,1463.0,0.0,1.0,0.0,23.0,3.0,0.0,1.0,0.0,0.0,0.0,0.0,1.0,367.0,2.0,1.0,64.0,2.0,2.0,0.0,0.0,0.0,0.0,0.0,0.0,0.0,1.0,0.0,4.0,0.0,1.0,0.0,5582.0,14408.0,0.0,1.0,0.0,21.0,4.0,2.0,80.0,1.0,10.0,2.0,3.0,9.0,0.0,7.0,8.0,0
28.0,1.0,0.0,0.0,1475.0,1.0,0.0,0.0,13.0,2.0,1.0,0.0,0.0,0.0,0.0,0.0,1.0,1933.0,4.0,0.0,84.0,3.0,2.0,0.0,0.0,1.0,0.0,0.0,0.0,0.0,0.0,0.0,3.0,1.0,0.0,0.0,9854.0,23352.0,3.0,1.0,1.0,11.0,3.0,4.0,80.0,0.0,6.0,0.0,3.0,2.0,0.0,2.0,2.0,1
38.0,1.0,0.0,0.0,437.0,1.0,0.0,0.0,16.0,3.0,0.0,0.0,1.0,0.0,0.0,0.0,1.0,1583.0,2.0,0.0,90.0,3.0,2.0,0.0,0.0,1.0,0.0,0.0,0.0,0.0,0.0,0.0,2.0,1.0,0.0,0.0,4198.0,16379.0,2.0,1.0,0.0,12.0,3.0,2.0,80.0,0.0,8.0,5.0,4.0,3.0,2.0,1.0,2.0,0
35.0,0.0,0.0,1.0,727.0,0.0,1.0,0.0,3.0,3.0,0.0,0.0,1.0,0.0,0.0,0.0,1.0,704.0,3.0,1.0,41.0,2.0,1.0,0.0,1.0,0.0,0.0,0.0,0.0,0.0,0.0,0.0,3.0,0.0,1.0,0.0,1281.0,16900.0,1.0,1.0,0.0,18.0,3.0,3.0,80.0,2.0,1.0,3.0,3.0,1.0,0.0,0.0,0.0,0
55.0,0.0,0.0,1.0,177.0,0.0,1.0,0.0,8.0,1.0,0.0,1.0,0.0,0.0,0.0,0.0,1.0,1278.0,4.0,1.0,37.0,2.0,4.0,0.0,0.0,0.0,0.0,0.0,0.0,0.0,1.0,0.0,2.0,0.0,0.0,1.0,13577.0,25592.0,1.0,1.0,1.0,15.0,3.0,4.0,80.0,1.0,34.0,3.0,3.0,33.0,9.0,15.0,0.0,0
41.0,0.0,1.0,0.0,840.0,0.0,1.0,0.0,9.0,3.0,0.0,1.0,0.0,0.0,0.0,0.0,1.0,999.0,1.0,1.0,64.0,3.0,5.0,0.0,0.0,0.0,0.0,1.0,0.0,0.0,0.0,0.0,3.0,0.0,0.0,1.0,19419.0,3735.0,2.0,1.0,0.0,17.0,3.0,2.0,80.0,1.0,21.0,2.0,4.0,18.0,16.0,0.0,11.0,0
47.0,1.0,0.0,0.0,571.0,1.0,0.0,0.0,14.0,3.0,0.0,1.0,0.0,0.0,0.0,0.0,1.0,1503.0,3.0,0.0,78.0,3.0,2.0,0.0,0.0,1.0,0.0,0.0,0.0,0.0,0.0,0.0,3.0,0.0,1.0,0.0,4591.0,24200.0,3.0,1.0,1.0,17.0,3.0,3.0,80.0,1.0,11.0,4.0,2.0,5.0,4.0,1.0,2.0,0
36.0,1.0,0.0,0.0,172.0,0.0,1.0,0.0,4.0,4.0,0.0,0.0,1.0,0.0,0.0,0.0,1.0,1435.0,1.0,1.0,37.0,2.0,2.0,0.0,1.0,0.0,0.0,0.0,0.0,0.0,0.0,0.0,4.0,1.0,0.0,0.0,5810.0,22604.0,1.0,1.0,0.0,16.0,3.0,3.0,80.0,0.0,10.0,2.0,2.0,10.0,4.0,1.0,8.0,0
31.0,0.0,0.0,1.0,325.0,0.0,1.0,0.0,5.0,3.0,0.0,1.0,0.0,0.0,0.0,0.0,1.0,2057.0,2.0,1.0,74.0,3.0,2.0,0.0,0.0,0.0,1.0,0.0,0.0,0.0,0.0,0.0,1.0,1.0,0.0,0.0,9936.0,3787.0,0.0,1.0,0.0,19.0,3.0,2.0,80.0,0.0,10.0,2.0,3.0,9.0,4.0,1.0,7.0,0
34.0,1.0,0.0,0.0,304.0,1.0,0.0,0.0,2.0,3.0,0.0,0.0,0.0,0.0,0.0,1.0,1.0,786.0,4.0,1.0,60.0,3.0,2.0,0.0,0.0,1.0,0.0,0.0,0.0,0.0,0.0,0.0,4.0,1.0,0.0,0.0,6274.0,18686.0,1.0,1.0,0.0,22.0,4.0,3.0,80.0,0.0,6.0,5.0,3.0,6.0,5.0,1.0,4.0,0
37.0,1.0,0.0,0.0,1372.0,0.0,1.0,0.0,1.0,3.0,0.0,0.0,1.0,0.0,0.0,0.0,1.0,391.0,4.0,0.0,42.0,3.0,1.0,0.0,0.0,0.0,0.0,0.0,1.0,0.0,0.0,0.0,4.0,1.0,0.0,0.0,2115.0,15881.0,1.0,1.0,0.0,12.0,3.0,2.0,80.0,0.0,17.0,3.0,3.0,17.0,12.0,5.0,7.0,0
40.0,1.0,0.0,0.0,1416.0,0.0,1.0,0.0,2.0,2.0,0.0,1.0,0.0,0.0,0.0,0.0,1.0,352.0,1.0,1.0,49.0,3.0,5.0,0.0,0.0,0.0,0.0,1.0,0.0,0.0,0.0,0.0,3.0,0.0,0.0,1.0,19436.0,5949.0,0.0,1.0,0.0,19.0,3.0,4.0,80.0,1.0,22.0,5.0,3.0,21.0,7.0,3.0,9.0,0
40.0,0.0,1.0,0.0,791.0,0.0,1.0,0.0,2.0,2.0,0.0,1.0,0.0,0.0,0.0,0.0,1.0,807.0,3.0,0.0,38.0,4.0,2.0,0.0,0.0,0.0,0.0,0.0,0.0,0.0,1.0,0.0,2.0,0.0,1.0,0.0,4244.0,9931.0,1.0,1.0,0.0,24.0,4.0,4.0,80.0,1.0,8.0,2.0,3.0,8.0,7.0,3.0,7.0,0
28.0,1.0,0.0,0.0,736.0,1.0,0.0,0.0,26.0,3.0,0.0,0.0,1.0,0.0,0.0,0.0,1.0,1387.0,3.0,1.0,48.0,2.0,2.0,0.0,0.0,1.0,0.0,0.0,0.0,0.0,0.0,0.0,1.0,0.0,1.0,0.0,4724.0,24232.0,1.0,1.0,0.0,11.0,3.0,3.0,80.0,1.0,5.0,0.0,3.0,5.0,3.0,0.0,4.0,0
31.0,1.0,0.0,0.0,106.0,0.0,0.0,1.0,2.0,3.0,0.0,0.0,0.0,1.0,0.0,0.0,1.0,424.0,1.0,1.0,62.0,2.0,2.0,0.0,0.0,0.0,0.0,0.0,0.0,1.0,0.0,0.0,1.0,0.0,1.0,0.0,6410.0,17822.0,3.0,1.0,0.0,12.0,3.0,4.0,80.0,0.0,9.0,1.0,3.0,2.0,2.0,1.0,0.0,0
29.0,1.0,0.0,0.0,665.0,0.0,1.0,0.0,15.0,3.0,0.0,0.0,1.0,0.0,0.0,0.0,1.0,346.0,3.0,1.0,60.0,3.0,1.0,0.0,0.0,0.0,0.0,0.0,1.0,0.0,0.0,0.0,4.0,1.0,0.0,0.0,2340.0,22673.0,1.0,1.0,0.0,19.0,3.0,1.0,80.0,0.0,6.0,1.0,3.0,6.0,5.0,1.0,5.0,0
29.0,1.0,0.0,0.0,341.0,1.0,0.0,0.0,1.0,3.0,0.0,1.0,0.0,0.0,0.0,0.0,1.0,896.0,2.0,0.0,48.0,2.0,1.0,0.0,0.0,0.0,0.0,0.0,0.0,0.0,0.0,1.0,3.0,0.0,0.0,1.0,2800.0,23522.0,6.0,1.0,1.0,19.0,3.0,3.0,80.0,3.0,5.0,3.0,3.0,3.0,2.0,0.0,2.0,1
32.0,0.0,0.0,1.0,1200.0,0.0,1.0,0.0,1.0,4.0,0.0,0.0,0.0,0.0,1.0,0.0,1.0,1574.0,4.0,1.0,62.0,3.0,2.0,0.0,0.0,0.0,0.0,0.0,1.0,0.0,0.0,0.0,1.0,0.0,1.0,0.0,4087.0,25174.0,4.0,1.0,0.0,14.0,3.0,2.0,80.0,1.0,9.0,3.0,2.0,6.0,5.0,1.0,2.0,0
23.0,1.0,0.0,0.0,977.0,0.0,1.0,0.0,10.0,3.0,0.0,0.0,0.0,0.0,1.0,0.0,1.0,1592.0,4.0,1.0,45.0,4.0,1.0,0.0,0.0,0.0,0.0,0.0,1.0,0.0,0.0,0.0,3.0,0.0,1.0,0.0,2073.0,12826.0,2.0,1.0,0.0,16.0,3.0,4.0,80.0,1.0,4.0,2.0,3.0,2.0,2.0,2.0,2.0,0
22.0,0.0,1.0,0.0,1368.0,0.0,1.0,0.0,4.0,1.0,0.0,0.0,0.0,0.0,1.0,0.0,1.0,593.0,3.0,1.0,99.0,2.0,1.0,0.0,1.0,0.0,0.0,0.0,0.0,0.0,0.0,0.0,3.0,1.0,0.0,0.0,3894.0,9129.0,5.0,1.0,0.0,16.0,3.0,3.0,80.0,0.0,4.0,3.0,3.0,2.0,2.0,1.0,2.0,1
21.0,1.0,0.0,0.0,501.0,1.0,0.0,0.0,5.0,1.0,0.0,1.0,0.0,0.0,0.0,0.0,1.0,2021.0,3.0,1.0,58.0,3.0,1.0,0.0,0.0,0.0,0.0,0.0,0.0,0.0,0.0,1.0,1.0,1.0,0.0,0.0,2380.0,25479.0,1.0,1.0,1.0,11.0,3.0,4.0,80.0,0.0,2.0,6.0,3.0,2.0,2.0,1.0,2.0,0
50.0,0.0,0.0,1.0,145.0,1.0,0.0,0.0,1.0,3.0,0.0,0.0,1.0,0.0,0.0,0.0,1.0,1040.0,4.0,0.0,95.0,3.0,2.0,0.0,0.0,1.0,0.0,0.0,0.0,0.0,0.0,0.0,3.0,0.0,1.0,0.0,6347.0,24920.0,0.0,1.0,0.0,12.0,3.0,1.0,80.0,1.0,19.0,3.0,3.0,18.0,7.0,0.0,13.0,0
41.0,1.0,0.0,0.0,447.0,0.0,1.0,0.0,5.0,3.0,0.0,0.0,1.0,0.0,0.0,0.0,1.0,1814.0,2.0,1.0,85.0,4.0,2.0,0.0,0.0,0.0,0.0,0.0,0.0,0.0,1.0,0.0,2.0,1.0,0.0,0.0,6870.0,15530.0,3.0,1.0,0.0,12.0,3.0,1.0,80.0,0.0,11.0,3.0,1.0,3.0,2.0,1.0,2.0,0
29.0,1.0,0.0,0.0,1247.0,1.0,0.0,0.0,20.0,2.0,1.0,0.0,0.0,0.0,0.0,0.0,1.0,349.0,4.0,1.0,45.0,3.0,2.0,0.0,0.0,1.0,0.0,0.0,0.0,0.0,0.0,0.0,4.0,0.0,0.0,1.0,6931.0,10732.0,2.0,1.0,0.0,14.0,3.0,4.0,80.0,1.0,10.0,2.0,3.0,3.0,2.0,0.0,2.0,0
32.0,1.0,0.0,0.0,128.0,0.0,1.0,0.0,2.0,1.0,0.0,0.0,0.0,0.0,1.0,0.0,1.0,362.0,4.0,1.0,84.0,2.0,2.0,0.0,1.0,0.0,0.0,0.0,0.0,0.0,0.0,0.0,1.0,1.0,0.0,0.0,2176.0,19737.0,4.0,1.0,0.0,13.0,3.0,4.0,80.0,0.0,9.0,5.0,3.0,6.0,2.0,0.0,4.0,0
27.0,1.0,0.0,0.0,1134.0,0.0,1.0,0.0,16.0,4.0,0.0,0.0,0.0,0.0,1.0,0.0,1.0,1001.0,3.0,0.0,37.0,3.0,1.0,0.0,1.0,0.0,0.0,0.0,0.0,0.0,0.0,0.0,2.0,0.0,1.0,0.0,2811.0,12086.0,9.0,1.0,0.0,14.0,3.0,2.0,80.0,1.0,4.0,2.0,3.0,2.0,2.0,2.0,2.0,0
39.0,0.0,1.0,0.0,203.0,0.0,1.0,0.0,2.0,3.0,0.0,0.0,1.0,0.0,0.0,0.0,1.0,1127.0,1.0,1.0,84.0,3.0,4.0,0.0,0.0,0.0,0.0,0.0,0.0,0.0,1.0,0.0,4.0,0.0,0.0,1.0,12169.0,13547.0,7.0,1.0,0.0,11.0,3.0,4.0,80.0,3.0,21.0,4.0,3.0,18.0,7.0,11.0,5.0,1
32.0,1.0,0.0,0.0,498.0,0.0,1.0,0.0,3.0,4.0,0.0,1.0,0.0,0.0,0.0,0.0,1.0,966.0,3.0,0.0,93.0,3.0,2.0,0.0,0.0,0.0,1.0,0.0,0.0,0.0,0.0,0.0,1.0,0.0,1.0,0.0,6725.0,13554.0,1.0,1.0,0.0,12.0,3.0,3.0,80.0,1.0,8.0,2.0,4.0,8.0,7.0,6.0,3.0,0
26.0,1.0,0.0,0.0,703.0,1.0,0.0,0.0,28.0,2.0,1.0,0.0,0.0,0.0,0.0,0.0,1.0,641.0,1.0,1.0,66.0,3.0,2.0,0.0,0.0,1.0,0.0,0.0,0.0,0.0,0.0,0.0,2.0,0.0,1.0,0.0,6272.0,7428.0,1.0,1.0,0.0,20.0,4.0,4.0,80.0,2.0,6.0,5.0,4.0,5.0,3.0,1.0,4.0,0
56.0,1.0,0.0,0.0,310.0,0.0,1.0,0.0,7.0,2.0,0.0,0.0,0.0,0.0,1.0,0.0,1.0,2032.0,4.0,1.0,72.0,3.0,1.0,0.0,1.0,0.0,0.0,0.0,0.0,0.0,0.0,0.0,3.0,0.0,1.0,0.0,2339.0,3666.0,8.0,1.0,0.0,11.0,3.0,4.0,80.0,1.0,14.0,4.0,1.0,10.0,9.0,9.0,8.0,1
45.0,0.0,1.0,0.0,364.0,0.0,1.0,0.0,25.0,3.0,0.0,1.0,0.0,0.0,0.0,0.0,1.0,1306.0,2.0,0.0,83.0,3.0,5.0,1.0,0.0,0.0,0.0,0.0,0.0,0.0,0.0,0.0,2.0,1.0,0.0,0.0,18061.0,13035.0,3.0,1.0,0.0,22.0,4.0,3.0,80.0,0.0,22.0,4.0,3.0,0.0,0.0,0.0,0.0,0
31.0,1.0,0.0,0.0,828.0,1.0,0.0,0.0,2.0,1.0,0.0,0.0,1.0,0.0,0.0,0.0,1.0,604.0,2.0,1.0,77.0,3.0,2.0,0.0,0.0,1.0,0.0,0.0,0.0,0.0,0.0,0.0,4.0,1.0,0.0,0.0,6582.0,8346.0,4.0,1.0,1.0,13.0,3.0,3.0,80.0,0.0,10.0,2.0,4.0,6.0,5.0,0.0,5.0,0
32.0,1.0,0.0,0.0,371.0,1.0,0.0,0.0,19.0,3.0,0.0,0.0,1.0,0.0,0.0,0.0,1.0,1739.0,4.0,1.0,80.0,1.0,3.0,0.0,0.0,1.0,0.0,0.0,0.0,0.0,0.0,0.0,3.0,0.0,1.0,0.0,9610.0,3840.0,3.0,1.0,0.0,13.0,3.0,3.0,80.0,1.0,10.0,2.0,1.0,4.0,3.0,0.0,2.0,0
32.0,1.0,0.0,0.0,1089.0,0.0,1.0,0.0,7.0,2.0,0.0,0.0,1.0,0.0,0.0,0.0,1.0,1309.0,4.0,1.0,79.0,3.0,2.0,0.0,1.0,0.0,0.0,0.0,0.0,0.0,0.0,0.0,3.0,0.0,1.0,0.0,4883.0,22845.0,1.0,1.0,0.0,18.0,3.0,1.0,80.0,1.0,10.0,3.0,3.0,10.0,4.0,1.0,1.0,1
35.0,0.0,1.0,0.0,1199.0,0.0,1.0,0.0,18.0,4.0,0.0,0.0,1.0,0.0,0.0,0.0,1.0,2049.0,3.0,1.0,80.0,3.0,2.0,0.0,0.0,0.0,0.0,0.0,0.0,0.0,1.0,0.0,3.0,0.0,1.0,0.0,5689.0,24594.0,1.0,1.0,1.0,14.0,3.0,4.0,80.0,2.0,10.0,2.0,4.0,10.0,2.0,0.0,2.0,0
43.0,1.0,0.0,0.0,982.0,0.0,1.0,0.0,12.0,3.0,0.0,0.0,1.0,0.0,0.0,0.0,1.0,520.0,1.0,1.0,59.0,2.0,4.0,0.0,0.0,0.0,0.0,1.0,0.0,0.0,0.0,0.0,2.0,0.0,0.0,1.0,14336.0,4345.0,1.0,1.0,0.0,11.0,3.0,3.0,80.0,1.0,25.0,3.0,3.0,25.0,10.0,3.0,9.0,0
33.0,1.0,0.0,0.0,1277.0,0.0,1.0,0.0,15.0,1.0,0.0,1.0,0.0,0.0,0.0,0.0,1.0,582.0,2.0,1.0,56.0,3.0,3.0,1.0,0.0,0.0,0.0,0.0,0.0,0.0,0.0,0.0,3.0,0.0,1.0,0.0,13610.0,24619.0,7.0,1.0,1.0,12.0,3.0,4.0,80.0,0.0,15.0,2.0,4.0,7.0,6.0,7.0,7.0,1
54.0,1.0,0.0,0.0,685.0,0.0,1.0,0.0,3.0,3.0,0.0,0.0,1.0,0.0,0.0,0.0,1.0,1250.0,4.0,1.0,85.0,3.0,4.0,0.0,0.0,0.0,0.0,1.0,0.0,0.0,0.0,0.0,4.0,0.0,1.0,0.0,17779.0,23474.0,3.0,1.0,0.0,14.0,3.0,1.0,80.0,0.0,36.0,2.0,3.0,10.0,9.0,0.0,9.0,0
35.0,1.0,0.0,0.0,583.0,0.0,1.0,0.0,25.0,4.0,0.0,1.0,0.0,0.0,0.0,0.0,1.0,1014.0,3.0,0.0,57.0,3.0,3.0,0.0,0.0,0.0,0.0,0.0,0.0,0.0,1.0,0.0,3.0,0.0,0.0,1.0,10388.0,6975.0,1.0,1.0,1.0,11.0,3.0,3.0,80.0,1.0,16.0,3.0,2.0,16.0,10.0,10.0,1.0,0
27.0,1.0,0.0,0.0,1377.0,0.0,1.0,0.0,11.0,1.0,0.0,0.0,1.0,0.0,0.0,0.0,1.0,1434.0,2.0,1.0,91.0,3.0,1.0,0.0,1.0,0.0,0.0,0.0,0.0,0.0,0.0,0.0,1.0,0.0,1.0,0.0,2099.0,7679.0,0.0,1.0,0.0,14.0,3.0,2.0,80.0,0.0,6.0,3.0,4.0,5.0,0.0,1.0,4.0,0
30.0,1.0,0.0,0.0,1005.0,0.0,1.0,0.0,3.0,3.0,0.0,0.0,0.0,0.0,1.0,0.0,1.0,297.0,4.0,0.0,88.0,3.0,1.0,0.0,0.0,0.0,0.0,0.0,1.0,0.0,0.0,0.0,1.0,1.0,0.0,0.0,2657.0,8556.0,5.0,1.0,1.0,11.0,3.0,3.0,80.0,0.0,8.0,5.0,3.0,5.0,2.0,0.0,4.0,1
32.0,1.0,0.0,0.0,646.0,0.0,1.0,0.0,9.0,4.0,0.0,0.0,1.0,0.0,0.0,0.0,1.0,679.0,1.0,0.0,92.0,3.0,2.0,0.0,0.0,0.0,0.0,0.0,1.0,0.0,0.0,0.0,4.0,0.0,1.0,0.0,6322.0,18089.0,1.0,1.0,1.0,12.0,3.0,4.0,80.0,1.0,6.0,2.0,2.0,6.0,4.0,0.0,5.0,0
27.0,1.0,0.0,0.0,1167.0,0.0,1.0,0.0,4.0,2.0,0.0,0.0,1.0,0.0,0.0,0.0,1.0,1259.0,1.0,1.0,76.0,3.0,1.0,0.0,0.0,0.0,0.0,0.0,1.0,0.0,0.0,0.0,3.0,0.0,0.0,1.0,2517.0,3208.0,1.0,1.0,0.0,11.0,3.0,2.0,80.0,3.0,5.0,2.0,3.0,5.0,3.0,0.0,3.0,0
32.0,0.0,1.0,0.0,430.0,0.0,1.0,0.0,24.0,4.0,0.0,0.0,1.0,0.0,0.0,0.0,1.0,772.0,1.0,1.0,80.0,3.0,2.0,0.0,1.0,0.0,0.0,0.0,0.0,0.0,0.0,0.0,4.0,0.0,1.0,0.0,5309.0,21146.0,1.0,1.0,0.0,15.0,3.0,4.0,80.0,2.0,10.0,2.0,3.0,10.0,8.0,4.0,7.0,0
31.0,0.0,0.0,1.0,976.0,0.0,1.0,0.0,3.0,2.0,0.0,1.0,0.0,0.0,0.0,0.0,1.0,1948.0,3.0,1.0,48.0,3.0,1.0,0.0,0.0,0.0,0.0,0.0,1.0,0.0,0.0,0.0,1.0,0.0,0.0,1.0,3065.0,3995.0,1.0,1.0,1.0,13.0,3.0,4.0,80.0,1.0,4.0,3.0,4.0,4.0,2.0,2.0,3.0,0
51.0,1.0,0.0,0.0,432.0,0.0,1.0,0.0,9.0,4.0,0.0,0.0,1.0,0.0,0.0,0.0,1.0,116.0,4.0,1.0,96.0,3.0,1.0,0.0,1.0,0.0,0.0,0.0,0.0,0.0,0.0,0.0,4.0,0.0,1.0,0.0,2075.0,18725.0,3.0,1.0,0.0,23.0,4.0,2.0,80.0,2.0,10.0,4.0,3.0,4.0,2.0,0.0,3.0,0
24.0,0.0,0.0,1.0,673.0,0.0,1.0,0.0,11.0,2.0,0.0,0.0,0.0,0.0,0.0,1.0,1.0,26.0,1.0,0.0,96.0,4.0,2.0,0.0,0.0,0.0,1.0,0.0,0.0,0.0,0.0,0.0,3.0,0.0,0.0,1.0,4011.0,8232.0,0.0,1.0,0.0,18.0,3.0,4.0,80.0,1.0,5.0,5.0,2.0,4.0,2.0,1.0,3.0,0
52.0,1.0,0.0,0.0,1053.0,0.0,1.0,0.0,1.0,2.0,0.0,0.0,1.0,0.0,0.0,0.0,1.0,976.0,4.0,1.0,70.0,3.0,4.0,1.0,0.0,0.0,0.0,0.0,0.0,0.0,0.0,0.0,4.0,0.0,1.0,0.0,17099.0,13829.0,2.0,1.0,0.0,15.0,3.0,2.0,80.0,1.0,26.0,2.0,2.0,9.0,8.0,7.0,8.0,0
31.0,1.0,0.0,0.0,1079.0,1.0,0.0,0.0,16.0,4.0,1.0,0.0,0.0,0.0,0.0,0.0,1.0,1761.0,1.0,1.0,70.0,3.0,3.0,0.0,0.0,1.0,0.0,0.0,0.0,0.0,0.0,0.0,3.0,0.0,1.0,0.0,8161.0,19002.0,2.0,1.0,0.0,13.0,3.0,1.0,80.0,3.0,10.0,2.0,3.0,1.0,0.0,0.0,0.0,1
38.0,0.0,1.0,0.0,1189.0,0.0,1.0,0.0,1.0,3.0,0.0,0.0,1.0,0.0,0.0,0.0,1.0,1668.0,4.0,1.0,90.0,3.0,2.0,0.0,0.0,0.0,0.0,0.0,1.0,0.0,0.0,0.0,4.0,0.0,1.0,0.0,4735.0,9867.0,7.0,1.0,0.0,15.0,3.0,4.0,80.0,2.0,19.0,4.0,4.0,13.0,11.0,2.0,9.0,0
39.0,0.0,1.0,0.0,1218.0,0.0,1.0,0.0,1.0,1.0,0.0,0.0,1.0,0.0,0.0,0.0,1.0,531.0,2.0,1.0,52.0,3.0,5.0,1.0,0.0,0.0,0.0,0.0,0.0,0.0,0.0,0.0,3.0,0.0,0.0,1.0,19197.0,8213.0,1.0,1.0,1.0,14.0,3.0,3.0,80.0,1.0,21.0,3.0,3.0,21.0,8.0,1.0,6.0,0
33.0,1.0,0.0,0.0,211.0,1.0,0.0,0.0,16.0,3.0,0.0,0.0,1.0,0.0,0.0,0.0,1.0,1758.0,1.0,0.0,74.0,3.0,3.0,0.0,0.0,1.0,0.0,0.0,0.0,0.0,0.0,0.0,1.0,1.0,0.0,0.0,8564.0,10092.0,2.0,1.0,1.0,20.0,4.0,3.0,80.0,0.0,11.0,2.0,2.0,0.0,0.0,0.0,0.0,1
39.0,1.0,0.0,0.0,1089.0,0.0,1.0,0.0,6.0,3.0,0.0,0.0,1.0,0.0,0.0,0.0,1.0,1525.0,2.0,0.0,32.0,3.0,3.0,0.0,0.0,0.0,1.0,0.0,0.0,0.0,0.0,0.0,2.0,1.0,0.0,0.0,8376.0,9150.0,4.0,1.0,0.0,18.0,3.0,4.0,80.0,0.0,9.0,3.0,3.0,2.0,0.0,2.0,2.0,0
24.0,1.0,0.0,0.0,581.0,0.0,1.0,0.0,9.0,3.0,0.0,1.0,0.0,0.0,0.0,0.0,1.0,1707.0,3.0,1.0,62.0,4.0,1.0,0.0,0.0,0.0,0.0,0.0,1.0,0.0,0.0,0.0,3.0,0.0,1.0,0.0,4401.0,17616.0,1.0,1.0,0.0,16.0,3.0,4.0,80.0,1.0,5.0,1.0,3.0,5.0,3.0,0.0,4.0,0
20.0,1.0,0.0,0.0,129.0,0.0,1.0,0.0,4.0,3.0,0.0,0.0,0.0,0.0,1.0,0.0,1.0,960.0,1.0,1.0,84.0,3.0,1.0,0.0,1.0,0.0,0.0,0.0,0.0,0.0,0.0,0.0,1.0,1.0,0.0,0.0,2973.0,13008.0,1.0,1.0,0.0,19.0,3.0,2.0,80.0,0.0,1.0,2.0,3.0,1.0,0.0,0.0,0.0,1
25.0,1.0,0.0,0.0,141.0,1.0,0.0,0.0,3.0,1.0,0.0,0.0,0.0,0.0,0.0,1.0,1.0,879.0,3.0,1.0,98.0,3.0,2.0,0.0,0.0,1.0,0.0,0.0,0.0,0.0,0.0,0.0,1.0,0.0,1.0,0.0,4194.0,14363.0,1.0,1.0,1.0,18.0,3.0,4.0,80.0,0.0,5.0,3.0,3.0,5.0,3.0,0.0,3.0,0
26.0,0.0,1.0,0.0,342.0,0.0,1.0,0.0,2.0,3.0,0.0,0.0,1.0,0.0,0.0,0.0,1.0,1053.0,1.0,1.0,57.0,3.0,1.0,0.0,0.0,0.0,0.0,0.0,1.0,0.0,0.0,0.0,1.0,0.0,1.0,0.0,2042.0,15346.0,6.0,1.0,1.0,14.0,3.0,2.0,80.0,1.0,6.0,2.0,3.0,3.0,2.0,1.0,2.0,1
37.0,0.0,1.0,0.0,1231.0,1.0,0.0,0.0,21.0,2.0,0.0,1.0,0.0,0.0,0.0,0.0,1.0,900.0,3.0,0.0,54.0,3.0,1.0,0.0,0.0,0.0,0.0,0.0,0.0,0.0,0.0,1.0,4.0,0.0,1.0,0.0,2973.0,21222.0,5.0,1.0,0.0,15.0,3.0,2.0,80.0,1.0,10.0,3.0,3.0,5.0,4.0,0.0,0.0,0
42.0,1.0,0.0,0.0,1142.0,0.0,1.0,0.0,8.0,3.0,0.0,0.0,1.0,0.0,0.0,0.0,1.0,1860.0,4.0,1.0,81.0,3.0,1.0,0.0,1.0,0.0,0.0,0.0,0.0,0.0,0.0,0.0,3.0,1.0,0.0,0.0,3968.0,13624.0,4.0,1.0,0.0,13.0,3.0,4.0,80.0,0.0,8.0,3.0,3.0,0.0,0.0,0.0,0.0,0
47.0,1.0,0.0,0.0,207.0,0.0,1.0,0.0,9.0,4.0,0.0,0.0,1.0,0.0,0.0,0.0,1.0,1856.0,2.0,0.0,64.0,3.0,1.0,0.0,1.0,0.0,0.0,0.0,0.0,0.0,0.0,0.0,3.0,1.0,0.0,0.0,2105.0,5411.0,4.0,1.0,0.0,12.0,3.0,3.0,80.0,0.0,7.0,2.0,3.0,2.0,2.0,2.0,0.0,0
29.0,0.0,1.0,0.0,746.0,1.0,0.0,0.0,24.0,3.0,0.0,0.0,0.0,0.0,1.0,0.0,1.0,1928.0,3.0,1.0,45.0,4.0,1.0,0.0,0.0,0.0,0.0,0.0,0.0,0.0,0.0,1.0,1.0,1.0,0.0,0.0,1091.0,10642.0,1.0,1.0,0.0,17.0,3.0,4.0,80.0,0.0,1.0,3.0,3.0,1.0,0.0,0.0,0.0,1
31.0,1.0,0.0,0.0,218.0,1.0,0.0,0.0,7.0,3.0,0.0,0.0,0.0,0.0,1.0,0.0,1.0,416.0,2.0,1.0,100.0,4.0,2.0,0.0,0.0,1.0,0.0,0.0,0.0,0.0,0.0,0.0,4.0,0.0,1.0,0.0,6929.0,12241.0,4.0,1.0,0.0,11.0,3.0,2.0,80.0,1.0,10.0,3.0,2.0,8.0,7.0,7.0,7.0,0
29.0,1.0,0.0,0.0,806.0,0.0,1.0,0.0,7.0,3.0,0.0,0.0,0.0,0.0,1.0,0.0,1.0,1299.0,2.0,0.0,39.0,3.0,1.0,0.0,1.0,0.0,0.0,0.0,0.0,0.0,0.0,0.0,3.0,0.0,0.0,1.0,3339.0,17285.0,3.0,1.0,1.0,13.0,3.0,1.0,80.0,2.0,10.0,2.0,3.0,7.0,7.0,7.0,7.0,1
22.0,1.0,0.0,0.0,1230.0,0.0,1.0,0.0,1.0,2.0,0.0,0.0,1.0,0.0,0.0,0.0,1.0,872.0,4.0,1.0,33.0,2.0,2.0,0.0,0.0,0.0,1.0,0.0,0.0,0.0,0.0,0.0,4.0,0.0,1.0,0.0,4775.0,19146.0,6.0,1.0,0.0,22.0,4.0,1.0,80.0,2.0,4.0,2.0,1.0,2.0,2.0,2.0,2.0,0
21.0,1.0,0.0,0.0,391.0,0.0,1.0,0.0,15.0,2.0,0.0,0.0,1.0,0.0,0.0,0.0,1.0,30.0,3.0,1.0,96.0,3.0,1.0,0.0,0.0,0.0,0.0,0.0,1.0,0.0,0.0,0.0,4.0,1.0,0.0,0.0,1232.0,19281.0,1.0,1.0,0.0,14.0,3.0,4.0,80.0,0.0,0.0,6.0,3.0,0.0,0.0,0.0,0.0,0
24.0,0.0,1.0,0.0,1287.0,0.0,1.0,0.0,7.0,3.0,0.0,0.0,1.0,0.0,0.0,0.0,1.0,647.0,1.0,0.0,55.0,3.0,1.0,0.0,1.0,0.0,0.0,0.0,0.0,0.0,0.0,0.0,3.0,0.0,1.0,0.0,2886.0,14168.0,1.0,1.0,1.0,16.0,3.0,4.0,80.0,1.0,6.0,4.0,3.0,6.0,3.0,1.0,2.0,1
49.0,1.0,0.0,0.0,1495.0,0.0,1.0,0.0,5.0,4.0,0.0,0.0,0.0,0.0,1.0,0.0,1.0,1473.0,1.0,1.0,96.0,3.0,2.0,0.0,0.0,0.0,0.0,0.0,0.0,0.0,1.0,0.0,3.0,0.0,1.0,0.0,6651.0,21534.0,2.0,1.0,0.0,14.0,3.0,2.0,80.0,1.0,20.0,0.0,2.0,3.0,2.0,1.0,2.0,0
38.0,0.0,0.0,1.0,1327.0,1.0,0.0,0.0,2.0,2.0,0.0,0.0,1.0,0.0,0.0,0.0,1.0,361.0,4.0,1.0,39.0,2.0,2.0,0.0,0.0,1.0,0.0,0.0,0.0,0.0,0.0,0.0,4.0,0.0,1.0,0.0,5249.0,19682.0,3.0,1.0,0.0,18.0,3.0,4.0,80.0,1.0,13.0,0.0,3.0,8.0,7.0,7.0,5.0,0
44.0,0.0,0.0,1.0,381.0,0.0,1.0,0.0,24.0,3.0,0.0,1.0,0.0,0.0,0.0,0.0,1.0,744.0,1.0,1.0,49.0,1.0,1.0,0.0,1.0,0.0,0.0,0.0,0.0,0.0,0.0,0.0,3.0,1.0,0.0,0.0,3708.0,2104.0,2.0,1.0,0.0,14.0,3.0,3.0,80.0,0.0,9.0,5.0,3.0,5.0,2.0,1.0,4.0,0
42.0,0.0,1.0,0.0,481.0,1.0,0.0,0.0,12.0,3.0,0.0,0.0,1.0,0.0,0.0,0.0,1.0,1167.0,3.0,1.0,44.0,3.0,4.0,0.0,0.0,1.0,0.0,0.0,0.0,0.0,0.0,0.0,1.0,1.0,0.0,0.0,13758.0,2447.0,0.0,1.0,1.0,12.0,3.0,2.0,80.0,0.0,22.0,2.0,2.0,21.0,9.0,13.0,14.0,1
50.0,0.0,1.0,0.0,1246.0,0.0,0.0,1.0,3.0,3.0,0.0,1.0,0.0,0.0,0.0,0.0,1.0,644.0,1.0,1.0,99.0,3.0,5.0,1.0,0.0,0.0,0.0,0.0,0.0,0.0,0.0,0.0,2.0,0.0,1.0,0.0,18200.0,7999.0,1.0,1.0,0.0,11.0,3.0,3.0,80.0,1.0,32.0,2.0,3.0,32.0,5.0,10.0,7.0,0
43.0,1.0,0.0,0.0,782.0,0.0,1.0,0.0,6.0,4.0,0.0,0.0,0.0,0.0,0.0,1.0,1.0,661.0,2.0,1.0,50.0,2.0,4.0,0.0,0.0,0.0,0.0,1.0,0.0,0.0,0.0,0.0,4.0,0.0,0.0,1.0,16627.0,2671.0,4.0,1.0,1.0,14.0,3.0,3.0,80.0,1.0,21.0,3.0,2.0,1.0,0.0,0.0,0.0,0
34.0,1.0,0.0,0.0,1333.0,1.0,0.0,0.0,10.0,4.0,0.0,0.0,1.0,0.0,0.0,0.0,1.0,1055.0,3.0,0.0,87.0,3.0,1.0,0.0,0.0,0.0,0.0,0.0,0.0,0.0,0.0,1.0,3.0,0.0,1.0,0.0,2220.0,18410.0,1.0,1.0,1.0,19.0,3.0,4.0,80.0,1.0,1.0,2.0,3.0,1.0,1.0,0.0,0.0,0
31.0,0.0,0.0,1.0,697.0,0.0,1.0,0.0,10.0,3.0,0.0,1.0,0.0,0.0,0.0,0.0,1.0,1979.0,3.0,0.0,40.0,3.0,3.0,0.0,0.0,0.0,0.0,1.0,0.0,0.0,0.0,0.0,3.0,0.0,1.0,0.0,11031.0,26862.0,4.0,1.0,0.0,20.0,4.0,3.0,80.0,1.0,13.0,2.0,4.0,11.0,7.0,4.0,8.0,0
34.0,1.0,0.0,0.0,970.0,0.0,1.0,0.0,8.0,2.0,0.0,1.0,0.0,0.0,0.0,0.0,1.0,757.0,2.0,0.0,96.0,3.0,2.0,0.0,0.0,0.0,0.0,0.0,0.0,0.0,1.0,0.0,3.0,1.0,0.0,0.0,6142.0,7360.0,3.0,1.0,0.0,11.0,3.0,4.0,80.0,0.0,10.0,2.0,3.0,5.0,1.0,4.0,3.0,0
35.0,1.0,0.0,0.0,287.0,0.0,1.0,0.0,1.0,4.0,0.0,0.0,1.0,0.0,0.0,0.0,1.0,2052.0,3.0,0.0,62.0,1.0,1.0,0.0,0.0,0.0,0.0,0.0,1.0,0.0,0.0,0.0,4.0,0.0,1.0,0.0,2977.0,8952.0,1.0,1.0,0.0,12.0,3.0,4.0,80.0,1.0,4.0,5.0,3.0,4.0,3.0,1.0,1.0,0
55.0,1.0,0.0,0.0,1311.0,0.0,1.0,0.0,2.0,3.0,0.0,0.0,1.0,0.0,0.0,0.0,1.0,505.0,3.0,0.0,97.0,3.0,4.0,1.0,0.0,0.0,0.0,0.0,0.0,0.0,0.0,0.0,4.0,1.0,0.0,0.0,16659.0,23258.0,2.0,1.0,1.0,13.0,3.0,3.0,80.0,0.0,30.0,2.0,3.0,5.0,4.0,1.0,2.0,0
44.0,1.0,0.0,0.0,1376.0,0.0,0.0,1.0,1.0,2.0,0.0,1.0,0.0,0.0,0.0,0.0,1.0,1098.0,2.0,1.0,91.0,2.0,3.0,0.0,0.0,0.0,0.0,0.0,0.0,1.0,0.0,0.0,1.0,0.0,1.0,0.0,10482.0,2326.0,9.0,1.0,0.0,14.0,3.0,4.0,80.0,1.0,24.0,1.0,3.0,20.0,6.0,3.0,6.0,1
37.0,1.0,0.0,0.0,1192.0,0.0,1.0,0.0,5.0,2.0,0.0,1.0,0.0,0.0,0.0,0.0,1.0,460.0,4.0,1.0,61.0,3.0,2.0,0.0,0.0,0.0,1.0,0.0,0.0,0.0,0.0,0.0,4.0,0.0,0.0,1.0,6347.0,23177.0,7.0,1.0,0.0,16.0,3.0,3.0,80.0,2.0,8.0,2.0,2.0,6.0,2.0,0.0,4.0,0
51.0,0.0,1.0,0.0,1456.0,0.0,1.0,0.0,1.0,4.0,0.0,1.0,0.0,0.0,0.0,0.0,1.0,145.0,1.0,0.0,30.0,2.0,3.0,0.0,0.0,0.0,0.0,0.0,0.0,0.0,1.0,0.0,1.0,1.0,0.0,0.0,7484.0,25796.0,3.0,1.0,0.0,20.0,4.0,3.0,80.0,0.0,23.0,1.0,2.0,13.0,12.0,12.0,8.0,0
53.0,1.0,0.0,0.0,1376.0,1.0,0.0,0.0,2.0,2.0,0.0,1.0,0.0,0.0,0.0,0.0,1.0,981.0,3.0,1.0,45.0,3.0,4.0,1.0,0.0,0.0,0.0,0.0,0.0,0.0,0.0,0.0,3.0,0.0,0.0,1.0,14852.0,13938.0,6.0,1.0,0.0,13.0,3.0,3.0,80.0,1.0,22.0,3.0,4.0,17.0,13.0,15.0,2.0,0
24.0,1.0,0.0,0.0,1353.0,1.0,0.0,0.0,3.0,2.0,0.0,0.0,0.0,0.0,0.0,1.0,1.0,128.0,1.0,0.0,33.0,3.0,2.0,0.0,0.0,1.0,0.0,0.0,0.0,0.0,0.0,0.0,3.0,0.0,1.0,0.0,4999.0,17519.0,0.0,1.0,0.0,21.0,4.0,1.0,80.0,1.0,4.0,2.0,2.0,3.0,2.0,0.0,2.0,0
31.0,0.0,1.0,0.0,874.0,0.0,1.0,0.0,15.0,3.0,0.0,1.0,0.0,0.0,0.0,0.0,1.0,1160.0,3.0,1.0,72.0,3.0,1.0,0.0,1.0,0.0,0.0,0.0,0.0,0.0,0.0,0.0,3.0,0.0,1.0,0.0,2610.0,6233.0,1.0,1.0,0.0,12.0,3.0,3.0,80.0,1.0,2.0,5.0,2.0,2.0,2.0,2.0,2.0,1
41.0,1.0,0.0,0.0,465.0,0.0,1.0,0.0,14.0,3.0,0.0,0.0,1.0,0.0,0.0,0.0,1.0,227.0,1.0,1.0,56.0,3.0,1.0,0.0,0.0,0.0,0.0,0.0,1.0,0.0,0.0,0.0,3.0,0.0,0.0,1.0,2451.0,4609.0,4.0,1.0,0.0,12.0,3.0,1.0,80.0,1.0,13.0,2.0,3.0,9.0,8.0,1.0,8.0,0
18.0,1.0,0.0,0.0,230.0,0.0,1.0,0.0,3.0,3.0,0.0,0.0,1.0,0.0,0.0,0.0,1.0,405.0,3.0,1.0,54.0,3.0,1.0,0.0,1.0,0.0,0.0,0.0,0.0,0.0,0.0,0.0,3.0,1.0,0.0,0.0,1420.0,25233.0,1.0,1.0,0.0,13.0,3.0,3.0,80.0,0.0,0.0,2.0,3.0,0.0,0.0,0.0,0.0,1
24.0,1.0,0.0,0.0,691.0,0.0,1.0,0.0,23.0,3.0,0.0,1.0,0.0,0.0,0.0,0.0,1.0,639.0,2.0,1.0,89.0,4.0,1.0,0.0,0.0,0.0,0.0,0.0,1.0,0.0,0.0,0.0,4.0,0.0,1.0,0.0,2725.0,21630.0,1.0,1.0,1.0,11.0,3.0,2.0,80.0,2.0,6.0,3.0,3.0,6.0,5.0,1.0,4.0,0
29.0,0.0,1.0,0.0,806.0,0.0,1.0,0.0,1.0,4.0,0.0,0.0,1.0,0.0,0.0,0.0,1.0,710.0,2.0,1.0,76.0,1.0,1.0,0.0,0.0,0.0,0.0,0.0,1.0,0.0,0.0,0.0,4.0,0.0,0.0,1.0,2720.0,18959.0,1.0,1.0,0.0,18.0,3.0,4.0,80.0,1.0,10.0,5.0,3.0,10.0,7.0,2.0,8.0,0
55.0,0.0,0.0,1.0,444.0,0.0,1.0,0.0,2.0,1.0,0.0,1.0,0.0,0.0,0.0,0.0,1.0,1074.0,3.0,1.0,40.0,2.0,4.0,1.0,0.0,0.0,0.0,0.0,0.0,0.0,0.0,0.0,1.0,1.0,0.0,0.0,16756.0,17323.0,7.0,1.0,0.0,15.0,3.0,2.0,80.0,0.0,31.0,3.0,4.0,9.0,7.0,6.0,2.0,0
29.0,1.0,0.0,0.0,318.0,0.0,1.0,0.0,8.0,4.0,0.0,0.0,0.0,0.0,0.0,1.0,1.0,454.0,2.0,1.0,77.0,1.0,1.0,0.0,1.0,0.0,0.0,0.0,0.0,0.0,0.0,0.0,1.0,0.0,1.0,0.0,2119.0,4759.0,1.0,1.0,1.0,11.0,3.0,4.0,80.0,0.0,7.0,4.0,2.0,7.0,7.0,0.0,7.0,1
40.0,0.0,1.0,0.0,1184.0,1.0,0.0,0.0,2.0,4.0,0.0,1.0,0.0,0.0,0.0,0.0,1.0,1212.0,2.0,1.0,62.0,3.0,2.0,0.0,0.0,1.0,0.0,0.0,0.0,0.0,0.0,0.0,2.0,0.0,1.0,0.0,4327.0,25440.0,5.0,1.0,0.0,12.0,3.0,4.0,80.0,3.0,5.0,2.0,3.0,0.0,0.0,0.0,0.0,0
36.0,1.0,0.0,0.0,164.0,1.0,0.0,0.0,2.0,2.0,0.0,1.0,0.0,0.0,0.0,0.0,1.0,513.0,2.0,1.0,61.0,2.0,3.0,0.0,0.0,1.0,0.0,0.0,0.0,0.0,0.0,0.0,3.0,0.0,1.0,0.0,7596.0,3809.0,1.0,1.0,0.0,13.0,3.0,2.0,80.0,2.0,10.0,2.0,3.0,10.0,9.0,9.0,0.0,0
31.0,1.0,0.0,0.0,326.0,1.0,0.0,0.0,8.0,2.0,0.0,0.0,1.0,0.0,0.0,0.0,1.0,1453.0,1.0,1.0,31.0,3.0,3.0,0.0,0.0,1.0,0.0,0.0,0.0,0.0,0.0,0.0,4.0,0.0,0.0,1.0,10793.0,8386.0,1.0,1.0,0.0,18.0,3.0,1.0,80.0,1.0,13.0,5.0,3.0,13.0,7.0,9.0,9.0,0
35.0,1.0,0.0,0.0,670.0,0.0,1.0,0.0,10.0,4.0,0.0,1.0,0.0,0.0,0.0,0.0,1.0,1587.0,1.0,0.0,51.0,3.0,2.0,0.0,0.0,0.0,0.0,0.0,0.0,0.0,1.0,0.0,3.0,1.0,0.0,0.0,6142.0,4223.0,3.0,1.0,1.0,16.0,3.0,3.0,80.0,0.0,10.0,4.0,3.0,5.0,2.0,0.0,4.0,0
28.0,1.0,0.0,0.0,1144.0,1.0,0.0,0.0,10.0,1.0,0.0,1.0,0.0,0.0,0.0,0.0,1.0,1056.0,4.0,1.0,74.0,3.0,1.0,0.0,0.0,0.0,0.0,0.0,0.0,0.0,0.0,1.0,2.0,0.0,1.0,0.0,1052.0,23384.0,1.0,1.0,0.0,22.0,4.0,2.0,80.0,0.0,1.0,5.0,3.0,1.0,0.0,0.0,0.0,0
31.0,1.0,0.0,0.0,480.0,0.0,1.0,0.0,7.0,2.0,0.0,1.0,0.0,0.0,0.0,0.0,1.0,524.0,2.0,0.0,31.0,3.0,2.0,0.0,0.0,0.0,1.0,0.0,0.0,0.0,0.0,0.0,1.0,0.0,1.0,0.0,4306.0,4156.0,1.0,1.0,0.0,12.0,3.0,2.0,80.0,1.0,13.0,5.0,1.0,13.0,10.0,3.0,12.0,0
53.0,1.0,0.0,0.0,238.0,1.0,0.0,0.0,1.0,1.0,0.0,1.0,0.0,0.0,0.0,0.0,1.0,682.0,4.0,0.0,34.0,3.0,2.0,0.0,0.0,1.0,0.0,0.0,0.0,0.0,0.0,0.0,1.0,1.0,0.0,0.0,8381.0,7507.0,7.0,1.0,0.0,20.0,4.0,4.0,80.0,0.0,18.0,2.0,4.0,14.0,7.0,8.0,10.0,0
44.0,1.0,0.0,0.0,621.0,0.0,1.0,0.0,15.0,3.0,0.0,1.0,0.0,0.0,0.0,0.0,1.0,1295.0,1.0,0.0,73.0,3.0,3.0,0.0,0.0,0.0,0.0,0.0,0.0,0.0,1.0,0.0,4.0,0.0,1.0,0.0,7978.0,14075.0,1.0,1.0,0.0,11.0,3.0,4.0,80.0,1.0,10.0,2.0,3.0,10.0,7.0,0.0,5.0,1
40.0,1.0,0.0,0.0,1194.0,0.0,1.0,0.0,2.0,4.0,0.0,1.0,0.0,0.0,0.0,0.0,1.0,2051.0,3.0,0.0,98.0,3.0,1.0,0.0,0.0,0.0,0.0,0.0,1.0,0.0,0.0,0.0,3.0,0.0,1.0,0.0,2001.0,12549.0,2.0,1.0,0.0,14.0,3.0,2.0,80.0,3.0,20.0,2.0,3.0,5.0,3.0,0.0,2.0,0
37.0,1.0,0.0,0.0,1225.0,0.0,1.0,0.0,10.0,2.0,0.0,0.0,1.0,0.0,0.0,0.0,1.0,715.0,4.0,1.0,80.0,4.0,1.0,0.0,0.0,0.0,0.0,0.0,1.0,0.0,0.0,0.0,4.0,1.0,0.0,0.0,4680.0,15232.0,3.0,1.0,0.0,17.0,3.0,1.0,80.0,0.0,4.0,2.0,3.0,1.0,0.0,0.0,0.0,0
40.0,1.0,0.0,0.0,1398.0,1.0,0.0,0.0,2.0,4.0,0.0,0.0,1.0,0.0,0.0,0.0,1.0,558.0,3.0,0.0,79.0,3.0,5.0,1.0,0.0,0.0,0.0,0.0,0.0,0.0,0.0,0.0,3.0,0.0,1.0,0.0,18041.0,13022.0,0.0,1.0,0.0,14.0,3.0,4.0,80.0,0.0,21.0,2.0,3.0,20.0,15.0,1.0,12.0,0
23.0,1.0,0.0,0.0,571.0,0.0,1.0,0.0,12.0,2.0,0.0,0.0,0.0,0.0,0.0,1.0,1.0,1982.0,4.0,1.0,78.0,3.0,1.0,0.0,1.0,0.0,0.0,0.0,0.0,0.0,0.0,0.0,4.0,1.0,0.0,0.0,2647.0,13672.0,1.0,1.0,0.0,13.0,3.0,3.0,80.0,0.0,5.0,6.0,4.0,5.0,2.0,1.0,4.0,0
34.0,1.0,0.0,0.0,971.0,1.0,0.0,0.0,1.0,3.0,0.0,0.0,0.0,0.0,1.0,0.0,1.0,1535.0,4.0,1.0,64.0,2.0,3.0,0.0,0.0,1.0,0.0,0.0,0.0,0.0,0.0,0.0,3.0,0.0,1.0,0.0,7083.0,12288.0,1.0,1.0,1.0,14.0,3.0,4.0,80.0,0.0,10.0,3.0,3.0,10.0,9.0,8.0,6.0,0
39.0,1.0,0.0,0.0,492.0,0.0,1.0,0.0,12.0,3.0,0.0,1.0,0.0,0.0,0.0,0.0,1.0,1654.0,4.0,1.0,66.0,3.0,2.0,0.0,0.0,0.0,1.0,0.0,0.0,0.0,0.0,0.0,2.0,0.0,1.0,0.0,5295.0,7693.0,4.0,1.0,0.0,21.0,4.0,3.0,80.0,0.0,7.0,3.0,3.0,5.0,4.0,1.0,0.0,0
34.0,1.0,0.0,0.0,216.0,1.0,0.0,0.0,1.0,4.0,1.0,0.0,0.0,0.0,0.0,0.0,1.0,1047.0,2.0,1.0,75.0,4.0,2.0,0.0,0.0,1.0,0.0,0.0,0.0,0.0,0.0,0.0,4.0,0.0,0.0,1.0,9725.0,12278.0,0.0,1.0,0.0,11.0,3.0,4.0,80.0,1.0,16.0,2.0,2.0,15.0,1.0,0.0,9.0,0
29.0,1.0,0.0,0.0,352.0,0.0,0.0,1.0,6.0,1.0,0.0,1.0,0.0,0.0,0.0,0.0,1.0,1865.0,4.0,1.0,87.0,2.0,1.0,0.0,0.0,0.0,0.0,0.0,0.0,1.0,0.0,0.0,2.0,0.0,1.0,0.0,2804.0,15434.0,1.0,1.0,0.0,11.0,3.0,4.0,80.0,0.0,1.0,3.0,3.0,1.0,0.0,0.0,0.0,0
38.0,0.0,1.0,0.0,1391.0,0.0,1.0,0.0,10.0,1.0,0.0,1.0,0.0,0.0,0.0,0.0,1.0,1006.0,3.0,1.0,66.0,3.0,1.0,0.0,0.0,0.0,0.0,0.0,1.0,0.0,0.0,0.0,3.0,0.0,1.0,0.0,2684.0,12127.0,0.0,1.0,0.0,17.0,3.0,2.0,80.0,1.0,3.0,0.0,2.0,2.0,1.0,0.0,2.0,0
58.0,1.0,0.0,0.0,682.0,1.0,0.0,0.0,10.0,4.0,0.0,1.0,0.0,0.0,0.0,0.0,1.0,131.0,4.0,1.0,37.0,3.0,4.0,0.0,0.0,1.0,0.0,0.0,0.0,0.0,0.0,0.0,3.0,1.0,0.0,0.0,13872.0,24409.0,0.0,1.0,0.0,13.0,3.0,3.0,80.0,0.0,38.0,1.0,2.0,37.0,10.0,1.0,8.0,0
24.0,0.0,0.0,1.0,1092.0,0.0,1.0,0.0,9.0,3.0,0.0,0.0,1.0,0.0,0.0,0.0,1.0,812.0,3.0,1.0,60.0,2.0,1.0,0.0,1.0,0.0,0.0,0.0,0.0,0.0,0.0,0.0,2.0,0.0,0.0,1.0,2694.0,26551.0,1.0,1.0,0.0,11.0,3.0,3.0,80.0,3.0,1.0,4.0,3.0,1.0,0.0,0.0,0.0,0
50.0,0.0,1.0,0.0,1115.0,0.0,1.0,0.0,1.0,3.0,0.0,0.0,1.0,0.0,0.0,0.0,1.0,141.0,1.0,0.0,73.0,3.0,5.0,0.0,0.0,0.0,0.0,1.0,0.0,0.0,0.0,0.0,2.0,0.0,1.0,0.0,18172.0,9755.0,3.0,1.0,1.0,19.0,3.0,1.0,80.0,0.0,28.0,1.0,2.0,8.0,3.0,0.0,7.0,0
32.0,0.0,1.0,0.0,1005.0,0.0,1.0,0.0,2.0,2.0,0.0,0.0,1.0,0.0,0.0,0.0,1.0,8.0,4.0,1.0,79.0,3.0,1.0,0.0,1.0,0.0,0.0,0.0,0.0,0.0,0.0,0.0,4.0,1.0,0.0,0.0,3068.0,11864.0,0.0,1.0,0.0,13.0,3.0,3.0,80.0,0.0,8.0,2.0,2.0,7.0,7.0,3.0,6.0,0
19.0,0.0,1.0,0.0,602.0,1.0,0.0,0.0,1.0,1.0,0.0,0.0,0.0,0.0,1.0,0.0,1.0,235.0,3.0,0.0,100.0,1.0,1.0,0.0,0.0,0.0,0.0,0.0,0.0,0.0,0.0,1.0,1.0,1.0,0.0,0.0,2325.0,20989.0,0.0,1.0,0.0,21.0,4.0,1.0,80.0,0.0,1.0,5.0,4.0,0.0,0.0,0.0,0.0,1
58.0,1.0,0.0,0.0,605.0,1.0,0.0,0.0,21.0,3.0,0.0,0.0,1.0,0.0,0.0,0.0,1.0,1938.0,4.0,0.0,72.0,3.0,4.0,1.0,0.0,0.0,0.0,0.0,0.0,0.0,0.0,0.0,4.0,0.0,1.0,0.0,17875.0,11761.0,4.0,1.0,1.0,13.0,3.0,3.0,80.0,1.0,29.0,2.0,2.0,1.0,0.0,0.0,0.0,0
42.0,0.0,1.0,0.0,933.0,0.0,1.0,0.0,19.0,3.0,0.0,1.0,0.0,0.0,0.0,0.0,1.0,752.0,3.0,1.0,57.0,4.0,1.0,0.0,0.0,0.0,0.0,0.0,1.0,0.0,0.0,0.0,3.0,0.0,0.0,1.0,2759.0,20366.0,6.0,1.0,1.0,12.0,3.0,4.0,80.0,0.0,7.0,2.0,3.0,2.0,2.0,2.0,2.0,1
36.0,0.0,1.0,0.0,607.0,1.0,0.0,0.0,7.0,3.0,1.0,0.0,0.0,0.0,0.0,0.0,1.0,1362.0,1.0,0.0,83.0,4.0,2.0,0.0,0.0,1.0,0.0,0.0,0.0,0.0,0.0,0.0,1.0,0.0,1.0,0.0,4639.0,2261.0,2.0,1.0,0.0,16.0,3.0,4.0,80.0,1.0,17.0,2.0,2.0,15.0,7.0,6.0,13.0,0
32.0,1.0,0.0,0.0,374.0,0.0,1.0,0.0,25.0,4.0,0.0,0.0,1.0,0.0,0.0,0.0,1.0,911.0,1.0,1.0,87.0,3.0,1.0,0.0,1.0,0.0,0.0,0.0,0.0,0.0,0.0,0.0,4.0,1.0,0.0,0.0,2795.0,18016.0,1.0,1.0,1.0,24.0,4.0,3.0,80.0,0.0,1.0,2.0,1.0,1.0,0.0,0.0,1.0,1
60.0,1.0,0.0,0.0,422.0,0.0,1.0,0.0,7.0,3.0,0.0,0.0,1.0,0.0,0.0,0.0,1.0,549.0,1.0,0.0,41.0,3.0,5.0,1.0,0.0,0.0,0.0,0.0,0.0,0.0,0.0,0.0,1.0,0.0,1.0,0.0,19566.0,3854.0,5.0,1.0,0.0,11.0,3.0,4.0,80.0,0.0,33.0,5.0,1.0,29.0,8.0,11.0,10.0,0
42.0,1.0,0.0,0.0,810.0,0.0,1.0,0.0,23.0,5.0,0.0,0.0,1.0,0.0,0.0,0.0,1.0,468.0,1.0,0.0,44.0,3.0,4.0,0.0,0.0,0.0,0.0,1.0,0.0,0.0,0.0,0.0,4.0,1.0,0.0,0.0,15992.0,15901.0,2.0,1.0,0.0,14.0,3.0,2.0,80.0,0.0,16.0,2.0,3.0,1.0,0.0,0.0,0.0,0
41.0,1.0,0.0,0.0,337.0,1.0,0.0,0.0,8.0,3.0,1.0,0.0,0.0,0.0,0.0,0.0,1.0,1909.0,3.0,0.0,54.0,3.0,2.0,0.0,0.0,1.0,0.0,0.0,0.0,0.0,0.0,0.0,2.0,0.0,1.0,0.0,4393.0,26841.0,5.0,1.0,0.0,21.0,4.0,3.0,80.0,1.0,14.0,3.0,3.0,5.0,4.0,1.0,4.0,0
27.0,1.0,0.0,0.0,1302.0,0.0,1.0,0.0,19.0,3.0,0.0,0.0,0.0,0.0,0.0,1.0,1.0,1619.0,4.0,1.0,67.0,2.0,1.0,0.0,1.0,0.0,0.0,0.0,0.0,0.0,0.0,0.0,1.0,0.0,0.0,1.0,4066.0,16290.0,1.0,1.0,0.0,11.0,3.0,1.0,80.0,2.0,7.0,3.0,3.0,7.0,7.0,0.0,7.0,0
32.0,1.0,0.0,0.0,427.0,0.0,1.0,0.0,1.0,3.0,0.0,1.0,0.0,0.0,0.0,0.0,1.0,78.0,1.0,1.0,33.0,3.0,2.0,0.0,0.0,0.0,1.0,0.0,0.0,0.0,0.0,0.0,4.0,0.0,1.0,0.0,6162.0,10877.0,1.0,1.0,1.0,22.0,4.0,2.0,80.0,1.0,9.0,3.0,3.0,9.0,8.0,7.0,8.0,0
43.0,1.0,0.0,0.0,1034.0,1.0,0.0,0.0,16.0,3.0,1.0,0.0,0.0,0.0,0.0,0.0,1.0,327.0,4.0,0.0,80.0,3.0,4.0,1.0,0.0,0.0,0.0,0.0,0.0,0.0,0.0,0.0,4.0,0.0,1.0,0.0,16064.0,7744.0,5.0,1.0,1.0,22.0,4.0,3.0,80.0,1.0,22.0,3.0,3.0,17.0,13.0,1.0,9.0,0
32.0,0.0,1.0,0.0,967.0,1.0,0.0,0.0,8.0,3.0,1.0,0.0,0.0,0.0,0.0,0.0,1.0,207.0,2.0,0.0,43.0,3.0,3.0,0.0,0.0,1.0,0.0,0.0,0.0,0.0,0.0,0.0,4.0,1.0,0.0,0.0,8998.0,15589.0,1.0,1.0,0.0,14.0,3.0,4.0,80.0,0.0,9.0,2.0,3.0,9.0,8.0,3.0,7.0,0
27.0,1.0,0.0,0.0,954.0,1.0,0.0,0.0,9.0,3.0,1.0,0.0,0.0,0.0,0.0,0.0,1.0,1965.0,4.0,1.0,44.0,3.0,2.0,0.0,0.0,1.0,0.0,0.0,0.0,0.0,0.0,0.0,4.0,1.0,0.0,0.0,4105.0,5099.0,1.0,1.0,0.0,14.0,3.0,1.0,80.0,0.0,7.0,5.0,3.0,7.0,7.0,0.0,7.0,0
31.0,1.0,0.0,0.0,525.0,1.0,0.0,0.0,6.0,4.0,0.0,1.0,0.0,0.0,0.0,0.0,1.0,653.0,1.0,1.0,66.0,4.0,2.0,0.0,0.0,1.0,0.0,0.0,0.0,0.0,0.0,0.0,4.0,0.0,0.0,1.0,5460.0,6219.0,4.0,1.0,0.0,22.0,4.0,4.0,80.0,2.0,13.0,4.0,4.0,7.0,7.0,5.0,7.0,0
48.0,1.0,0.0,0.0,1469.0,0.0,1.0,0.0,20.0,4.0,0.0,1.0,0.0,0.0,0.0,0.0,1.0,945.0,4.0,1.0,51.0,3.0,1.0,0.0,0.0,0.0,0.0,0.0,1.0,0.0,0.0,0.0,3.0,0.0,1.0,0.0,2259.0,5543.0,4.0,1.0,0.0,17.0,3.0,1.0,80.0,2.0,13.0,2.0,2.0,0.0,0.0,0.0,0.0,0
51.0,1.0,0.0,0.0,942.0,0.0,1.0,0.0,3.0,3.0,0.0,0.0,0.0,0.0,1.0,0.0,1.0,1786.0,1.0,0.0,53.0,3.0,3.0,1.0,0.0,0.0,0.0,0.0,0.0,0.0,0.0,0.0,3.0,0.0,1.0,0.0,13116.0,22984.0,2.0,1.0,0.0,11.0,3.0,4.0,80.0,0.0,15.0,2.0,3.0,2.0,2.0,2.0,2.0,0
27.0,1.0,0.0,0.0,269.0,0.0,1.0,0.0,5.0,1.0,0.0,0.0,0.0,0.0,1.0,0.0,1.0,844.0,3.0,1.0,42.0,2.0,3.0,0.0,0.0,0.0,0.0,1.0,0.0,0.0,0.0,0.0,4.0,0.0,0.0,1.0,12808.0,8842.0,1.0,1.0,1.0,16.0,3.0,2.0,80.0,1.0,9.0,3.0,3.0,9.0,8.0,0.0,8.0,0
34.0,0.0,1.0,0.0,560.0,0.0,1.0,0.0,1.0,4.0,0.0,0.0,0.0,0.0,0.0,1.0,1.0,1431.0,4.0,1.0,91.0,3.0,1.0,0.0,0.0,0.0,0.0,0.0,1.0,0.0,0.0,0.0,1.0,0.0,0.0,1.0,2996.0,20284.0,5.0,1.0,0.0,14.0,3.0,3.0,80.0,2.0,10.0,2.0,3.0,4.0,3.0,1.0,3.0,0
47.0,1.0,0.0,0.0,955.0,1.0,0.0,0.0,4.0,2.0,0.0,0.0,1.0,0.0,0.0,0.0,1.0,1003.0,4.0,0.0,83.0,3.0,2.0,0.0,0.0,1.0,0.0,0.0,0.0,0.0,0.0,0.0,4.0,1.0,0.0,0.0,4163.0,8571.0,1.0,1.0,1.0,17.0,3.0,3.0,80.0,0.0,9.0,0.0,3.0,9.0,0.0,0.0,7.0,0
34.0,1.0,0.0,0.0,1130.0,0.0,1.0,0.0,3.0,3.0,0.0,0.0,1.0,0.0,0.0,0.0,1.0,1658.0,4.0,0.0,66.0,3.0,2.0,0.0,0.0,0.0,0.0,0.0,1.0,0.0,0.0,0.0,2.0,0.0,0.0,1.0,5433.0,19332.0,1.0,1.0,0.0,12.0,3.0,3.0,80.0,1.0,11.0,2.0,3.0,11.0,8.0,7.0,9.0,0
37.0,1.0,0.0,0.0,446.0,0.0,1.0,0.0,1.0,4.0,0.0,0.0,1.0,0.0,0.0,0.0,1.0,635.0,2.0,0.0,65.0,3.0,2.0,0.0,0.0,0.0,1.0,0.0,0.0,0.0,0.0,0.0,2.0,0.0,1.0,0.0,6447.0,15701.0,6.0,1.0,0.0,12.0,3.0,2.0,80.0,1.0,8.0,2.0,2.0,6.0,5.0,4.0,3.0,0
36.0,0.0,1.0,0.0,1195.0,0.0,1.0,0.0,11.0,3.0,0.0,0.0,1.0,0.0,0.0,0.0,1.0,85.0,2.0,1.0,95.0,2.0,2.0,0.0,0.0,0.0,1.0,0.0,0.0,0.0,0.0,0.0,2.0,1.0,0.0,0.0,6499.0,22656.0,1.0,1.0,0.0,13.0,3.0,3.0,80.0,0.0,6.0,3.0,3.0,6.0,5.0,0.0,3.0,0
44.0,1.0,0.0,0.0,1199.0,0.0,1.0,0.0,4.0,2.0,0.0,0.0,1.0,0.0,0.0,0.0,1.0,1288.0,3.0,1.0,92.0,4.0,5.0,1.0,0.0,0.0,0.0,0.0,0.0,0.0,0.0,0.0,1.0,0.0,0.0,1.0,19190.0,17477.0,1.0,1.0,0.0,14.0,3.0,4.0,80.0,2.0,26.0,4.0,2.0,25.0,9.0,14.0,13.0,0
42.0,1.0,0.0,0.0,1059.0,0.0,1.0,0.0,9.0,2.0,0.0,0.0,0.0,0.0,0.0,1.0,1.0,1595.0,4.0,1.0,93.0,2.0,5.0,1.0,0.0,0.0,0.0,0.0,0.0,0.0,0.0,0.0,4.0,1.0,0.0,0.0,19613.0,26362.0,8.0,1.0,0.0,22.0,4.0,4.0,80.0,0.0,24.0,2.0,3.0,1.0,0.0,0.0,1.0,0
35.0,1.0,0.0,0.0,1258.0,0.0,1.0,0.0,1.0,4.0,0.0,0.0,1.0,0.0,0.0,0.0,1.0,826.0,4.0,0.0,40.0,4.0,1.0,0.0,0.0,0.0,0.0,0.0,1.0,0.0,0.0,0.0,3.0,1.0,0.0,0.0,2506.0,13301.0,3.0,1.0,0.0,13.0,3.0,3.0,80.0,0.0,7.0,0.0,3.0,2.0,2.0,2.0,2.0,0
34.0,1.0,0.0,0.0,1111.0,1.0,0.0,0.0,8.0,2.0,0.0,0.0,1.0,0.0,0.0,0.0,1.0,808.0,3.0,0.0,93.0,3.0,2.0,0.0,0.0,1.0,0.0,0.0,0.0,0.0,0.0,0.0,1.0,0.0,1.0,0.0,6500.0,13305.0,5.0,1.0,0.0,17.0,3.0,2.0,80.0,1.0,6.0,1.0,3.0,3.0,2.0,1.0,2.0,0
23.0,1.0,0.0,0.0,160.0,0.0,1.0,0.0,4.0,1.0,0.0,1.0,0.0,0.0,0.0,0.0,1.0,1735.0,3.0,0.0,51.0,3.0,1.0,0.0,1.0,0.0,0.0,0.0,0.0,0.0,0.0,0.0,2.0,1.0,0.0,0.0,3295.0,12862.0,1.0,1.0,0.0,13.0,3.0,3.0,80.0,0.0,3.0,3.0,1.0,3.0,2.0,1.0,2.0,0
36.0,1.0,0.0,0.0,188.0,0.0,1.0,0.0,7.0,4.0,0.0,0.0,0.0,0.0,0.0,1.0,1.0,949.0,2.0,1.0,65.0,3.0,1.0,0.0,0.0,0.0,0.0,0.0,1.0,0.0,0.0,0.0,4.0,1.0,0.0,0.0,4678.0,23293.0,2.0,1.0,0.0,18.0,3.0,3.0,80.0,0.0,8.0,6.0,3.0,6.0,2.0,0.0,1.0,0
31.0,1.0,0.0,0.0,746.0,0.0,1.0,0.0,8.0,4.0,0.0,0.0,1.0,0.0,0.0,0.0,1.0,98.0,3.0,0.0,61.0,3.0,2.0,0.0,0.0,0.0,1.0,0.0,0.0,0.0,0.0,0.0,4.0,1.0,0.0,0.0,4424.0,20682.0,1.0,1.0,0.0,23.0,4.0,4.0,80.0,0.0,11.0,2.0,3.0,11.0,7.0,1.0,8.0,0
26.0,0.0,1.0,0.0,575.0,0.0,1.0,0.0,3.0,1.0,0.0,0.0,0.0,0.0,1.0,0.0,1.0,510.0,3.0,1.0,73.0,3.0,1.0,0.0,0.0,0.0,0.0,0.0,1.0,0.0,0.0,0.0,1.0,1.0,0.0,0.0,3102.0,6582.0,0.0,1.0,0.0,22.0,4.0,3.0,80.0,0.0,7.0,2.0,3.0,6.0,4.0,0.0,4.0,1
44.0,1.0,0.0,0.0,1313.0,0.0,1.0,0.0,7.0,3.0,0.0,1.0,0.0,0.0,0.0,0.0,1.0,1608.0,2.0,0.0,31.0,3.0,5.0,0.0,0.0,0.0,0.0,1.0,0.0,0.0,0.0,0.0,4.0,0.0,0.0,1.0,19049.0,3549.0,0.0,1.0,1.0,14.0,3.0,4.0,80.0,1.0,23.0,4.0,2.0,22.0,7.0,1.0,10.0,0
34.0,1.0,0.0,0.0,254.0,0.0,1.0,0.0,1.0,2.0,0.0,0.0,1.0,0.0,0.0,0.0,1.0,649.0,2.0,1.0,83.0,2.0,1.0,0.0,0.0,0.0,0.0,0.0,1.0,0.0,0.0,0.0,4.0,0.0,1.0,0.0,3622.0,22794.0,1.0,1.0,1.0,13.0,3.0,4.0,80.0,1.0,6.0,3.0,3.0,6.0,5.0,1.0,3.0,0
48.0,1.0,0.0,0.0,626.0,0.0,1.0,0.0,1.0,2.0,0.0,0.0,1.0,0.0,0.0,0.0,1.0,64.0,1.0,1.0,98.0,2.0,3.0,0.0,1.0,0.0,0.0,0.0,0.0,0.0,0.0,0.0,3.0,1.0,0.0,0.0,5381.0,19294.0,9.0,1.0,1.0,13.0,3.0,4.0,80.0,0.0,23.0,2.0,3.0,1.0,0.0,0.0,0.0,1
33.0,0.0,1.0,0.0,970.0,1.0,0.0,0.0,7.0,3.0,0.0,0.0,1.0,0.0,0.0,0.0,1.0,1114.0,4.0,0.0,30.0,3.0,2.0,0.0,0.0,1.0,0.0,0.0,0.0,0.0,0.0,0.0,2.0,0.0,1.0,0.0,4302.0,13401.0,0.0,1.0,0.0,17.0,3.0,3.0,80.0,1.0,4.0,3.0,3.0,3.0,2.0,0.0,2.0,0
37.0,0.0,1.0,0.0,1278.0,1.0,0.0,0.0,1.0,4.0,0.0,1.0,0.0,0.0,0.0,0.0,1.0,1700.0,3.0,1.0,31.0,1.0,2.0,0.0,0.0,1.0,0.0,0.0,0.0,0.0,0.0,0.0,4.0,0.0,0.0,1.0,9525.0,7677.0,1.0,1.0,0.0,14.0,3.0,3.0,80.0,2.0,6.0,2.0,2.0,6.0,3.0,1.0,3.0,0
36.0,1.0,0.0,0.0,913.0,0.0,1.0,0.0,9.0,2.0,0.0,1.0,0.0,0.0,0.0,0.0,1.0,699.0,2.0,1.0,48.0,2.0,2.0,0.0,0.0,0.0,1.0,0.0,0.0,0.0,0.0,0.0,2.0,0.0,0.0,1.0,8847.0,13934.0,2.0,1.0,1.0,11.0,3.0,3.0,80.0,1.0,13.0,2.0,3.0,3.0,2.0,0.0,2.0,0
29.0,1.0,0.0,0.0,805.0,0.0,1.0,0.0,1.0,2.0,0.0,0.0,1.0,0.0,0.0,0.0,1.0,816.0,2.0,0.0,36.0,2.0,1.0,0.0,1.0,0.0,0.0,0.0,0.0,0.0,0.0,0.0,1.0,0.0,1.0,0.0,2319.0,6689.0,1.0,1.0,1.0,11.0,3.0,4.0,80.0,1.0,1.0,1.0,3.0,1.0,0.0,0.0,0.0,1
54.0,1.0,0.0,0.0,157.0,0.0,1.0,0.0,10.0,3.0,0.0,1.0,0.0,0.0,0.0,0.0,1.0,1980.0,3.0,0.0,77.0,3.0,2.0,0.0,0.0,0.0,1.0,0.0,0.0,0.0,0.0,0.0,1.0,1.0,0.0,0.0,4440.0,25198.0,6.0,1.0,1.0,19.0,3.0,4.0,80.0,0.0,9.0,3.0,3.0,5.0,2.0,1.0,4.0,0
48.0,1.0,0.0,0.0,969.0,0.0,1.0,0.0,2.0,2.0,0.0,0.0,0.0,0.0,1.0,0.0,1.0,1258.0,4.0,1.0,76.0,4.0,1.0,0.0,1.0,0.0,0.0,0.0,0.0,0.0,0.0,0.0,2.0,1.0,0.0,0.0,2559.0,16620.0,5.0,1.0,0.0,11.0,3.0,3.0,80.0,0.0,7.0,4.0,2.0,1.0,0.0,0.0,0.0,0
30.0,1.0,0.0,0.0,793.0,0.0,1.0,0.0,16.0,1.0,0.0,0.0,1.0,0.0,0.0,0.0,1.0,1729.0,2.0,1.0,33.0,3.0,1.0,0.0,0.0,0.0,0.0,0.0,1.0,0.0,0.0,0.0,4.0,0.0,1.0,0.0,2862.0,3811.0,1.0,1.0,0.0,12.0,3.0,2.0,80.0,1.0,10.0,2.0,2.0,10.0,0.0,0.0,8.0,0
58.0,0.0,1.0,0.0,781.0,0.0,1.0,0.0,2.0,1.0,0.0,0.0,1.0,0.0,0.0,0.0,1.0,918.0,4.0,1.0,57.0,2.0,1.0,0.0,1.0,0.0,0.0,0.0,0.0,0.0,0.0,0.0,4.0,0.0,0.0,1.0,2380.0,13384.0,9.0,1.0,1.0,14.0,3.0,4.0,80.0,1.0,3.0,3.0,2.0,1.0,0.0,0.0,0.0,1
30.0,1.0,0.0,0.0,1082.0,1.0,0.0,0.0,12.0,3.0,0.0,0.0,0.0,0.0,1.0,0.0,1.0,533.0,2.0,0.0,83.0,3.0,2.0,0.0,0.0,1.0,0.0,0.0,0.0,0.0,0.0,0.0,3.0,1.0,0.0,0.0,6577.0,19558.0,0.0,1.0,0.0,11.0,3.0,2.0,80.0,0.0,6.0,6.0,3.0,5.0,4.0,4.0,4.0,0
27.0,0.0,1.0,0.0,1337.0,0.0,0.0,1.0,22.0,3.0,0.0,0.0,0.0,1.0,0.0,0.0,1.0,1944.0,1.0,0.0,58.0,2.0,1.0,0.0,0.0,0.0,0.0,0.0,0.0,1.0,0.0,0.0,2.0,0.0,1.0,0.0,2863.0,19555.0,1.0,1.0,0.0,12.0,3.0,1.0,80.0,0.0,1.0,2.0,3.0,1.0,0.0,0.0,0.0,1
38.0,1.0,0.0,0.0,723.0,1.0,0.0,0.0,2.0,4.0,1.0,0.0,0.0,0.0,0.0,0.0,1.0,1835.0,2.0,0.0,77.0,1.0,2.0,0.0,0.0,0.0,0.0,0.0,0.0,0.0,0.0,1.0,4.0,0.0,1.0,0.0,5405.0,4244.0,2.0,1.0,1.0,20.0,4.0,1.0,80.0,2.0,20.0,4.0,2.0,4.0,2.0,0.0,3.0,0
50.0,1.0,0.0,0.0,1452.0,0.0,1.0,0.0,11.0,3.0,0.0,0.0,1.0,0.0,0.0,0.0,1.0,226.0,3.0,0.0,53.0,3.0,5.0,1.0,0.0,0.0,0.0,0.0,0.0,0.0,0.0,0.0,2.0,1.0,0.0,0.0,19926.0,17053.0,3.0,1.0,0.0,15.0,3.0,2.0,80.0,0.0,21.0,5.0,3.0,5.0,4.0,4.0,4.0,0
47.0,0.0,1.0,0.0,719.0,1.0,0.0,0.0,27.0,2.0,0.0,0.0,1.0,0.0,0.0,0.0,1.0,785.0,2.0,0.0,77.0,4.0,2.0,0.0,0.0,1.0,0.0,0.0,0.0,0.0,0.0,0.0,3.0,1.0,0.0,0.0,6397.0,10339.0,4.0,1.0,1.0,12.0,3.0,4.0,80.0,0.0,8.0,2.0,3.0,5.0,4.0,1.0,3.0,1
35.0,1.0,0.0,0.0,1349.0,0.0,1.0,0.0,7.0,2.0,0.0,0.0,1.0,0.0,0.0,0.0,1.0,1601.0,3.0,1.0,63.0,2.0,1.0,0.0,1.0,0.0,0.0,0.0,0.0,0.0,0.0,0.0,4.0,0.0,1.0,0.0,2690.0,7713.0,1.0,1.0,0.0,18.0,3.0,4.0,80.0,1.0,1.0,5.0,2.0,1.0,0.0,0.0,1.0,0
37.0,1.0,0.0,0.0,1189.0,1.0,0.0,0.0,3.0,3.0,0.0,0.0,1.0,0.0,0.0,0.0,1.0,152.0,3.0,1.0,87.0,3.0,3.0,0.0,0.0,1.0,0.0,0.0,0.0,0.0,0.0,0.0,4.0,1.0,0.0,0.0,7428.0,14506.0,2.0,1.0,0.0,12.0,3.0,1.0,80.0,0.0,12.0,3.0,3.0,5.0,3.0,1.0,3.0,0
57.0,1.0,0.0,0.0,210.0,1.0,0.0,0.0,29.0,3.0,1.0,0.0,0.0,0.0,0.0,0.0,1.0,568.0,1.0,1.0,56.0,2.0,4.0,1.0,0.0,0.0,0.0,0.0,0.0,0.0,0.0,0.0,4.0,0.0,0.0,1.0,14118.0,22102.0,3.0,1.0,0.0,12.0,3.0,3.0,80.0,1.0,32.0,3.0,2.0,1.0,0.0,0.0,0.0,0
23.0,1.0,0.0,0.0,1309.0,0.0,1.0,0.0,26.0,1.0,0.0,0.0,1.0,0.0,0.0,0.0,1.0,465.0,3.0,1.0,83.0,3.0,1.0,0.0,0.0,0.0,0.0,0.0,1.0,0.0,0.0,0.0,4.0,0.0,0.0,1.0,2904.0,16092.0,1.0,1.0,0.0,12.0,3.0,3.0,80.0,2.0,4.0,2.0,2.0,4.0,2.0,0.0,2.0,0
38.0,1.0,0.0,0.0,1495.0,0.0,1.0,0.0,4.0,2.0,0.0,1.0,0.0,0.0,0.0,0.0,1.0,1687.0,4.0,0.0,87.0,3.0,1.0,0.0,1.0,0.0,0.0,0.0,0.0,0.0,0.0,0.0,3.0,0.0,1.0,0.0,3306.0,26176.0,7.0,1.0,0.0,19.0,3.0,4.0,80.0,1.0,7.0,5.0,2.0,0.0,0.0,0.0,0.0,0
35.0,1.0,0.0,0.0,882.0,1.0,0.0,0.0,3.0,4.0,0.0,0.0,1.0,0.0,0.0,0.0,1.0,984.0,4.0,1.0,92.0,3.0,3.0,0.0,0.0,1.0,0.0,0.0,0.0,0.0,0.0,0.0,4.0,0.0,0.0,1.0,7823.0,6812.0,6.0,1.0,0.0,13.0,3.0,2.0,80.0,1.0,12.0,2.0,3.0,10.0,9.0,0.0,8.0,0
22.0,1.0,0.0,0.0,217.0,0.0,1.0,0.0,8.0,1.0,0.0,0.0,1.0,0.0,0.0,0.0,1.0,1019.0,2.0,1.0,94.0,1.0,1.0,0.0,1.0,0.0,0.0,0.0,0.0,0.0,0.0,0.0,1.0,0.0,1.0,0.0,2451.0,6881.0,1.0,1.0,0.0,15.0,3.0,1.0,80.0,1.0,4.0,3.0,2.0,4.0,3.0,1.0,1.0,0
35.0,0.0,1.0,0.0,146.0,0.0,1.0,0.0,2.0,4.0,0.0,1.0,0.0,0.0,0.0,0.0,1.0,1704.0,1.0,1.0,79.0,2.0,1.0,0.0,0.0,0.0,0.0,0.0,1.0,0.0,0.0,0.0,4.0,1.0,0.0,0.0,4930.0,13970.0,0.0,1.0,1.0,14.0,3.0,3.0,80.0,0.0,6.0,2.0,4.0,5.0,4.0,1.0,4.0,0
55.0,1.0,0.0,0.0,478.0,0.0,1.0,0.0,2.0,3.0,0.0,1.0,0.0,0.0,0.0,0.0,1.0,1770.0,3.0,1.0,60.0,2.0,5.0,0.0,0.0,0.0,0.0,1.0,0.0,0.0,0.0,0.0,1.0,0.0,1.0,0.0,19038.0,19805.0,8.0,1.0,0.0,12.0,3.0,2.0,80.0,3.0,34.0,2.0,3.0,1.0,0.0,0.0,0.0,0
37.0,1.0,0.0,0.0,1141.0,0.0,1.0,0.0,11.0,2.0,0.0,1.0,0.0,0.0,0.0,0.0,1.0,1033.0,1.0,0.0,61.0,1.0,2.0,0.0,0.0,0.0,0.0,0.0,0.0,0.0,1.0,0.0,2.0,0.0,1.0,0.0,4777.0,14382.0,5.0,1.0,0.0,15.0,3.0,1.0,80.0,0.0,15.0,2.0,1.0,1.0,0.0,0.0,0.0,1
30.0,0.0,0.0,1.0,111.0,0.0,1.0,0.0,9.0,3.0,0.0,1.0,0.0,0.0,0.0,0.0,1.0,239.0,3.0,1.0,66.0,3.0,2.0,0.0,1.0,0.0,0.0,0.0,0.0,0.0,0.0,0.0,1.0,0.0,0.0,1.0,3072.0,11012.0,1.0,1.0,0.0,11.0,3.0,3.0,80.0,2.0,12.0,4.0,3.0,12.0,9.0,6.0,10.0,0
41.0,1.0,0.0,0.0,930.0,1.0,0.0,0.0,3.0,3.0,0.0,0.0,1.0,0.0,0.0,0.0,1.0,2037.0,3.0,1.0,57.0,2.0,2.0,0.0,0.0,1.0,0.0,0.0,0.0,0.0,0.0,0.0,2.0,0.0,0.0,1.0,8938.0,12227.0,2.0,1.0,0.0,11.0,3.0,3.0,80.0,1.0,14.0,5.0,3.0,5.0,4.0,0.0,4.0,0
34.0,1.0,0.0,0.0,167.0,0.0,1.0,0.0,8.0,5.0,0.0,0.0,1.0,0.0,0.0,0.0,1.0,775.0,2.0,0.0,32.0,3.0,2.0,0.0,0.0,0.0,1.0,0.0,0.0,0.0,0.0,0.0,1.0,0.0,0.0,1.0,5121.0,4187.0,3.0,1.0,0.0,14.0,3.0,3.0,80.0,1.0,7.0,3.0,3.0,0.0,0.0,0.0,0.0,0
47.0,1.0,0.0,0.0,1454.0,1.0,0.0,0.0,2.0,4.0,0.0,0.0,1.0,0.0,0.0,0.0,1.0,925.0,4.0,0.0,65.0,2.0,1.0,0.0,0.0,0.0,0.0,0.0,0.0,0.0,0.0,1.0,4.0,1.0,0.0,0.0,3294.0,13137.0,1.0,1.0,1.0,18.0,3.0,1.0,80.0,0.0,3.0,3.0,2.0,3.0,2.0,1.0,2.0,0
45.0,0.0,0.0,1.0,336.0,1.0,0.0,0.0,26.0,3.0,1.0,0.0,0.0,0.0,0.0,0.0,1.0,1612.0,1.0,1.0,52.0,2.0,2.0,0.0,0.0,1.0,0.0,0.0,0.0,0.0,0.0,0.0,1.0,0.0,1.0,0.0,4385.0,24162.0,1.0,1.0,0.0,15.0,3.0,1.0,80.0,1.0,10.0,2.0,3.0,10.0,7.0,4.0,5.0,0
38.0,1.0,0.0,0.0,268.0,0.0,1.0,0.0,2.0,5.0,0.0,1.0,0.0,0.0,0.0,0.0,1.0,773.0,4.0,1.0,92.0,3.0,1.0,0.0,0.0,0.0,0.0,0.0,1.0,0.0,0.0,0.0,3.0,0.0,1.0,0.0,3057.0,20471.0,6.0,1.0,1.0,13.0,3.0,2.0,80.0,1.0,6.0,0.0,1.0,1.0,0.0,0.0,1.0,0
28.0,1.0,0.0,0.0,760.0,1.0,0.0,0.0,2.0,4.0,1.0,0.0,0.0,0.0,0.0,0.0,1.0,846.0,2.0,0.0,81.0,3.0,2.0,0.0,0.0,1.0,0.0,0.0,0.0,0.0,0.0,0.0,2.0,0.0,1.0,0.0,4779.0,3698.0,1.0,1.0,1.0,20.0,4.0,1.0,80.0,0.0,8.0,2.0,3.0,8.0,7.0,7.0,5.0,0
45.0,1.0,0.0,0.0,1449.0,1.0,0.0,0.0,2.0,3.0,1.0,0.0,0.0,0.0,0.0,0.0,1.0,1277.0,1.0,0.0,94.0,1.0,5.0,1.0,0.0,0.0,0.0,0.0,0.0,0.0,0.0,0.0,2.0,1.0,0.0,0.0,18824.0,2493.0,2.0,1.0,1.0,16.0,3.0,1.0,80.0,0.0,26.0,2.0,3.0,24.0,10.0,1.0,11.0,1
38.0,1.0,0.0,0.0,362.0,0.0,1.0,0.0,1.0,1.0,0.0,0.0,1.0,0.0,0.0,0.0,1.0,662.0,3.0,0.0,43.0,3.0,1.0,0.0,0.0,0.0,0.0,0.0,1.0,0.0,0.0,0.0,1.0,1.0,0.0,0.0,2619.0,14561.0,3.0,1.0,0.0,17.0,3.0,4.0,80.0,0.0,8.0,3.0,2.0,0.0,0.0,0.0,0.0,0
31.0,1.0,0.0,0.0,202.0,0.0,1.0,0.0,8.0,3.0,0.0,0.0,1.0,0.0,0.0,0.0,1.0,1433.0,1.0,0.0,34.0,2.0,1.0,0.0,0.0,0.0,0.0,0.0,1.0,0.0,0.0,0.0,2.0,1.0,0.0,0.0,1261.0,22262.0,1.0,1.0,0.0,12.0,3.0,3.0,80.0,0.0,1.0,3.0,4.0,1.0,0.0,0.0,0.0,1
36.0,1.0,0.0,0.0,132.0,0.0,1.0,0.0,6.0,3.0,0.0,0.0,1.0,0.0,0.0,0.0,1.0,97.0,2.0,0.0,55.0,4.0,1.0,0.0,1.0,0.0,0.0,0.0,0.0,0.0,0.0,0.0,4.0,0.0,1.0,0.0,3038.0,22002.0,3.0,1.0,0.0,12.0,3.0,2.0,80.0,0.0,5.0,3.0,3.0,1.0,0.0,0.0,0.0,0
39.0,1.0,0.0,0.0,903.0,1.0,0.0,0.0,2.0,5.0,0.0,0.0,1.0,0.0,0.0,0.0,1.0,985.0,1.0,1.0,41.0,4.0,3.0,0.0,0.0,1.0,0.0,0.0,0.0,0.0,0.0,0.0,3.0,1.0,0.0,0.0,7880.0,2560.0,0.0,1.0,0.0,18.0,3.0,4.0,80.0,0.0,9.0,3.0,3.0,8.0,7.0,0.0,7.0,0
34.0,0.0,1.0,0.0,135.0,0.0,1.0,0.0,19.0,3.0,0.0,1.0,0.0,0.0,0.0,0.0,1.0,1285.0,3.0,0.0,46.0,3.0,2.0,0.0,1.0,0.0,0.0,0.0,0.0,0.0,0.0,0.0,2.0,0.0,0.0,1.0,4444.0,22534.0,4.0,1.0,0.0,13.0,3.0,3.0,80.0,2.0,15.0,2.0,4.0,11.0,8.0,5.0,10.0,0
48.0,1.0,0.0,0.0,817.0,1.0,0.0,0.0,2.0,1.0,1.0,0.0,0.0,0.0,0.0,0.0,1.0,712.0,2.0,1.0,56.0,4.0,2.0,0.0,0.0,1.0,0.0,0.0,0.0,0.0,0.0,0.0,2.0,0.0,1.0,0.0,8120.0,18597.0,3.0,1.0,0.0,12.0,3.0,4.0,80.0,0.0,12.0,3.0,3.0,2.0,2.0,2.0,2.0,0
44.0,0.0,1.0,0.0,429.0,0.0,1.0,0.0,1.0,2.0,0.0,1.0,0.0,0.0,0.0,0.0,1.0,1792.0,3.0,1.0,99.0,3.0,1.0,0.0,0.0,0.0,0.0,0.0,1.0,0.0,0.0,0.0,2.0,0.0,0.0,1.0,2342.0,11092.0,1.0,1.0,1.0,12.0,3.0,3.0,80.0,3.0,6.0,2.0,2.0,5.0,3.0,2.0,3.0,1
38.0,0.0,1.0,0.0,508.0,0.0,1.0,0.0,6.0,4.0,0.0,0.0,1.0,0.0,0.0,0.0,1.0,1997.0,1.0,1.0,72.0,2.0,2.0,0.0,0.0,0.0,1.0,0.0,0.0,0.0,0.0,0.0,3.0,0.0,1.0,0.0,5321.0,14284.0,2.0,1.0,0.0,11.0,3.0,4.0,80.0,1.0,10.0,1.0,3.0,8.0,3.0,7.0,7.0,0
27.0,1.0,0.0,0.0,155.0,0.0,1.0,0.0,4.0,3.0,0.0,0.0,1.0,0.0,0.0,0.0,1.0,2064.0,2.0,1.0,87.0,4.0,2.0,0.0,0.0,0.0,1.0,0.0,0.0,0.0,0.0,0.0,2.0,0.0,1.0,0.0,6142.0,5174.0,1.0,1.0,1.0,20.0,4.0,2.0,80.0,1.0,6.0,0.0,3.0,6.0,2.0,0.0,3.0,0
33.0,1.0,0.0,0.0,813.0,0.0,1.0,0.0,14.0,3.0,0.0,1.0,0.0,0.0,0.0,0.0,1.0,325.0,3.0,1.0,58.0,3.0,1.0,0.0,1.0,0.0,0.0,0.0,0.0,0.0,0.0,0.0,4.0,0.0,1.0,0.0,2436.0,22149.0,5.0,1.0,1.0,13.0,3.0,3.0,80.0,1.0,8.0,2.0,1.0,5.0,4.0,0.0,4.0,1
36.0,1.0,0.0,0.0,852.0,0.0,1.0,0.0,5.0,4.0,0.0,0.0,1.0,0.0,0.0,0.0,1.0,51.0,2.0,0.0,82.0,2.0,1.0,0.0,0.0,0.0,0.0,0.0,1.0,0.0,0.0,0.0,1.0,0.0,1.0,0.0,3419.0,13072.0,9.0,1.0,1.0,14.0,3.0,4.0,80.0,1.0,6.0,3.0,4.0,1.0,1.0,0.0,0.0,0
